<?xml version="1.0" encoding="UTF-8"?>
<gpx xmlns="http://www.topografix.com/GPX/1/1" xmlns:xsi="http://www.w3.org/2001/XMLSchema-instance" version="1.1" creator="Trace de Trail" xsi:schemaLocation="http://www.topografix.com/GPX/1/1 http://www.topografix.com/GPX/1/1/gpx.xsd">
  <metadata>
    <name>Desafio Bella Vista 21K</name>
    <desc>Parcours créé sur Trace de Trail</desc>
    <link href="https://tracedetrail.fr/fr/trace/347114">
      <text>Cartographie du parcours</text>
    </link>
    <time>2026-07-26T04:23:11+00:00</time>
  </metadata>
  <trk>
    <name>Desafio Bella Vista 21K sur TraceDeTrail.fr</name>
    <src>Trace de Trail</src>
    <trkseg>
      <trkpt lat="-28.17681" lon="-65.88259">
        <ele>1423</ele>
        <time>2026-07-26T04:23:11+00:00</time>
      </trkpt>
      <trkpt lat="-28.17683" lon="-65.88268">
        <ele>1423</ele>
        <time>2026-07-26T04:23:14+00:00</time>
      </trkpt>
      <trkpt lat="-28.1768" lon="-65.88271">
        <ele>1424</ele>
        <time>2026-07-26T04:23:17+00:00</time>
      </trkpt>
      <trkpt lat="-28.17675" lon="-65.88274">
        <ele>1424</ele>
        <time>2026-07-26T04:23:20+00:00</time>
      </trkpt>
      <trkpt lat="-28.17667" lon="-65.88279">
        <ele>1425</ele>
        <time>2026-07-26T04:23:23+00:00</time>
      </trkpt>
      <trkpt lat="-28.17657" lon="-65.88284">
        <ele>1426</ele>
        <time>2026-07-26T04:23:26+00:00</time>
      </trkpt>
      <trkpt lat="-28.17632" lon="-65.88298">
        <ele>1428</ele>
        <time>2026-07-26T04:23:29+00:00</time>
      </trkpt>
      <trkpt lat="-28.17598" lon="-65.88323">
        <ele>1431</ele>
        <time>2026-07-26T04:23:32+00:00</time>
      </trkpt>
      <trkpt lat="-28.17589" lon="-65.88328">
        <ele>1432</ele>
        <time>2026-07-26T04:23:35+00:00</time>
      </trkpt>
      <trkpt lat="-28.17564" lon="-65.8835">
        <ele>1434</ele>
        <time>2026-07-26T04:23:38+00:00</time>
      </trkpt>
      <trkpt lat="-28.17561" lon="-65.8836">
        <ele>1435</ele>
        <time>2026-07-26T04:23:41+00:00</time>
      </trkpt>
      <trkpt lat="-28.17551" lon="-65.88368">
        <ele>1436</ele>
        <time>2026-07-26T04:23:44+00:00</time>
      </trkpt>
      <trkpt lat="-28.17545" lon="-65.88375">
        <ele>1436</ele>
        <time>2026-07-26T04:23:47+00:00</time>
      </trkpt>
      <trkpt lat="-28.17529" lon="-65.88386">
        <ele>1438</ele>
        <time>2026-07-26T04:23:50+00:00</time>
      </trkpt>
      <trkpt lat="-28.17515" lon="-65.884">
        <ele>1439</ele>
        <time>2026-07-26T04:23:53+00:00</time>
      </trkpt>
      <trkpt lat="-28.1751" lon="-65.88403">
        <ele>1440</ele>
        <time>2026-07-26T04:23:56+00:00</time>
      </trkpt>
      <trkpt lat="-28.17501" lon="-65.88411">
        <ele>1441</ele>
        <time>2026-07-26T04:23:59+00:00</time>
      </trkpt>
      <trkpt lat="-28.17492" lon="-65.88414">
        <ele>1442</ele>
        <time>2026-07-26T04:24:02+00:00</time>
      </trkpt>
      <trkpt lat="-28.17489" lon="-65.88414">
        <ele>1442</ele>
        <time>2026-07-26T04:24:05+00:00</time>
      </trkpt>
      <trkpt lat="-28.17482" lon="-65.88406">
        <ele>1442</ele>
        <time>2026-07-26T04:24:08+00:00</time>
      </trkpt>
      <trkpt lat="-28.17467" lon="-65.88387">
        <ele>1442</ele>
        <time>2026-07-26T04:24:11+00:00</time>
      </trkpt>
      <trkpt lat="-28.17462" lon="-65.8838">
        <ele>1442</ele>
        <time>2026-07-26T04:24:14+00:00</time>
      </trkpt>
      <trkpt lat="-28.17436" lon="-65.88365">
        <ele>1444</ele>
        <time>2026-07-26T04:24:17+00:00</time>
      </trkpt>
      <trkpt lat="-28.17428" lon="-65.8836">
        <ele>1444</ele>
        <time>2026-07-26T04:24:20+00:00</time>
      </trkpt>
      <trkpt lat="-28.17416" lon="-65.88359">
        <ele>1445</ele>
        <time>2026-07-26T04:24:23+00:00</time>
      </trkpt>
      <trkpt lat="-28.17401" lon="-65.88358">
        <ele>1446</ele>
        <time>2026-07-26T04:24:26+00:00</time>
      </trkpt>
      <trkpt lat="-28.17389" lon="-65.88357">
        <ele>1446</ele>
        <time>2026-07-26T04:24:29+00:00</time>
      </trkpt>
      <trkpt lat="-28.17376" lon="-65.88354">
        <ele>1447</ele>
        <time>2026-07-26T04:24:32+00:00</time>
      </trkpt>
      <trkpt lat="-28.17369" lon="-65.88354">
        <ele>1448</ele>
        <time>2026-07-26T04:24:35+00:00</time>
      </trkpt>
      <trkpt lat="-28.17359" lon="-65.88355">
        <ele>1448</ele>
        <time>2026-07-26T04:24:38+00:00</time>
      </trkpt>
      <trkpt lat="-28.17347" lon="-65.88359">
        <ele>1449</ele>
        <time>2026-07-26T04:24:41+00:00</time>
      </trkpt>
      <trkpt lat="-28.17329" lon="-65.8836">
        <ele>1450</ele>
        <time>2026-07-26T04:24:44+00:00</time>
      </trkpt>
      <trkpt lat="-28.17318" lon="-65.88365">
        <ele>1451</ele>
        <time>2026-07-26T04:24:47+00:00</time>
      </trkpt>
      <trkpt lat="-28.17315" lon="-65.88368">
        <ele>1451</ele>
        <time>2026-07-26T04:24:50+00:00</time>
      </trkpt>
      <trkpt lat="-28.17315" lon="-65.88372">
        <ele>1452</ele>
        <time>2026-07-26T04:24:53+00:00</time>
      </trkpt>
      <trkpt lat="-28.17315" lon="-65.88378">
        <ele>1452</ele>
        <time>2026-07-26T04:24:56+00:00</time>
      </trkpt>
      <trkpt lat="-28.17318" lon="-65.88383">
        <ele>1453</ele>
        <time>2026-07-26T04:24:59+00:00</time>
      </trkpt>
      <trkpt lat="-28.17323" lon="-65.88386">
        <ele>1453</ele>
        <time>2026-07-26T04:25:02+00:00</time>
      </trkpt>
      <trkpt lat="-28.17326" lon="-65.88386">
        <ele>1453</ele>
        <time>2026-07-26T04:25:05+00:00</time>
      </trkpt>
      <trkpt lat="-28.17336" lon="-65.88381">
        <ele>1454</ele>
        <time>2026-07-26T04:25:08+00:00</time>
      </trkpt>
      <trkpt lat="-28.17346" lon="-65.88379">
        <ele>1455</ele>
        <time>2026-07-26T04:25:11+00:00</time>
      </trkpt>
      <trkpt lat="-28.17349" lon="-65.8838">
        <ele>1455</ele>
        <time>2026-07-26T04:25:14+00:00</time>
      </trkpt>
      <trkpt lat="-28.17363" lon="-65.88383">
        <ele>1456</ele>
        <time>2026-07-26T04:25:17+00:00</time>
      </trkpt>
      <trkpt lat="-28.17366" lon="-65.88384">
        <ele>1456</ele>
        <time>2026-07-26T04:25:20+00:00</time>
      </trkpt>
      <trkpt lat="-28.1737" lon="-65.88387">
        <ele>1456</ele>
        <time>2026-07-26T04:25:23+00:00</time>
      </trkpt>
      <trkpt lat="-28.17375" lon="-65.88397">
        <ele>1457</ele>
        <time>2026-07-26T04:25:26+00:00</time>
      </trkpt>
      <trkpt lat="-28.17377" lon="-65.88411">
        <ele>1457</ele>
        <time>2026-07-26T04:25:29+00:00</time>
      </trkpt>
      <trkpt lat="-28.17378" lon="-65.88431">
        <ele>1458</ele>
        <time>2026-07-26T04:25:32+00:00</time>
      </trkpt>
      <trkpt lat="-28.17371" lon="-65.88454">
        <ele>1460</ele>
        <time>2026-07-26T04:25:35+00:00</time>
      </trkpt>
      <trkpt lat="-28.17362" lon="-65.88463">
        <ele>1461</ele>
        <time>2026-07-26T04:25:38+00:00</time>
      </trkpt>
      <trkpt lat="-28.17354" lon="-65.88461">
        <ele>1461</ele>
        <time>2026-07-26T04:25:41+00:00</time>
      </trkpt>
      <trkpt lat="-28.17348" lon="-65.88452">
        <ele>1462</ele>
        <time>2026-07-26T04:25:44+00:00</time>
      </trkpt>
      <trkpt lat="-28.17348" lon="-65.88439">
        <ele>1463</ele>
        <time>2026-07-26T04:25:47+00:00</time>
      </trkpt>
      <trkpt lat="-28.17343" lon="-65.88429">
        <ele>1464</ele>
        <time>2026-07-26T04:25:50+00:00</time>
      </trkpt>
      <trkpt lat="-28.17339" lon="-65.88427">
        <ele>1464</ele>
        <time>2026-07-26T04:25:53+00:00</time>
      </trkpt>
      <trkpt lat="-28.17336" lon="-65.88426">
        <ele>1464</ele>
        <time>2026-07-26T04:25:56+00:00</time>
      </trkpt>
      <trkpt lat="-28.17334" lon="-65.88426">
        <ele>1464</ele>
        <time>2026-07-26T04:25:59+00:00</time>
      </trkpt>
      <trkpt lat="-28.17316" lon="-65.88432">
        <ele>1465</ele>
        <time>2026-07-26T04:26:02+00:00</time>
      </trkpt>
      <trkpt lat="-28.17301" lon="-65.88435">
        <ele>1465</ele>
        <time>2026-07-26T04:26:05+00:00</time>
      </trkpt>
      <trkpt lat="-28.17292" lon="-65.88437">
        <ele>1465</ele>
        <time>2026-07-26T04:26:08+00:00</time>
      </trkpt>
      <trkpt lat="-28.17284" lon="-65.88438">
        <ele>1466</ele>
        <time>2026-07-26T04:26:11+00:00</time>
      </trkpt>
      <trkpt lat="-28.17261" lon="-65.88446">
        <ele>1467</ele>
        <time>2026-07-26T04:26:14+00:00</time>
      </trkpt>
      <trkpt lat="-28.17254" lon="-65.88447">
        <ele>1467</ele>
        <time>2026-07-26T04:26:17+00:00</time>
      </trkpt>
      <trkpt lat="-28.17251" lon="-65.88449">
        <ele>1467</ele>
        <time>2026-07-26T04:26:20+00:00</time>
      </trkpt>
      <trkpt lat="-28.17236" lon="-65.88463">
        <ele>1468</ele>
        <time>2026-07-26T04:26:23+00:00</time>
      </trkpt>
      <trkpt lat="-28.17228" lon="-65.88471">
        <ele>1468</ele>
        <time>2026-07-26T04:26:26+00:00</time>
      </trkpt>
      <trkpt lat="-28.17219" lon="-65.88478">
        <ele>1469</ele>
        <time>2026-07-26T04:26:29+00:00</time>
      </trkpt>
      <trkpt lat="-28.1721" lon="-65.88482">
        <ele>1469</ele>
        <time>2026-07-26T04:26:32+00:00</time>
      </trkpt>
      <trkpt lat="-28.17201" lon="-65.88487">
        <ele>1470</ele>
        <time>2026-07-26T04:26:35+00:00</time>
      </trkpt>
      <trkpt lat="-28.17195" lon="-65.88489">
        <ele>1470</ele>
        <time>2026-07-26T04:26:38+00:00</time>
      </trkpt>
      <trkpt lat="-28.17183" lon="-65.88496">
        <ele>1471</ele>
        <time>2026-07-26T04:26:41+00:00</time>
      </trkpt>
      <trkpt lat="-28.1718" lon="-65.88497">
        <ele>1471</ele>
        <time>2026-07-26T04:26:44+00:00</time>
      </trkpt>
      <trkpt lat="-28.17176" lon="-65.885">
        <ele>1471</ele>
        <time>2026-07-26T04:26:47+00:00</time>
      </trkpt>
      <trkpt lat="-28.17173" lon="-65.88505">
        <ele>1472</ele>
        <time>2026-07-26T04:26:50+00:00</time>
      </trkpt>
      <trkpt lat="-28.17167" lon="-65.88508">
        <ele>1472</ele>
        <time>2026-07-26T04:26:53+00:00</time>
      </trkpt>
      <trkpt lat="-28.17165" lon="-65.88511">
        <ele>1472</ele>
        <time>2026-07-26T04:26:56+00:00</time>
      </trkpt>
      <trkpt lat="-28.1716" lon="-65.88517">
        <ele>1472</ele>
        <time>2026-07-26T04:26:59+00:00</time>
      </trkpt>
      <trkpt lat="-28.17157" lon="-65.88519">
        <ele>1472</ele>
        <time>2026-07-26T04:27:02+00:00</time>
      </trkpt>
      <trkpt lat="-28.17155" lon="-65.88519">
        <ele>1473</ele>
        <time>2026-07-26T04:27:05+00:00</time>
      </trkpt>
      <trkpt lat="-28.17153" lon="-65.88521">
        <ele>1473</ele>
        <time>2026-07-26T04:27:08+00:00</time>
      </trkpt>
      <trkpt lat="-28.17147" lon="-65.88525">
        <ele>1473</ele>
        <time>2026-07-26T04:27:11+00:00</time>
      </trkpt>
      <trkpt lat="-28.17146" lon="-65.88527">
        <ele>1473</ele>
        <time>2026-07-26T04:27:14+00:00</time>
      </trkpt>
      <trkpt lat="-28.17121" lon="-65.88545">
        <ele>1474</ele>
        <time>2026-07-26T04:27:17+00:00</time>
      </trkpt>
      <trkpt lat="-28.17115" lon="-65.88553">
        <ele>1474</ele>
        <time>2026-07-26T04:27:20+00:00</time>
      </trkpt>
      <trkpt lat="-28.17108" lon="-65.8856">
        <ele>1474</ele>
        <time>2026-07-26T04:27:23+00:00</time>
      </trkpt>
      <trkpt lat="-28.17099" lon="-65.88567">
        <ele>1475</ele>
        <time>2026-07-26T04:27:26+00:00</time>
      </trkpt>
      <trkpt lat="-28.17088" lon="-65.88577">
        <ele>1476</ele>
        <time>2026-07-26T04:27:29+00:00</time>
      </trkpt>
      <trkpt lat="-28.17085" lon="-65.88582">
        <ele>1476</ele>
        <time>2026-07-26T04:27:32+00:00</time>
      </trkpt>
      <trkpt lat="-28.17077" lon="-65.8859">
        <ele>1477</ele>
        <time>2026-07-26T04:27:35+00:00</time>
      </trkpt>
      <trkpt lat="-28.17066" lon="-65.88604">
        <ele>1478</ele>
        <time>2026-07-26T04:27:38+00:00</time>
      </trkpt>
      <trkpt lat="-28.17058" lon="-65.88607">
        <ele>1479</ele>
        <time>2026-07-26T04:27:41+00:00</time>
      </trkpt>
      <trkpt lat="-28.17052" lon="-65.88614">
        <ele>1480</ele>
        <time>2026-07-26T04:27:44+00:00</time>
      </trkpt>
      <trkpt lat="-28.1705" lon="-65.88616">
        <ele>1480</ele>
        <time>2026-07-26T04:27:47+00:00</time>
      </trkpt>
      <trkpt lat="-28.17048" lon="-65.88621">
        <ele>1480</ele>
        <time>2026-07-26T04:27:50+00:00</time>
      </trkpt>
      <trkpt lat="-28.17048" lon="-65.88626">
        <ele>1480</ele>
        <time>2026-07-26T04:27:53+00:00</time>
      </trkpt>
      <trkpt lat="-28.17047" lon="-65.88629">
        <ele>1481</ele>
        <time>2026-07-26T04:27:56+00:00</time>
      </trkpt>
      <trkpt lat="-28.1704" lon="-65.88639">
        <ele>1481</ele>
        <time>2026-07-26T04:27:59+00:00</time>
      </trkpt>
      <trkpt lat="-28.17035" lon="-65.88656">
        <ele>1482</ele>
        <time>2026-07-26T04:28:02+00:00</time>
      </trkpt>
      <trkpt lat="-28.17025" lon="-65.88672">
        <ele>1483</ele>
        <time>2026-07-26T04:28:05+00:00</time>
      </trkpt>
      <trkpt lat="-28.17022" lon="-65.88681">
        <ele>1484</ele>
        <time>2026-07-26T04:28:08+00:00</time>
      </trkpt>
      <trkpt lat="-28.17016" lon="-65.88693">
        <ele>1485</ele>
        <time>2026-07-26T04:28:11+00:00</time>
      </trkpt>
      <trkpt lat="-28.17014" lon="-65.88696">
        <ele>1485</ele>
        <time>2026-07-26T04:28:14+00:00</time>
      </trkpt>
      <trkpt lat="-28.17009" lon="-65.88701">
        <ele>1485</ele>
        <time>2026-07-26T04:28:17+00:00</time>
      </trkpt>
      <trkpt lat="-28.17003" lon="-65.88705">
        <ele>1486</ele>
        <time>2026-07-26T04:28:20+00:00</time>
      </trkpt>
      <trkpt lat="-28.16992" lon="-65.88708">
        <ele>1487</ele>
        <time>2026-07-26T04:28:23+00:00</time>
      </trkpt>
      <trkpt lat="-28.16988" lon="-65.88708">
        <ele>1487</ele>
        <time>2026-07-26T04:28:26+00:00</time>
      </trkpt>
      <trkpt lat="-28.16979" lon="-65.88705">
        <ele>1488</ele>
        <time>2026-07-26T04:28:29+00:00</time>
      </trkpt>
      <trkpt lat="-28.1697" lon="-65.88704">
        <ele>1488</ele>
        <time>2026-07-26T04:28:32+00:00</time>
      </trkpt>
      <trkpt lat="-28.1696" lon="-65.887">
        <ele>1489</ele>
        <time>2026-07-26T04:28:35+00:00</time>
      </trkpt>
      <trkpt lat="-28.16951" lon="-65.88693">
        <ele>1490</ele>
        <time>2026-07-26T04:28:38+00:00</time>
      </trkpt>
      <trkpt lat="-28.16941" lon="-65.88687">
        <ele>1491</ele>
        <time>2026-07-26T04:28:41+00:00</time>
      </trkpt>
      <trkpt lat="-28.1692" lon="-65.88687">
        <ele>1492</ele>
        <time>2026-07-26T04:28:44+00:00</time>
      </trkpt>
      <trkpt lat="-28.16917" lon="-65.88686">
        <ele>1492</ele>
        <time>2026-07-26T04:28:47+00:00</time>
      </trkpt>
      <trkpt lat="-28.16905" lon="-65.88688">
        <ele>1493</ele>
        <time>2026-07-26T04:28:50+00:00</time>
      </trkpt>
      <trkpt lat="-28.16896" lon="-65.88689">
        <ele>1494</ele>
        <time>2026-07-26T04:28:53+00:00</time>
      </trkpt>
      <trkpt lat="-28.16886" lon="-65.88691">
        <ele>1494</ele>
        <time>2026-07-26T04:28:56+00:00</time>
      </trkpt>
      <trkpt lat="-28.16868" lon="-65.88697">
        <ele>1495</ele>
        <time>2026-07-26T04:28:59+00:00</time>
      </trkpt>
      <trkpt lat="-28.16859" lon="-65.88701">
        <ele>1496</ele>
        <time>2026-07-26T04:29:02+00:00</time>
      </trkpt>
      <trkpt lat="-28.16849" lon="-65.88702">
        <ele>1496</ele>
        <time>2026-07-26T04:29:05+00:00</time>
      </trkpt>
      <trkpt lat="-28.1684" lon="-65.88703">
        <ele>1497</ele>
        <time>2026-07-26T04:29:08+00:00</time>
      </trkpt>
      <trkpt lat="-28.16827" lon="-65.88704">
        <ele>1497</ele>
        <time>2026-07-26T04:29:11+00:00</time>
      </trkpt>
      <trkpt lat="-28.16818" lon="-65.88702">
        <ele>1498</ele>
        <time>2026-07-26T04:29:14+00:00</time>
      </trkpt>
      <trkpt lat="-28.168" lon="-65.88698">
        <ele>1499</ele>
        <time>2026-07-26T04:29:17+00:00</time>
      </trkpt>
      <trkpt lat="-28.16792" lon="-65.887">
        <ele>1499</ele>
        <time>2026-07-26T04:29:20+00:00</time>
      </trkpt>
      <trkpt lat="-28.16788" lon="-65.887">
        <ele>1500</ele>
        <time>2026-07-26T04:29:23+00:00</time>
      </trkpt>
      <trkpt lat="-28.16776" lon="-65.88704">
        <ele>1500</ele>
        <time>2026-07-26T04:29:26+00:00</time>
      </trkpt>
      <trkpt lat="-28.16765" lon="-65.88711">
        <ele>1501</ele>
        <time>2026-07-26T04:29:29+00:00</time>
      </trkpt>
      <trkpt lat="-28.16741" lon="-65.88729">
        <ele>1502</ele>
        <time>2026-07-26T04:29:32+00:00</time>
      </trkpt>
      <trkpt lat="-28.16728" lon="-65.88737">
        <ele>1503</ele>
        <time>2026-07-26T04:29:35+00:00</time>
      </trkpt>
      <trkpt lat="-28.16716" lon="-65.88742">
        <ele>1504</ele>
        <time>2026-07-26T04:29:38+00:00</time>
      </trkpt>
      <trkpt lat="-28.16711" lon="-65.88745">
        <ele>1504</ele>
        <time>2026-07-26T04:29:41+00:00</time>
      </trkpt>
      <trkpt lat="-28.16706" lon="-65.88746">
        <ele>1505</ele>
        <time>2026-07-26T04:29:44+00:00</time>
      </trkpt>
      <trkpt lat="-28.16698" lon="-65.88752">
        <ele>1505</ele>
        <time>2026-07-26T04:29:47+00:00</time>
      </trkpt>
      <trkpt lat="-28.16689" lon="-65.88756">
        <ele>1506</ele>
        <time>2026-07-26T04:29:50+00:00</time>
      </trkpt>
      <trkpt lat="-28.16679" lon="-65.88763">
        <ele>1506</ele>
        <time>2026-07-26T04:29:53+00:00</time>
      </trkpt>
      <trkpt lat="-28.16672" lon="-65.88766">
        <ele>1507</ele>
        <time>2026-07-26T04:29:56+00:00</time>
      </trkpt>
      <trkpt lat="-28.16656" lon="-65.88767">
        <ele>1507</ele>
        <time>2026-07-26T04:29:59+00:00</time>
      </trkpt>
      <trkpt lat="-28.16653" lon="-65.88769">
        <ele>1507</ele>
        <time>2026-07-26T04:30:02+00:00</time>
      </trkpt>
      <trkpt lat="-28.16651" lon="-65.88772">
        <ele>1508</ele>
        <time>2026-07-26T04:30:05+00:00</time>
      </trkpt>
      <trkpt lat="-28.16648" lon="-65.88773">
        <ele>1508</ele>
        <time>2026-07-26T04:30:08+00:00</time>
      </trkpt>
      <trkpt lat="-28.16644" lon="-65.88773">
        <ele>1508</ele>
        <time>2026-07-26T04:30:11+00:00</time>
      </trkpt>
      <trkpt lat="-28.16638" lon="-65.8877">
        <ele>1508</ele>
        <time>2026-07-26T04:30:14+00:00</time>
      </trkpt>
      <trkpt lat="-28.16629" lon="-65.88769">
        <ele>1508</ele>
        <time>2026-07-26T04:30:17+00:00</time>
      </trkpt>
      <trkpt lat="-28.16619" lon="-65.88764">
        <ele>1508</ele>
        <time>2026-07-26T04:30:20+00:00</time>
      </trkpt>
      <trkpt lat="-28.1661" lon="-65.88763">
        <ele>1508</ele>
        <time>2026-07-26T04:30:23+00:00</time>
      </trkpt>
      <trkpt lat="-28.166" lon="-65.88758">
        <ele>1508</ele>
        <time>2026-07-26T04:30:26+00:00</time>
      </trkpt>
      <trkpt lat="-28.16591" lon="-65.88753">
        <ele>1509</ele>
        <time>2026-07-26T04:30:29+00:00</time>
      </trkpt>
      <trkpt lat="-28.16582" lon="-65.88752">
        <ele>1509</ele>
        <time>2026-07-26T04:30:32+00:00</time>
      </trkpt>
      <trkpt lat="-28.16571" lon="-65.88755">
        <ele>1509</ele>
        <time>2026-07-26T04:30:35+00:00</time>
      </trkpt>
      <trkpt lat="-28.16561" lon="-65.88759">
        <ele>1509</ele>
        <time>2026-07-26T04:30:38+00:00</time>
      </trkpt>
      <trkpt lat="-28.1655" lon="-65.88767">
        <ele>1509</ele>
        <time>2026-07-26T04:30:41+00:00</time>
      </trkpt>
      <trkpt lat="-28.16544" lon="-65.88766">
        <ele>1509</ele>
        <time>2026-07-26T04:30:44+00:00</time>
      </trkpt>
      <trkpt lat="-28.16528" lon="-65.88762">
        <ele>1509</ele>
        <time>2026-07-26T04:30:47+00:00</time>
      </trkpt>
      <trkpt lat="-28.16508" lon="-65.88763">
        <ele>1509</ele>
        <time>2026-07-26T04:30:50+00:00</time>
      </trkpt>
      <trkpt lat="-28.16498" lon="-65.88762">
        <ele>1509</ele>
        <time>2026-07-26T04:30:53+00:00</time>
      </trkpt>
      <trkpt lat="-28.16489" lon="-65.88763">
        <ele>1508</ele>
        <time>2026-07-26T04:30:56+00:00</time>
      </trkpt>
      <trkpt lat="-28.16478" lon="-65.88766">
        <ele>1508</ele>
        <time>2026-07-26T04:30:59+00:00</time>
      </trkpt>
      <trkpt lat="-28.16468" lon="-65.88768">
        <ele>1508</ele>
        <time>2026-07-26T04:31:02+00:00</time>
      </trkpt>
      <trkpt lat="-28.1646" lon="-65.8877">
        <ele>1508</ele>
        <time>2026-07-26T04:31:05+00:00</time>
      </trkpt>
      <trkpt lat="-28.16439" lon="-65.88776">
        <ele>1509</ele>
        <time>2026-07-26T04:31:08+00:00</time>
      </trkpt>
      <trkpt lat="-28.16424" lon="-65.88782">
        <ele>1509</ele>
        <time>2026-07-26T04:31:11+00:00</time>
      </trkpt>
      <trkpt lat="-28.16414" lon="-65.88784">
        <ele>1509</ele>
        <time>2026-07-26T04:31:14+00:00</time>
      </trkpt>
      <trkpt lat="-28.16394" lon="-65.88776">
        <ele>1509</ele>
        <time>2026-07-26T04:31:17+00:00</time>
      </trkpt>
      <trkpt lat="-28.16366" lon="-65.88767">
        <ele>1509</ele>
        <time>2026-07-26T04:31:20+00:00</time>
      </trkpt>
      <trkpt lat="-28.16345" lon="-65.88766">
        <ele>1509</ele>
        <time>2026-07-26T04:31:23+00:00</time>
      </trkpt>
      <trkpt lat="-28.16336" lon="-65.88763">
        <ele>1509</ele>
        <time>2026-07-26T04:31:26+00:00</time>
      </trkpt>
      <trkpt lat="-28.16327" lon="-65.88761">
        <ele>1509</ele>
        <time>2026-07-26T04:31:29+00:00</time>
      </trkpt>
      <trkpt lat="-28.16308" lon="-65.88762">
        <ele>1509</ele>
        <time>2026-07-26T04:31:32+00:00</time>
      </trkpt>
      <trkpt lat="-28.16299" lon="-65.88764">
        <ele>1509</ele>
        <time>2026-07-26T04:31:35+00:00</time>
      </trkpt>
      <trkpt lat="-28.16288" lon="-65.88765">
        <ele>1509</ele>
        <time>2026-07-26T04:31:38+00:00</time>
      </trkpt>
      <trkpt lat="-28.16279" lon="-65.88769">
        <ele>1509</ele>
        <time>2026-07-26T04:31:41+00:00</time>
      </trkpt>
      <trkpt lat="-28.16271" lon="-65.88774">
        <ele>1509</ele>
        <time>2026-07-26T04:31:44+00:00</time>
      </trkpt>
      <trkpt lat="-28.16261" lon="-65.88781">
        <ele>1509</ele>
        <time>2026-07-26T04:31:47+00:00</time>
      </trkpt>
      <trkpt lat="-28.16253" lon="-65.88787">
        <ele>1509</ele>
        <time>2026-07-26T04:31:50+00:00</time>
      </trkpt>
      <trkpt lat="-28.16245" lon="-65.88795">
        <ele>1509</ele>
        <time>2026-07-26T04:31:53+00:00</time>
      </trkpt>
      <trkpt lat="-28.16236" lon="-65.88801">
        <ele>1509</ele>
        <time>2026-07-26T04:31:56+00:00</time>
      </trkpt>
      <trkpt lat="-28.16226" lon="-65.88802">
        <ele>1509</ele>
        <time>2026-07-26T04:31:59+00:00</time>
      </trkpt>
      <trkpt lat="-28.16216" lon="-65.888">
        <ele>1509</ele>
        <time>2026-07-26T04:32:02+00:00</time>
      </trkpt>
      <trkpt lat="-28.16207" lon="-65.88797">
        <ele>1509</ele>
        <time>2026-07-26T04:32:05+00:00</time>
      </trkpt>
      <trkpt lat="-28.16184" lon="-65.88776">
        <ele>1509</ele>
        <time>2026-07-26T04:32:08+00:00</time>
      </trkpt>
      <trkpt lat="-28.16176" lon="-65.88772">
        <ele>1510</ele>
        <time>2026-07-26T04:32:11+00:00</time>
      </trkpt>
      <trkpt lat="-28.16167" lon="-65.88764">
        <ele>1510</ele>
        <time>2026-07-26T04:32:14+00:00</time>
      </trkpt>
      <trkpt lat="-28.16157" lon="-65.88758">
        <ele>1510</ele>
        <time>2026-07-26T04:32:17+00:00</time>
      </trkpt>
      <trkpt lat="-28.16146" lon="-65.88757">
        <ele>1510</ele>
        <time>2026-07-26T04:32:20+00:00</time>
      </trkpt>
      <trkpt lat="-28.16135" lon="-65.88756">
        <ele>1510</ele>
        <time>2026-07-26T04:32:23+00:00</time>
      </trkpt>
      <trkpt lat="-28.16108" lon="-65.88765">
        <ele>1510</ele>
        <time>2026-07-26T04:32:26+00:00</time>
      </trkpt>
      <trkpt lat="-28.16088" lon="-65.88765">
        <ele>1510</ele>
        <time>2026-07-26T04:32:29+00:00</time>
      </trkpt>
      <trkpt lat="-28.16068" lon="-65.88768">
        <ele>1510</ele>
        <time>2026-07-26T04:32:32+00:00</time>
      </trkpt>
      <trkpt lat="-28.16051" lon="-65.88772">
        <ele>1511</ele>
        <time>2026-07-26T04:32:35+00:00</time>
      </trkpt>
      <trkpt lat="-28.1604" lon="-65.88773">
        <ele>1511</ele>
        <time>2026-07-26T04:32:38+00:00</time>
      </trkpt>
      <trkpt lat="-28.16036" lon="-65.88772">
        <ele>1511</ele>
        <time>2026-07-26T04:32:41+00:00</time>
      </trkpt>
      <trkpt lat="-28.16011" lon="-65.88777">
        <ele>1512</ele>
        <time>2026-07-26T04:32:44+00:00</time>
      </trkpt>
      <trkpt lat="-28.15999" lon="-65.88779">
        <ele>1513</ele>
        <time>2026-07-26T04:32:47+00:00</time>
      </trkpt>
      <trkpt lat="-28.15968" lon="-65.88779">
        <ele>1514</ele>
        <time>2026-07-26T04:32:50+00:00</time>
      </trkpt>
      <trkpt lat="-28.15952" lon="-65.88783">
        <ele>1515</ele>
        <time>2026-07-26T04:32:53+00:00</time>
      </trkpt>
      <trkpt lat="-28.15946" lon="-65.88783">
        <ele>1515</ele>
        <time>2026-07-26T04:32:56+00:00</time>
      </trkpt>
      <trkpt lat="-28.15932" lon="-65.88786">
        <ele>1516</ele>
        <time>2026-07-26T04:32:59+00:00</time>
      </trkpt>
      <trkpt lat="-28.15926" lon="-65.88787">
        <ele>1516</ele>
        <time>2026-07-26T04:33:02+00:00</time>
      </trkpt>
      <trkpt lat="-28.1592" lon="-65.8879">
        <ele>1517</ele>
        <time>2026-07-26T04:33:05+00:00</time>
      </trkpt>
      <trkpt lat="-28.15917" lon="-65.88792">
        <ele>1517</ele>
        <time>2026-07-26T04:33:08+00:00</time>
      </trkpt>
      <trkpt lat="-28.1591" lon="-65.88795">
        <ele>1517</ele>
        <time>2026-07-26T04:33:11+00:00</time>
      </trkpt>
      <trkpt lat="-28.15909" lon="-65.88797">
        <ele>1517</ele>
        <time>2026-07-26T04:33:14+00:00</time>
      </trkpt>
      <trkpt lat="-28.15904" lon="-65.888">
        <ele>1517</ele>
        <time>2026-07-26T04:33:17+00:00</time>
      </trkpt>
      <trkpt lat="-28.15897" lon="-65.88802">
        <ele>1517</ele>
        <time>2026-07-26T04:33:20+00:00</time>
      </trkpt>
      <trkpt lat="-28.15893" lon="-65.88805">
        <ele>1517</ele>
        <time>2026-07-26T04:33:23+00:00</time>
      </trkpt>
      <trkpt lat="-28.15883" lon="-65.88809">
        <ele>1517</ele>
        <time>2026-07-26T04:33:26+00:00</time>
      </trkpt>
      <trkpt lat="-28.15849" lon="-65.88819">
        <ele>1516</ele>
        <time>2026-07-26T04:33:29+00:00</time>
      </trkpt>
      <trkpt lat="-28.1584" lon="-65.88824">
        <ele>1516</ele>
        <time>2026-07-26T04:33:32+00:00</time>
      </trkpt>
      <trkpt lat="-28.15822" lon="-65.88829">
        <ele>1516</ele>
        <time>2026-07-26T04:33:35+00:00</time>
      </trkpt>
      <trkpt lat="-28.15808" lon="-65.88836">
        <ele>1517</ele>
        <time>2026-07-26T04:33:38+00:00</time>
      </trkpt>
      <trkpt lat="-28.15786" lon="-65.88845">
        <ele>1517</ele>
        <time>2026-07-26T04:33:41+00:00</time>
      </trkpt>
      <trkpt lat="-28.15768" lon="-65.88855">
        <ele>1517</ele>
        <time>2026-07-26T04:33:44+00:00</time>
      </trkpt>
      <trkpt lat="-28.15759" lon="-65.88858">
        <ele>1517</ele>
        <time>2026-07-26T04:33:47+00:00</time>
      </trkpt>
      <trkpt lat="-28.15748" lon="-65.88869">
        <ele>1516</ele>
        <time>2026-07-26T04:33:50+00:00</time>
      </trkpt>
      <trkpt lat="-28.15736" lon="-65.88884">
        <ele>1516</ele>
        <time>2026-07-26T04:33:53+00:00</time>
      </trkpt>
      <trkpt lat="-28.15731" lon="-65.88894">
        <ele>1516</ele>
        <time>2026-07-26T04:33:56+00:00</time>
      </trkpt>
      <trkpt lat="-28.15724" lon="-65.88926">
        <ele>1516</ele>
        <time>2026-07-26T04:33:59+00:00</time>
      </trkpt>
      <trkpt lat="-28.15724" lon="-65.88931">
        <ele>1516</ele>
        <time>2026-07-26T04:34:02+00:00</time>
      </trkpt>
      <trkpt lat="-28.15717" lon="-65.88948">
        <ele>1517</ele>
        <time>2026-07-26T04:34:05+00:00</time>
      </trkpt>
      <trkpt lat="-28.15712" lon="-65.88957">
        <ele>1517</ele>
        <time>2026-07-26T04:34:08+00:00</time>
      </trkpt>
      <trkpt lat="-28.15706" lon="-65.88964">
        <ele>1518</ele>
        <time>2026-07-26T04:34:11+00:00</time>
      </trkpt>
      <trkpt lat="-28.15693" lon="-65.88977">
        <ele>1519</ele>
        <time>2026-07-26T04:34:14+00:00</time>
      </trkpt>
      <trkpt lat="-28.15684" lon="-65.88981">
        <ele>1520</ele>
        <time>2026-07-26T04:34:17+00:00</time>
      </trkpt>
      <trkpt lat="-28.15657" lon="-65.88997">
        <ele>1522</ele>
        <time>2026-07-26T04:34:20+00:00</time>
      </trkpt>
      <trkpt lat="-28.15647" lon="-65.89">
        <ele>1522</ele>
        <time>2026-07-26T04:34:23+00:00</time>
      </trkpt>
      <trkpt lat="-28.15638" lon="-65.89005">
        <ele>1522</ele>
        <time>2026-07-26T04:34:26+00:00</time>
      </trkpt>
      <trkpt lat="-28.15628" lon="-65.89008">
        <ele>1522</ele>
        <time>2026-07-26T04:34:29+00:00</time>
      </trkpt>
      <trkpt lat="-28.15612" lon="-65.89015">
        <ele>1523</ele>
        <time>2026-07-26T04:34:32+00:00</time>
      </trkpt>
      <trkpt lat="-28.1561" lon="-65.89016">
        <ele>1523</ele>
        <time>2026-07-26T04:34:35+00:00</time>
      </trkpt>
      <trkpt lat="-28.15599" lon="-65.89014">
        <ele>1523</ele>
        <time>2026-07-26T04:34:38+00:00</time>
      </trkpt>
      <trkpt lat="-28.15589" lon="-65.89011">
        <ele>1524</ele>
        <time>2026-07-26T04:34:41+00:00</time>
      </trkpt>
      <trkpt lat="-28.1557" lon="-65.89006">
        <ele>1526</ele>
        <time>2026-07-26T04:34:44+00:00</time>
      </trkpt>
      <trkpt lat="-28.15559" lon="-65.89002">
        <ele>1526</ele>
        <time>2026-07-26T04:34:47+00:00</time>
      </trkpt>
      <trkpt lat="-28.15547" lon="-65.88998">
        <ele>1527</ele>
        <time>2026-07-26T04:34:50+00:00</time>
      </trkpt>
      <trkpt lat="-28.15538" lon="-65.88993">
        <ele>1527</ele>
        <time>2026-07-26T04:34:53+00:00</time>
      </trkpt>
      <trkpt lat="-28.15527" lon="-65.88986">
        <ele>1528</ele>
        <time>2026-07-26T04:34:56+00:00</time>
      </trkpt>
      <trkpt lat="-28.15505" lon="-65.88979">
        <ele>1529</ele>
        <time>2026-07-26T04:34:59+00:00</time>
      </trkpt>
      <trkpt lat="-28.15495" lon="-65.88978">
        <ele>1529</ele>
        <time>2026-07-26T04:35:02+00:00</time>
      </trkpt>
      <trkpt lat="-28.15488" lon="-65.88979">
        <ele>1530</ele>
        <time>2026-07-26T04:35:05+00:00</time>
      </trkpt>
      <trkpt lat="-28.15482" lon="-65.88981">
        <ele>1530</ele>
        <time>2026-07-26T04:35:08+00:00</time>
      </trkpt>
      <trkpt lat="-28.15475" lon="-65.88986">
        <ele>1530</ele>
        <time>2026-07-26T04:35:11+00:00</time>
      </trkpt>
      <trkpt lat="-28.15465" lon="-65.88991">
        <ele>1531</ele>
        <time>2026-07-26T04:35:14+00:00</time>
      </trkpt>
      <trkpt lat="-28.1546" lon="-65.88997">
        <ele>1531</ele>
        <time>2026-07-26T04:35:17+00:00</time>
      </trkpt>
      <trkpt lat="-28.15456" lon="-65.89003">
        <ele>1531</ele>
        <time>2026-07-26T04:35:20+00:00</time>
      </trkpt>
      <trkpt lat="-28.15451" lon="-65.89007">
        <ele>1531</ele>
        <time>2026-07-26T04:35:23+00:00</time>
      </trkpt>
      <trkpt lat="-28.15443" lon="-65.89011">
        <ele>1532</ele>
        <time>2026-07-26T04:35:26+00:00</time>
      </trkpt>
      <trkpt lat="-28.15434" lon="-65.89011">
        <ele>1532</ele>
        <time>2026-07-26T04:35:29+00:00</time>
      </trkpt>
      <trkpt lat="-28.15403" lon="-65.89003">
        <ele>1533</ele>
        <time>2026-07-26T04:35:32+00:00</time>
      </trkpt>
      <trkpt lat="-28.15395" lon="-65.89002">
        <ele>1533</ele>
        <time>2026-07-26T04:35:35+00:00</time>
      </trkpt>
      <trkpt lat="-28.15382" lon="-65.89003">
        <ele>1534</ele>
        <time>2026-07-26T04:35:38+00:00</time>
      </trkpt>
      <trkpt lat="-28.15369" lon="-65.89006">
        <ele>1534</ele>
        <time>2026-07-26T04:35:41+00:00</time>
      </trkpt>
      <trkpt lat="-28.1535" lon="-65.89006">
        <ele>1535</ele>
        <time>2026-07-26T04:35:44+00:00</time>
      </trkpt>
      <trkpt lat="-28.15339" lon="-65.89007">
        <ele>1536</ele>
        <time>2026-07-26T04:35:47+00:00</time>
      </trkpt>
      <trkpt lat="-28.15324" lon="-65.89011">
        <ele>1537</ele>
        <time>2026-07-26T04:35:50+00:00</time>
      </trkpt>
      <trkpt lat="-28.1532" lon="-65.89011">
        <ele>1537</ele>
        <time>2026-07-26T04:35:53+00:00</time>
      </trkpt>
      <trkpt lat="-28.15313" lon="-65.89013">
        <ele>1538</ele>
        <time>2026-07-26T04:35:56+00:00</time>
      </trkpt>
      <trkpt lat="-28.15294" lon="-65.89018">
        <ele>1539</ele>
        <time>2026-07-26T04:35:59+00:00</time>
      </trkpt>
      <trkpt lat="-28.15274" lon="-65.89023">
        <ele>1540</ele>
        <time>2026-07-26T04:36:02+00:00</time>
      </trkpt>
      <trkpt lat="-28.15256" lon="-65.89033">
        <ele>1542</ele>
        <time>2026-07-26T04:36:05+00:00</time>
      </trkpt>
      <trkpt lat="-28.15243" lon="-65.89039">
        <ele>1543</ele>
        <time>2026-07-26T04:36:08+00:00</time>
      </trkpt>
      <trkpt lat="-28.15225" lon="-65.89045">
        <ele>1544</ele>
        <time>2026-07-26T04:36:11+00:00</time>
      </trkpt>
      <trkpt lat="-28.15214" lon="-65.89046">
        <ele>1545</ele>
        <time>2026-07-26T04:36:14+00:00</time>
      </trkpt>
      <trkpt lat="-28.15208" lon="-65.89048">
        <ele>1545</ele>
        <time>2026-07-26T04:36:17+00:00</time>
      </trkpt>
      <trkpt lat="-28.15191" lon="-65.89055">
        <ele>1547</ele>
        <time>2026-07-26T04:36:20+00:00</time>
      </trkpt>
      <trkpt lat="-28.15171" lon="-65.89062">
        <ele>1548</ele>
        <time>2026-07-26T04:36:23+00:00</time>
      </trkpt>
      <trkpt lat="-28.15158" lon="-65.89068">
        <ele>1549</ele>
        <time>2026-07-26T04:36:26+00:00</time>
      </trkpt>
      <trkpt lat="-28.15153" lon="-65.89071">
        <ele>1549</ele>
        <time>2026-07-26T04:36:29+00:00</time>
      </trkpt>
      <trkpt lat="-28.15146" lon="-65.89074">
        <ele>1550</ele>
        <time>2026-07-26T04:36:32+00:00</time>
      </trkpt>
      <trkpt lat="-28.1514" lon="-65.89078">
        <ele>1550</ele>
        <time>2026-07-26T04:36:35+00:00</time>
      </trkpt>
      <trkpt lat="-28.15132" lon="-65.89081">
        <ele>1551</ele>
        <time>2026-07-26T04:36:38+00:00</time>
      </trkpt>
      <trkpt lat="-28.15126" lon="-65.89081">
        <ele>1551</ele>
        <time>2026-07-26T04:36:41+00:00</time>
      </trkpt>
      <trkpt lat="-28.15122" lon="-65.8908">
        <ele>1552</ele>
        <time>2026-07-26T04:36:44+00:00</time>
      </trkpt>
      <trkpt lat="-28.15118" lon="-65.89075">
        <ele>1552</ele>
        <time>2026-07-26T04:36:47+00:00</time>
      </trkpt>
      <trkpt lat="-28.15118" lon="-65.89068">
        <ele>1552</ele>
        <time>2026-07-26T04:36:50+00:00</time>
      </trkpt>
      <trkpt lat="-28.1512" lon="-65.89062">
        <ele>1553</ele>
        <time>2026-07-26T04:36:53+00:00</time>
      </trkpt>
      <trkpt lat="-28.15126" lon="-65.89055">
        <ele>1553</ele>
        <time>2026-07-26T04:36:56+00:00</time>
      </trkpt>
      <trkpt lat="-28.1513" lon="-65.89052">
        <ele>1553</ele>
        <time>2026-07-26T04:36:59+00:00</time>
      </trkpt>
      <trkpt lat="-28.15133" lon="-65.89049">
        <ele>1553</ele>
        <time>2026-07-26T04:37:02+00:00</time>
      </trkpt>
      <trkpt lat="-28.15147" lon="-65.89036">
        <ele>1554</ele>
        <time>2026-07-26T04:37:05+00:00</time>
      </trkpt>
      <trkpt lat="-28.15155" lon="-65.89028">
        <ele>1554</ele>
        <time>2026-07-26T04:37:08+00:00</time>
      </trkpt>
      <trkpt lat="-28.15169" lon="-65.89016">
        <ele>1555</ele>
        <time>2026-07-26T04:37:11+00:00</time>
      </trkpt>
      <trkpt lat="-28.15175" lon="-65.89013">
        <ele>1556</ele>
        <time>2026-07-26T04:37:14+00:00</time>
      </trkpt>
      <trkpt lat="-28.15181" lon="-65.89006">
        <ele>1556</ele>
        <time>2026-07-26T04:37:17+00:00</time>
      </trkpt>
      <trkpt lat="-28.15188" lon="-65.89">
        <ele>1557</ele>
        <time>2026-07-26T04:37:20+00:00</time>
      </trkpt>
      <trkpt lat="-28.15193" lon="-65.88994">
        <ele>1557</ele>
        <time>2026-07-26T04:37:23+00:00</time>
      </trkpt>
      <trkpt lat="-28.15205" lon="-65.88983">
        <ele>1558</ele>
        <time>2026-07-26T04:37:26+00:00</time>
      </trkpt>
      <trkpt lat="-28.15215" lon="-65.88971">
        <ele>1559</ele>
        <time>2026-07-26T04:37:29+00:00</time>
      </trkpt>
      <trkpt lat="-28.15225" lon="-65.88962">
        <ele>1560</ele>
        <time>2026-07-26T04:37:32+00:00</time>
      </trkpt>
      <trkpt lat="-28.1523" lon="-65.88954">
        <ele>1561</ele>
        <time>2026-07-26T04:37:35+00:00</time>
      </trkpt>
      <trkpt lat="-28.15231" lon="-65.88949">
        <ele>1561</ele>
        <time>2026-07-26T04:37:38+00:00</time>
      </trkpt>
      <trkpt lat="-28.15231" lon="-65.88946">
        <ele>1561</ele>
        <time>2026-07-26T04:37:41+00:00</time>
      </trkpt>
      <trkpt lat="-28.15229" lon="-65.88941">
        <ele>1562</ele>
        <time>2026-07-26T04:37:44+00:00</time>
      </trkpt>
      <trkpt lat="-28.15227" lon="-65.88939">
        <ele>1562</ele>
        <time>2026-07-26T04:37:47+00:00</time>
      </trkpt>
      <trkpt lat="-28.15218" lon="-65.88937">
        <ele>1563</ele>
        <time>2026-07-26T04:37:50+00:00</time>
      </trkpt>
      <trkpt lat="-28.15211" lon="-65.88943">
        <ele>1563</ele>
        <time>2026-07-26T04:37:53+00:00</time>
      </trkpt>
      <trkpt lat="-28.152" lon="-65.88955">
        <ele>1564</ele>
        <time>2026-07-26T04:37:56+00:00</time>
      </trkpt>
      <trkpt lat="-28.15194" lon="-65.88959">
        <ele>1565</ele>
        <time>2026-07-26T04:37:59+00:00</time>
      </trkpt>
      <trkpt lat="-28.15184" lon="-65.88968">
        <ele>1565</ele>
        <time>2026-07-26T04:38:02+00:00</time>
      </trkpt>
      <trkpt lat="-28.15178" lon="-65.88971">
        <ele>1566</ele>
        <time>2026-07-26T04:38:05+00:00</time>
      </trkpt>
      <trkpt lat="-28.15174" lon="-65.88971">
        <ele>1566</ele>
        <time>2026-07-26T04:38:08+00:00</time>
      </trkpt>
      <trkpt lat="-28.15169" lon="-65.88973">
        <ele>1566</ele>
        <time>2026-07-26T04:38:11+00:00</time>
      </trkpt>
      <trkpt lat="-28.15163" lon="-65.88973">
        <ele>1566</ele>
        <time>2026-07-26T04:38:14+00:00</time>
      </trkpt>
      <trkpt lat="-28.15144" lon="-65.88977">
        <ele>1567</ele>
        <time>2026-07-26T04:38:17+00:00</time>
      </trkpt>
      <trkpt lat="-28.15134" lon="-65.88978">
        <ele>1568</ele>
        <time>2026-07-26T04:38:20+00:00</time>
      </trkpt>
      <trkpt lat="-28.15115" lon="-65.88983">
        <ele>1569</ele>
        <time>2026-07-26T04:38:23+00:00</time>
      </trkpt>
      <trkpt lat="-28.15074" lon="-65.88989">
        <ele>1571</ele>
        <time>2026-07-26T04:38:26+00:00</time>
      </trkpt>
      <trkpt lat="-28.15063" lon="-65.88988">
        <ele>1572</ele>
        <time>2026-07-26T04:38:29+00:00</time>
      </trkpt>
      <trkpt lat="-28.15044" lon="-65.88985">
        <ele>1573</ele>
        <time>2026-07-26T04:38:32+00:00</time>
      </trkpt>
      <trkpt lat="-28.15028" lon="-65.88974">
        <ele>1575</ele>
        <time>2026-07-26T04:38:35+00:00</time>
      </trkpt>
      <trkpt lat="-28.1502" lon="-65.88969">
        <ele>1575</ele>
        <time>2026-07-26T04:38:38+00:00</time>
      </trkpt>
      <trkpt lat="-28.15002" lon="-65.88959">
        <ele>1577</ele>
        <time>2026-07-26T04:38:41+00:00</time>
      </trkpt>
      <trkpt lat="-28.14993" lon="-65.88951">
        <ele>1578</ele>
        <time>2026-07-26T04:38:44+00:00</time>
      </trkpt>
      <trkpt lat="-28.14984" lon="-65.88941">
        <ele>1578</ele>
        <time>2026-07-26T04:38:47+00:00</time>
      </trkpt>
      <trkpt lat="-28.14974" lon="-65.88933">
        <ele>1579</ele>
        <time>2026-07-26T04:38:50+00:00</time>
      </trkpt>
      <trkpt lat="-28.14956" lon="-65.88922">
        <ele>1579</ele>
        <time>2026-07-26T04:38:53+00:00</time>
      </trkpt>
      <trkpt lat="-28.14944" lon="-65.88914">
        <ele>1579</ele>
        <time>2026-07-26T04:38:56+00:00</time>
      </trkpt>
      <trkpt lat="-28.14927" lon="-65.88906">
        <ele>1579</ele>
        <time>2026-07-26T04:38:59+00:00</time>
      </trkpt>
      <trkpt lat="-28.14914" lon="-65.88898">
        <ele>1580</ele>
        <time>2026-07-26T04:39:02+00:00</time>
      </trkpt>
      <trkpt lat="-28.1489" lon="-65.88884">
        <ele>1581</ele>
        <time>2026-07-26T04:39:05+00:00</time>
      </trkpt>
      <trkpt lat="-28.14867" lon="-65.88875">
        <ele>1582</ele>
        <time>2026-07-26T04:39:08+00:00</time>
      </trkpt>
      <trkpt lat="-28.14855" lon="-65.88867">
        <ele>1582</ele>
        <time>2026-07-26T04:39:11+00:00</time>
      </trkpt>
      <trkpt lat="-28.14847" lon="-65.8886">
        <ele>1582</ele>
        <time>2026-07-26T04:39:14+00:00</time>
      </trkpt>
      <trkpt lat="-28.14835" lon="-65.88855">
        <ele>1582</ele>
        <time>2026-07-26T04:39:17+00:00</time>
      </trkpt>
      <trkpt lat="-28.14818" lon="-65.8885">
        <ele>1581</ele>
        <time>2026-07-26T04:39:20+00:00</time>
      </trkpt>
      <trkpt lat="-28.14805" lon="-65.88843">
        <ele>1581</ele>
        <time>2026-07-26T04:39:23+00:00</time>
      </trkpt>
      <trkpt lat="-28.14796" lon="-65.8884">
        <ele>1581</ele>
        <time>2026-07-26T04:39:26+00:00</time>
      </trkpt>
      <trkpt lat="-28.14788" lon="-65.88838">
        <ele>1581</ele>
        <time>2026-07-26T04:39:29+00:00</time>
      </trkpt>
      <trkpt lat="-28.14783" lon="-65.88839">
        <ele>1581</ele>
        <time>2026-07-26T04:39:32+00:00</time>
      </trkpt>
      <trkpt lat="-28.14779" lon="-65.88849">
        <ele>1581</ele>
        <time>2026-07-26T04:39:35+00:00</time>
      </trkpt>
      <trkpt lat="-28.1478" lon="-65.8886">
        <ele>1581</ele>
        <time>2026-07-26T04:39:38+00:00</time>
      </trkpt>
      <trkpt lat="-28.14789" lon="-65.88892">
        <ele>1581</ele>
        <time>2026-07-26T04:39:41+00:00</time>
      </trkpt>
      <trkpt lat="-28.14792" lon="-65.88903">
        <ele>1581</ele>
        <time>2026-07-26T04:39:44+00:00</time>
      </trkpt>
      <trkpt lat="-28.14793" lon="-65.88913">
        <ele>1581</ele>
        <time>2026-07-26T04:39:47+00:00</time>
      </trkpt>
      <trkpt lat="-28.14797" lon="-65.88925">
        <ele>1582</ele>
        <time>2026-07-26T04:39:50+00:00</time>
      </trkpt>
      <trkpt lat="-28.14798" lon="-65.88938">
        <ele>1582</ele>
        <time>2026-07-26T04:39:53+00:00</time>
      </trkpt>
      <trkpt lat="-28.14804" lon="-65.88952">
        <ele>1582</ele>
        <time>2026-07-26T04:39:56+00:00</time>
      </trkpt>
      <trkpt lat="-28.14807" lon="-65.88958">
        <ele>1583</ele>
        <time>2026-07-26T04:39:59+00:00</time>
      </trkpt>
      <trkpt lat="-28.14809" lon="-65.88968">
        <ele>1583</ele>
        <time>2026-07-26T04:40:02+00:00</time>
      </trkpt>
      <trkpt lat="-28.1481" lon="-65.8897">
        <ele>1583</ele>
        <time>2026-07-26T04:40:05+00:00</time>
      </trkpt>
      <trkpt lat="-28.14809" lon="-65.88983">
        <ele>1583</ele>
        <time>2026-07-26T04:40:08+00:00</time>
      </trkpt>
      <trkpt lat="-28.14807" lon="-65.88994">
        <ele>1584</ele>
        <time>2026-07-26T04:40:11+00:00</time>
      </trkpt>
      <trkpt lat="-28.14791" lon="-65.89023">
        <ele>1585</ele>
        <time>2026-07-26T04:40:14+00:00</time>
      </trkpt>
      <trkpt lat="-28.1478" lon="-65.89041">
        <ele>1586</ele>
        <time>2026-07-26T04:40:17+00:00</time>
      </trkpt>
      <trkpt lat="-28.14775" lon="-65.89051">
        <ele>1587</ele>
        <time>2026-07-26T04:40:20+00:00</time>
      </trkpt>
      <trkpt lat="-28.14763" lon="-65.89068">
        <ele>1587</ele>
        <time>2026-07-26T04:40:23+00:00</time>
      </trkpt>
      <trkpt lat="-28.14753" lon="-65.89074">
        <ele>1588</ele>
        <time>2026-07-26T04:40:26+00:00</time>
      </trkpt>
      <trkpt lat="-28.14736" lon="-65.89079">
        <ele>1588</ele>
        <time>2026-07-26T04:40:29+00:00</time>
      </trkpt>
      <trkpt lat="-28.14723" lon="-65.89081">
        <ele>1589</ele>
        <time>2026-07-26T04:40:32+00:00</time>
      </trkpt>
      <trkpt lat="-28.14722" lon="-65.89082">
        <ele>1589</ele>
        <time>2026-07-26T04:40:35+00:00</time>
      </trkpt>
      <trkpt lat="-28.14724" lon="-65.89084">
        <ele>1589</ele>
        <time>2026-07-26T04:40:38+00:00</time>
      </trkpt>
      <trkpt lat="-28.14726" lon="-65.89083">
        <ele>1589</ele>
        <time>2026-07-26T04:40:41+00:00</time>
      </trkpt>
      <trkpt lat="-28.14736" lon="-65.89077">
        <ele>1589</ele>
        <time>2026-07-26T04:40:44+00:00</time>
      </trkpt>
      <trkpt lat="-28.14746" lon="-65.8907">
        <ele>1590</ele>
        <time>2026-07-26T04:40:47+00:00</time>
      </trkpt>
      <trkpt lat="-28.14753" lon="-65.89067">
        <ele>1590</ele>
        <time>2026-07-26T04:40:50+00:00</time>
      </trkpt>
      <trkpt lat="-28.14761" lon="-65.8906">
        <ele>1589</ele>
        <time>2026-07-26T04:40:53+00:00</time>
      </trkpt>
      <trkpt lat="-28.14771" lon="-65.89051">
        <ele>1589</ele>
        <time>2026-07-26T04:40:56+00:00</time>
      </trkpt>
      <trkpt lat="-28.14773" lon="-65.89049">
        <ele>1589</ele>
        <time>2026-07-26T04:40:59+00:00</time>
      </trkpt>
      <trkpt lat="-28.14781" lon="-65.89033">
        <ele>1588</ele>
        <time>2026-07-26T04:41:02+00:00</time>
      </trkpt>
      <trkpt lat="-28.14788" lon="-65.89024">
        <ele>1587</ele>
        <time>2026-07-26T04:41:05+00:00</time>
      </trkpt>
      <trkpt lat="-28.14792" lon="-65.89017">
        <ele>1587</ele>
        <time>2026-07-26T04:41:08+00:00</time>
      </trkpt>
      <trkpt lat="-28.14805" lon="-65.88998">
        <ele>1586</ele>
        <time>2026-07-26T04:41:11+00:00</time>
      </trkpt>
      <trkpt lat="-28.14808" lon="-65.8899">
        <ele>1585</ele>
        <time>2026-07-26T04:41:14+00:00</time>
      </trkpt>
      <trkpt lat="-28.14811" lon="-65.88975">
        <ele>1584</ele>
        <time>2026-07-26T04:41:17+00:00</time>
      </trkpt>
      <trkpt lat="-28.14811" lon="-65.88971">
        <ele>1584</ele>
        <time>2026-07-26T04:41:20+00:00</time>
      </trkpt>
      <trkpt lat="-28.1481" lon="-65.88966">
        <ele>1584</ele>
        <time>2026-07-26T04:41:23+00:00</time>
      </trkpt>
      <trkpt lat="-28.14805" lon="-65.88953">
        <ele>1583</ele>
        <time>2026-07-26T04:41:26+00:00</time>
      </trkpt>
      <trkpt lat="-28.14798" lon="-65.8893">
        <ele>1582</ele>
        <time>2026-07-26T04:41:29+00:00</time>
      </trkpt>
      <trkpt lat="-28.14797" lon="-65.88919">
        <ele>1582</ele>
        <time>2026-07-26T04:41:32+00:00</time>
      </trkpt>
      <trkpt lat="-28.14795" lon="-65.88908">
        <ele>1581</ele>
        <time>2026-07-26T04:41:35+00:00</time>
      </trkpt>
      <trkpt lat="-28.14792" lon="-65.88888">
        <ele>1581</ele>
        <time>2026-07-26T04:41:38+00:00</time>
      </trkpt>
      <trkpt lat="-28.1478" lon="-65.88869">
        <ele>1581</ele>
        <time>2026-07-26T04:41:41+00:00</time>
      </trkpt>
      <trkpt lat="-28.14778" lon="-65.88863">
        <ele>1581</ele>
        <time>2026-07-26T04:41:44+00:00</time>
      </trkpt>
      <trkpt lat="-28.14777" lon="-65.88853">
        <ele>1581</ele>
        <time>2026-07-26T04:41:47+00:00</time>
      </trkpt>
      <trkpt lat="-28.14777" lon="-65.88842">
        <ele>1581</ele>
        <time>2026-07-26T04:41:50+00:00</time>
      </trkpt>
      <trkpt lat="-28.14789" lon="-65.88835">
        <ele>1581</ele>
        <time>2026-07-26T04:41:53+00:00</time>
      </trkpt>
      <trkpt lat="-28.14799" lon="-65.88837">
        <ele>1581</ele>
        <time>2026-07-26T04:41:56+00:00</time>
      </trkpt>
      <trkpt lat="-28.14814" lon="-65.88847">
        <ele>1581</ele>
        <time>2026-07-26T04:41:59+00:00</time>
      </trkpt>
      <trkpt lat="-28.14823" lon="-65.88849">
        <ele>1582</ele>
        <time>2026-07-26T04:42:02+00:00</time>
      </trkpt>
      <trkpt lat="-28.14841" lon="-65.88858">
        <ele>1582</ele>
        <time>2026-07-26T04:42:05+00:00</time>
      </trkpt>
      <trkpt lat="-28.14846" lon="-65.8886">
        <ele>1582</ele>
        <time>2026-07-26T04:42:08+00:00</time>
      </trkpt>
      <trkpt lat="-28.14853" lon="-65.88866">
        <ele>1582</ele>
        <time>2026-07-26T04:42:11+00:00</time>
      </trkpt>
      <trkpt lat="-28.14868" lon="-65.88877">
        <ele>1581</ele>
        <time>2026-07-26T04:42:14+00:00</time>
      </trkpt>
      <trkpt lat="-28.14887" lon="-65.88884">
        <ele>1581</ele>
        <time>2026-07-26T04:42:17+00:00</time>
      </trkpt>
      <trkpt lat="-28.14894" lon="-65.88888">
        <ele>1580</ele>
        <time>2026-07-26T04:42:20+00:00</time>
      </trkpt>
      <trkpt lat="-28.149" lon="-65.88892">
        <ele>1580</ele>
        <time>2026-07-26T04:42:23+00:00</time>
      </trkpt>
      <trkpt lat="-28.14917" lon="-65.88905">
        <ele>1579</ele>
        <time>2026-07-26T04:42:26+00:00</time>
      </trkpt>
      <trkpt lat="-28.14942" lon="-65.88919">
        <ele>1579</ele>
        <time>2026-07-26T04:42:29+00:00</time>
      </trkpt>
      <trkpt lat="-28.14963" lon="-65.88934">
        <ele>1579</ele>
        <time>2026-07-26T04:42:32+00:00</time>
      </trkpt>
      <trkpt lat="-28.14979" lon="-65.88943">
        <ele>1578</ele>
        <time>2026-07-26T04:42:35+00:00</time>
      </trkpt>
      <trkpt lat="-28.14981" lon="-65.88945">
        <ele>1578</ele>
        <time>2026-07-26T04:42:38+00:00</time>
      </trkpt>
      <trkpt lat="-28.14987" lon="-65.88951">
        <ele>1578</ele>
        <time>2026-07-26T04:42:41+00:00</time>
      </trkpt>
      <trkpt lat="-28.15003" lon="-65.88961">
        <ele>1577</ele>
        <time>2026-07-26T04:42:44+00:00</time>
      </trkpt>
      <trkpt lat="-28.15022" lon="-65.88978">
        <ele>1574</ele>
        <time>2026-07-26T04:42:47+00:00</time>
      </trkpt>
      <trkpt lat="-28.15041" lon="-65.88988">
        <ele>1573</ele>
        <time>2026-07-26T04:42:50+00:00</time>
      </trkpt>
      <trkpt lat="-28.15055" lon="-65.88991">
        <ele>1572</ele>
        <time>2026-07-26T04:42:53+00:00</time>
      </trkpt>
      <trkpt lat="-28.15062" lon="-65.88992">
        <ele>1571</ele>
        <time>2026-07-26T04:42:56+00:00</time>
      </trkpt>
      <trkpt lat="-28.15068" lon="-65.88991">
        <ele>1571</ele>
        <time>2026-07-26T04:42:59+00:00</time>
      </trkpt>
      <trkpt lat="-28.15096" lon="-65.88986">
        <ele>1570</ele>
        <time>2026-07-26T04:43:02+00:00</time>
      </trkpt>
      <trkpt lat="-28.15105" lon="-65.88984">
        <ele>1569</ele>
        <time>2026-07-26T04:43:05+00:00</time>
      </trkpt>
      <trkpt lat="-28.15116" lon="-65.88982">
        <ele>1569</ele>
        <time>2026-07-26T04:43:08+00:00</time>
      </trkpt>
      <trkpt lat="-28.15148" lon="-65.88975">
        <ele>1567</ele>
        <time>2026-07-26T04:43:11+00:00</time>
      </trkpt>
      <trkpt lat="-28.15164" lon="-65.88973">
        <ele>1566</ele>
        <time>2026-07-26T04:43:14+00:00</time>
      </trkpt>
      <trkpt lat="-28.15182" lon="-65.88964">
        <ele>1565</ele>
        <time>2026-07-26T04:43:17+00:00</time>
      </trkpt>
      <trkpt lat="-28.15193" lon="-65.88957">
        <ele>1564</ele>
        <time>2026-07-26T04:43:20+00:00</time>
      </trkpt>
      <trkpt lat="-28.15206" lon="-65.88945">
        <ele>1563</ele>
        <time>2026-07-26T04:43:23+00:00</time>
      </trkpt>
      <trkpt lat="-28.15214" lon="-65.88939">
        <ele>1563</ele>
        <time>2026-07-26T04:43:26+00:00</time>
      </trkpt>
      <trkpt lat="-28.15225" lon="-65.88936">
        <ele>1562</ele>
        <time>2026-07-26T04:43:29+00:00</time>
      </trkpt>
      <trkpt lat="-28.15228" lon="-65.88938">
        <ele>1562</ele>
        <time>2026-07-26T04:43:32+00:00</time>
      </trkpt>
      <trkpt lat="-28.1523" lon="-65.88941">
        <ele>1561</ele>
        <time>2026-07-26T04:43:35+00:00</time>
      </trkpt>
      <trkpt lat="-28.1523" lon="-65.88945">
        <ele>1561</ele>
        <time>2026-07-26T04:43:38+00:00</time>
      </trkpt>
      <trkpt lat="-28.15227" lon="-65.88954">
        <ele>1560</ele>
        <time>2026-07-26T04:43:41+00:00</time>
      </trkpt>
      <trkpt lat="-28.15221" lon="-65.88961">
        <ele>1560</ele>
        <time>2026-07-26T04:43:44+00:00</time>
      </trkpt>
      <trkpt lat="-28.15212" lon="-65.88976">
        <ele>1559</ele>
        <time>2026-07-26T04:43:47+00:00</time>
      </trkpt>
      <trkpt lat="-28.15195" lon="-65.88994">
        <ele>1557</ele>
        <time>2026-07-26T04:43:50+00:00</time>
      </trkpt>
      <trkpt lat="-28.15186" lon="-65.89001">
        <ele>1556</ele>
        <time>2026-07-26T04:43:53+00:00</time>
      </trkpt>
      <trkpt lat="-28.15176" lon="-65.89011">
        <ele>1556</ele>
        <time>2026-07-26T04:43:56+00:00</time>
      </trkpt>
      <trkpt lat="-28.15164" lon="-65.89023">
        <ele>1555</ele>
        <time>2026-07-26T04:43:59+00:00</time>
      </trkpt>
      <trkpt lat="-28.1515" lon="-65.89036">
        <ele>1554</ele>
        <time>2026-07-26T04:44:02+00:00</time>
      </trkpt>
      <trkpt lat="-28.15136" lon="-65.89051">
        <ele>1553</ele>
        <time>2026-07-26T04:44:05+00:00</time>
      </trkpt>
      <trkpt lat="-28.15123" lon="-65.89063">
        <ele>1553</ele>
        <time>2026-07-26T04:44:08+00:00</time>
      </trkpt>
      <trkpt lat="-28.1512" lon="-65.89069">
        <ele>1552</ele>
        <time>2026-07-26T04:44:11+00:00</time>
      </trkpt>
      <trkpt lat="-28.15119" lon="-65.89075">
        <ele>1552</ele>
        <time>2026-07-26T04:44:14+00:00</time>
      </trkpt>
      <trkpt lat="-28.15121" lon="-65.89079">
        <ele>1552</ele>
        <time>2026-07-26T04:44:17+00:00</time>
      </trkpt>
      <trkpt lat="-28.15122" lon="-65.89081">
        <ele>1552</ele>
        <time>2026-07-26T04:44:20+00:00</time>
      </trkpt>
      <trkpt lat="-28.15127" lon="-65.89082">
        <ele>1551</ele>
        <time>2026-07-26T04:44:23+00:00</time>
      </trkpt>
      <trkpt lat="-28.15137" lon="-65.8908">
        <ele>1551</ele>
        <time>2026-07-26T04:44:26+00:00</time>
      </trkpt>
      <trkpt lat="-28.15151" lon="-65.89072">
        <ele>1550</ele>
        <time>2026-07-26T04:44:29+00:00</time>
      </trkpt>
      <trkpt lat="-28.15163" lon="-65.89064">
        <ele>1549</ele>
        <time>2026-07-26T04:44:32+00:00</time>
      </trkpt>
      <trkpt lat="-28.15169" lon="-65.89061">
        <ele>1548</ele>
        <time>2026-07-26T04:44:35+00:00</time>
      </trkpt>
      <trkpt lat="-28.15181" lon="-65.89056">
        <ele>1547</ele>
        <time>2026-07-26T04:44:38+00:00</time>
      </trkpt>
      <trkpt lat="-28.15213" lon="-65.89046">
        <ele>1545</ele>
        <time>2026-07-26T04:44:41+00:00</time>
      </trkpt>
      <trkpt lat="-28.15245" lon="-65.89034">
        <ele>1542</ele>
        <time>2026-07-26T04:44:44+00:00</time>
      </trkpt>
      <trkpt lat="-28.15264" lon="-65.89031">
        <ele>1541</ele>
        <time>2026-07-26T04:44:47+00:00</time>
      </trkpt>
      <trkpt lat="-28.1527" lon="-65.89029">
        <ele>1540</ele>
        <time>2026-07-26T04:44:50+00:00</time>
      </trkpt>
      <trkpt lat="-28.15279" lon="-65.8903">
        <ele>1539</ele>
        <time>2026-07-26T04:44:53+00:00</time>
      </trkpt>
      <trkpt lat="-28.15287" lon="-65.89033">
        <ele>1538</ele>
        <time>2026-07-26T04:44:56+00:00</time>
      </trkpt>
      <trkpt lat="-28.15294" lon="-65.89038">
        <ele>1538</ele>
        <time>2026-07-26T04:44:59+00:00</time>
      </trkpt>
      <trkpt lat="-28.15305" lon="-65.89054">
        <ele>1537</ele>
        <time>2026-07-26T04:45:02+00:00</time>
      </trkpt>
      <trkpt lat="-28.15309" lon="-65.89058">
        <ele>1537</ele>
        <time>2026-07-26T04:45:05+00:00</time>
      </trkpt>
      <trkpt lat="-28.15311" lon="-65.89059">
        <ele>1537</ele>
        <time>2026-07-26T04:45:08+00:00</time>
      </trkpt>
      <trkpt lat="-28.15316" lon="-65.8906">
        <ele>1537</ele>
        <time>2026-07-26T04:45:11+00:00</time>
      </trkpt>
      <trkpt lat="-28.15322" lon="-65.89059">
        <ele>1538</ele>
        <time>2026-07-26T04:45:14+00:00</time>
      </trkpt>
      <trkpt lat="-28.15341" lon="-65.89053">
        <ele>1540</ele>
        <time>2026-07-26T04:45:17+00:00</time>
      </trkpt>
      <trkpt lat="-28.15353" lon="-65.8905">
        <ele>1541</ele>
        <time>2026-07-26T04:45:20+00:00</time>
      </trkpt>
      <trkpt lat="-28.15366" lon="-65.89048">
        <ele>1542</ele>
        <time>2026-07-26T04:45:23+00:00</time>
      </trkpt>
      <trkpt lat="-28.15365" lon="-65.8905">
        <ele>1542</ele>
        <time>2026-07-26T04:45:26+00:00</time>
      </trkpt>
      <trkpt lat="-28.15354" lon="-65.89054">
        <ele>1541</ele>
        <time>2026-07-26T04:45:29+00:00</time>
      </trkpt>
      <trkpt lat="-28.15345" lon="-65.89056">
        <ele>1540</ele>
        <time>2026-07-26T04:45:32+00:00</time>
      </trkpt>
      <trkpt lat="-28.15332" lon="-65.89058">
        <ele>1539</ele>
        <time>2026-07-26T04:45:35+00:00</time>
      </trkpt>
      <trkpt lat="-28.1532" lon="-65.89059">
        <ele>1538</ele>
        <time>2026-07-26T04:45:38+00:00</time>
      </trkpt>
      <trkpt lat="-28.15307" lon="-65.89058">
        <ele>1537</ele>
        <time>2026-07-26T04:45:41+00:00</time>
      </trkpt>
      <trkpt lat="-28.15303" lon="-65.89057">
        <ele>1537</ele>
        <time>2026-07-26T04:45:44+00:00</time>
      </trkpt>
      <trkpt lat="-28.15301" lon="-65.89054">
        <ele>1537</ele>
        <time>2026-07-26T04:45:47+00:00</time>
      </trkpt>
      <trkpt lat="-28.15298" lon="-65.89048">
        <ele>1537</ele>
        <time>2026-07-26T04:45:50+00:00</time>
      </trkpt>
      <trkpt lat="-28.15294" lon="-65.89041">
        <ele>1538</ele>
        <time>2026-07-26T04:45:53+00:00</time>
      </trkpt>
      <trkpt lat="-28.15288" lon="-65.89037">
        <ele>1538</ele>
        <time>2026-07-26T04:45:56+00:00</time>
      </trkpt>
      <trkpt lat="-28.15282" lon="-65.89035">
        <ele>1539</ele>
        <time>2026-07-26T04:45:59+00:00</time>
      </trkpt>
      <trkpt lat="-28.15278" lon="-65.89034">
        <ele>1539</ele>
        <time>2026-07-26T04:46:02+00:00</time>
      </trkpt>
      <trkpt lat="-28.15259" lon="-65.89034">
        <ele>1541</ele>
        <time>2026-07-26T04:46:05+00:00</time>
      </trkpt>
      <trkpt lat="-28.15253" lon="-65.89036">
        <ele>1542</ele>
        <time>2026-07-26T04:46:08+00:00</time>
      </trkpt>
      <trkpt lat="-28.15252" lon="-65.89034">
        <ele>1542</ele>
        <time>2026-07-26T04:46:11+00:00</time>
      </trkpt>
      <trkpt lat="-28.15275" lon="-65.89022">
        <ele>1540</ele>
        <time>2026-07-26T04:46:14+00:00</time>
      </trkpt>
      <trkpt lat="-28.15281" lon="-65.8902">
        <ele>1540</ele>
        <time>2026-07-26T04:46:17+00:00</time>
      </trkpt>
      <trkpt lat="-28.15289" lon="-65.8902">
        <ele>1539</ele>
        <time>2026-07-26T04:46:20+00:00</time>
      </trkpt>
      <trkpt lat="-28.15295" lon="-65.89019">
        <ele>1539</ele>
        <time>2026-07-26T04:46:23+00:00</time>
      </trkpt>
      <trkpt lat="-28.15305" lon="-65.89016">
        <ele>1538</ele>
        <time>2026-07-26T04:46:26+00:00</time>
      </trkpt>
      <trkpt lat="-28.15319" lon="-65.89011">
        <ele>1537</ele>
        <time>2026-07-26T04:46:29+00:00</time>
      </trkpt>
      <trkpt lat="-28.15345" lon="-65.89005">
        <ele>1535</ele>
        <time>2026-07-26T04:46:32+00:00</time>
      </trkpt>
      <trkpt lat="-28.1536" lon="-65.89003">
        <ele>1535</ele>
        <time>2026-07-26T04:46:35+00:00</time>
      </trkpt>
      <trkpt lat="-28.15374" lon="-65.89001">
        <ele>1534</ele>
        <time>2026-07-26T04:46:38+00:00</time>
      </trkpt>
      <trkpt lat="-28.15383" lon="-65.89001">
        <ele>1534</ele>
        <time>2026-07-26T04:46:41+00:00</time>
      </trkpt>
      <trkpt lat="-28.15392" lon="-65.88999">
        <ele>1533</ele>
        <time>2026-07-26T04:46:44+00:00</time>
      </trkpt>
      <trkpt lat="-28.15402" lon="-65.88999">
        <ele>1533</ele>
        <time>2026-07-26T04:46:47+00:00</time>
      </trkpt>
      <trkpt lat="-28.15415" lon="-65.89003">
        <ele>1532</ele>
        <time>2026-07-26T04:46:50+00:00</time>
      </trkpt>
      <trkpt lat="-28.15426" lon="-65.89008">
        <ele>1532</ele>
        <time>2026-07-26T04:46:53+00:00</time>
      </trkpt>
      <trkpt lat="-28.15436" lon="-65.89009">
        <ele>1532</ele>
        <time>2026-07-26T04:46:56+00:00</time>
      </trkpt>
      <trkpt lat="-28.15441" lon="-65.89009">
        <ele>1532</ele>
        <time>2026-07-26T04:46:59+00:00</time>
      </trkpt>
      <trkpt lat="-28.15443" lon="-65.89007">
        <ele>1531</ele>
        <time>2026-07-26T04:47:02+00:00</time>
      </trkpt>
      <trkpt lat="-28.15457" lon="-65.88993">
        <ele>1531</ele>
        <time>2026-07-26T04:47:05+00:00</time>
      </trkpt>
      <trkpt lat="-28.15462" lon="-65.88989">
        <ele>1531</ele>
        <time>2026-07-26T04:47:08+00:00</time>
      </trkpt>
      <trkpt lat="-28.1547" lon="-65.88984">
        <ele>1530</ele>
        <time>2026-07-26T04:47:11+00:00</time>
      </trkpt>
      <trkpt lat="-28.15479" lon="-65.88979">
        <ele>1530</ele>
        <time>2026-07-26T04:47:14+00:00</time>
      </trkpt>
      <trkpt lat="-28.15489" lon="-65.88977">
        <ele>1530</ele>
        <time>2026-07-26T04:47:17+00:00</time>
      </trkpt>
      <trkpt lat="-28.15509" lon="-65.88976">
        <ele>1529</ele>
        <time>2026-07-26T04:47:20+00:00</time>
      </trkpt>
      <trkpt lat="-28.15518" lon="-65.88978">
        <ele>1528</ele>
        <time>2026-07-26T04:47:23+00:00</time>
      </trkpt>
      <trkpt lat="-28.15529" lon="-65.88982">
        <ele>1528</ele>
        <time>2026-07-26T04:47:26+00:00</time>
      </trkpt>
      <trkpt lat="-28.1556" lon="-65.89">
        <ele>1526</ele>
        <time>2026-07-26T04:47:29+00:00</time>
      </trkpt>
      <trkpt lat="-28.15571" lon="-65.89005">
        <ele>1525</ele>
        <time>2026-07-26T04:47:32+00:00</time>
      </trkpt>
      <trkpt lat="-28.15581" lon="-65.89006">
        <ele>1525</ele>
        <time>2026-07-26T04:47:35+00:00</time>
      </trkpt>
      <trkpt lat="-28.1559" lon="-65.89007">
        <ele>1524</ele>
        <time>2026-07-26T04:47:38+00:00</time>
      </trkpt>
      <trkpt lat="-28.15599" lon="-65.89011">
        <ele>1523</ele>
        <time>2026-07-26T04:47:41+00:00</time>
      </trkpt>
      <trkpt lat="-28.15608" lon="-65.89013">
        <ele>1523</ele>
        <time>2026-07-26T04:47:44+00:00</time>
      </trkpt>
      <trkpt lat="-28.15619" lon="-65.89013">
        <ele>1522</ele>
        <time>2026-07-26T04:47:47+00:00</time>
      </trkpt>
      <trkpt lat="-28.15635" lon="-65.89008">
        <ele>1522</ele>
        <time>2026-07-26T04:47:50+00:00</time>
      </trkpt>
      <trkpt lat="-28.15653" lon="-65.88999">
        <ele>1522</ele>
        <time>2026-07-26T04:47:53+00:00</time>
      </trkpt>
      <trkpt lat="-28.15664" lon="-65.88988">
        <ele>1521</ele>
        <time>2026-07-26T04:47:56+00:00</time>
      </trkpt>
      <trkpt lat="-28.15682" lon="-65.88976">
        <ele>1520</ele>
        <time>2026-07-26T04:47:59+00:00</time>
      </trkpt>
      <trkpt lat="-28.15691" lon="-65.88969">
        <ele>1519</ele>
        <time>2026-07-26T04:48:02+00:00</time>
      </trkpt>
      <trkpt lat="-28.15698" lon="-65.88962">
        <ele>1518</ele>
        <time>2026-07-26T04:48:05+00:00</time>
      </trkpt>
      <trkpt lat="-28.15705" lon="-65.88954">
        <ele>1517</ele>
        <time>2026-07-26T04:48:08+00:00</time>
      </trkpt>
      <trkpt lat="-28.15714" lon="-65.88943">
        <ele>1517</ele>
        <time>2026-07-26T04:48:11+00:00</time>
      </trkpt>
      <trkpt lat="-28.15723" lon="-65.88928">
        <ele>1516</ele>
        <time>2026-07-26T04:48:14+00:00</time>
      </trkpt>
      <trkpt lat="-28.15726" lon="-65.88919">
        <ele>1516</ele>
        <time>2026-07-26T04:48:17+00:00</time>
      </trkpt>
      <trkpt lat="-28.15727" lon="-65.88914">
        <ele>1516</ele>
        <time>2026-07-26T04:48:20+00:00</time>
      </trkpt>
      <trkpt lat="-28.15732" lon="-65.88897">
        <ele>1516</ele>
        <time>2026-07-26T04:48:23+00:00</time>
      </trkpt>
      <trkpt lat="-28.15736" lon="-65.88887">
        <ele>1516</ele>
        <time>2026-07-26T04:48:26+00:00</time>
      </trkpt>
      <trkpt lat="-28.15738" lon="-65.88885">
        <ele>1516</ele>
        <time>2026-07-26T04:48:29+00:00</time>
      </trkpt>
      <trkpt lat="-28.15739" lon="-65.88883">
        <ele>1516</ele>
        <time>2026-07-26T04:48:32+00:00</time>
      </trkpt>
      <trkpt lat="-28.15747" lon="-65.88873">
        <ele>1516</ele>
        <time>2026-07-26T04:48:35+00:00</time>
      </trkpt>
      <trkpt lat="-28.15754" lon="-65.88867">
        <ele>1517</ele>
        <time>2026-07-26T04:48:38+00:00</time>
      </trkpt>
      <trkpt lat="-28.15772" lon="-65.88857">
        <ele>1517</ele>
        <time>2026-07-26T04:48:41+00:00</time>
      </trkpt>
      <trkpt lat="-28.15785" lon="-65.88853">
        <ele>1517</ele>
        <time>2026-07-26T04:48:44+00:00</time>
      </trkpt>
      <trkpt lat="-28.15795" lon="-65.88848">
        <ele>1517</ele>
        <time>2026-07-26T04:48:47+00:00</time>
      </trkpt>
      <trkpt lat="-28.15812" lon="-65.88837">
        <ele>1517</ele>
        <time>2026-07-26T04:48:50+00:00</time>
      </trkpt>
      <trkpt lat="-28.1583" lon="-65.88828">
        <ele>1516</ele>
        <time>2026-07-26T04:48:53+00:00</time>
      </trkpt>
      <trkpt lat="-28.15851" lon="-65.88821">
        <ele>1516</ele>
        <time>2026-07-26T04:48:56+00:00</time>
      </trkpt>
      <trkpt lat="-28.15872" lon="-65.88811">
        <ele>1517</ele>
        <time>2026-07-26T04:48:59+00:00</time>
      </trkpt>
      <trkpt lat="-28.15894" lon="-65.888">
        <ele>1517</ele>
        <time>2026-07-26T04:49:02+00:00</time>
      </trkpt>
      <trkpt lat="-28.15906" lon="-65.88797">
        <ele>1517</ele>
        <time>2026-07-26T04:49:05+00:00</time>
      </trkpt>
      <trkpt lat="-28.15934" lon="-65.88785">
        <ele>1516</ele>
        <time>2026-07-26T04:49:08+00:00</time>
      </trkpt>
      <trkpt lat="-28.1595" lon="-65.88782">
        <ele>1515</ele>
        <time>2026-07-26T04:49:11+00:00</time>
      </trkpt>
      <trkpt lat="-28.1597" lon="-65.88777">
        <ele>1514</ele>
        <time>2026-07-26T04:49:14+00:00</time>
      </trkpt>
      <trkpt lat="-28.15978" lon="-65.88776">
        <ele>1514</ele>
        <time>2026-07-26T04:49:17+00:00</time>
      </trkpt>
      <trkpt lat="-28.16004" lon="-65.88774">
        <ele>1512</ele>
        <time>2026-07-26T04:49:20+00:00</time>
      </trkpt>
      <trkpt lat="-28.16013" lon="-65.88772">
        <ele>1512</ele>
        <time>2026-07-26T04:49:23+00:00</time>
      </trkpt>
      <trkpt lat="-28.16034" lon="-65.88771">
        <ele>1511</ele>
        <time>2026-07-26T04:49:26+00:00</time>
      </trkpt>
      <trkpt lat="-28.16053" lon="-65.88768">
        <ele>1511</ele>
        <time>2026-07-26T04:49:29+00:00</time>
      </trkpt>
      <trkpt lat="-28.16058" lon="-65.88768">
        <ele>1511</ele>
        <time>2026-07-26T04:49:32+00:00</time>
      </trkpt>
      <trkpt lat="-28.16079" lon="-65.88763">
        <ele>1510</ele>
        <time>2026-07-26T04:49:35+00:00</time>
      </trkpt>
      <trkpt lat="-28.16103" lon="-65.88759">
        <ele>1510</ele>
        <time>2026-07-26T04:49:38+00:00</time>
      </trkpt>
      <trkpt lat="-28.16115" lon="-65.88759">
        <ele>1510</ele>
        <time>2026-07-26T04:49:41+00:00</time>
      </trkpt>
      <trkpt lat="-28.16132" lon="-65.88758">
        <ele>1510</ele>
        <time>2026-07-26T04:49:44+00:00</time>
      </trkpt>
      <trkpt lat="-28.16147" lon="-65.88755">
        <ele>1510</ele>
        <time>2026-07-26T04:49:47+00:00</time>
      </trkpt>
      <trkpt lat="-28.1616" lon="-65.88755">
        <ele>1510</ele>
        <time>2026-07-26T04:49:50+00:00</time>
      </trkpt>
      <trkpt lat="-28.16171" lon="-65.88759">
        <ele>1510</ele>
        <time>2026-07-26T04:49:53+00:00</time>
      </trkpt>
      <trkpt lat="-28.16178" lon="-65.88765">
        <ele>1510</ele>
        <time>2026-07-26T04:49:56+00:00</time>
      </trkpt>
      <trkpt lat="-28.1618" lon="-65.88766">
        <ele>1510</ele>
        <time>2026-07-26T04:49:59+00:00</time>
      </trkpt>
      <trkpt lat="-28.16179" lon="-65.88768">
        <ele>1510</ele>
        <time>2026-07-26T04:50:02+00:00</time>
      </trkpt>
      <trkpt lat="-28.16182" lon="-65.88769">
        <ele>1509</ele>
        <time>2026-07-26T04:50:05+00:00</time>
      </trkpt>
      <trkpt lat="-28.1619" lon="-65.88774">
        <ele>1509</ele>
        <time>2026-07-26T04:50:08+00:00</time>
      </trkpt>
      <trkpt lat="-28.16213" lon="-65.88798">
        <ele>1509</ele>
        <time>2026-07-26T04:50:11+00:00</time>
      </trkpt>
      <trkpt lat="-28.16223" lon="-65.88803">
        <ele>1509</ele>
        <time>2026-07-26T04:50:14+00:00</time>
      </trkpt>
      <trkpt lat="-28.16234" lon="-65.888">
        <ele>1509</ele>
        <time>2026-07-26T04:50:17+00:00</time>
      </trkpt>
      <trkpt lat="-28.16242" lon="-65.88795">
        <ele>1509</ele>
        <time>2026-07-26T04:50:20+00:00</time>
      </trkpt>
      <trkpt lat="-28.16269" lon="-65.88771">
        <ele>1509</ele>
        <time>2026-07-26T04:50:23+00:00</time>
      </trkpt>
      <trkpt lat="-28.16285" lon="-65.88763">
        <ele>1509</ele>
        <time>2026-07-26T04:50:26+00:00</time>
      </trkpt>
      <trkpt lat="-28.163" lon="-65.88759">
        <ele>1509</ele>
        <time>2026-07-26T04:50:29+00:00</time>
      </trkpt>
      <trkpt lat="-28.1632" lon="-65.8876">
        <ele>1509</ele>
        <time>2026-07-26T04:50:32+00:00</time>
      </trkpt>
      <trkpt lat="-28.1633" lon="-65.88759">
        <ele>1509</ele>
        <time>2026-07-26T04:50:35+00:00</time>
      </trkpt>
      <trkpt lat="-28.16346" lon="-65.88762">
        <ele>1509</ele>
        <time>2026-07-26T04:50:38+00:00</time>
      </trkpt>
      <trkpt lat="-28.16375" lon="-65.88763">
        <ele>1509</ele>
        <time>2026-07-26T04:50:41+00:00</time>
      </trkpt>
      <trkpt lat="-28.16378" lon="-65.88764">
        <ele>1509</ele>
        <time>2026-07-26T04:50:44+00:00</time>
      </trkpt>
      <trkpt lat="-28.16388" lon="-65.8877">
        <ele>1509</ele>
        <time>2026-07-26T04:50:47+00:00</time>
      </trkpt>
      <trkpt lat="-28.16395" lon="-65.88777">
        <ele>1509</ele>
        <time>2026-07-26T04:50:50+00:00</time>
      </trkpt>
      <trkpt lat="-28.16403" lon="-65.88783">
        <ele>1509</ele>
        <time>2026-07-26T04:50:53+00:00</time>
      </trkpt>
      <trkpt lat="-28.16414" lon="-65.88786">
        <ele>1509</ele>
        <time>2026-07-26T04:50:56+00:00</time>
      </trkpt>
      <trkpt lat="-28.16424" lon="-65.88787">
        <ele>1509</ele>
        <time>2026-07-26T04:50:59+00:00</time>
      </trkpt>
      <trkpt lat="-28.16432" lon="-65.88784">
        <ele>1509</ele>
        <time>2026-07-26T04:51:02+00:00</time>
      </trkpt>
      <trkpt lat="-28.16441" lon="-65.8878">
        <ele>1509</ele>
        <time>2026-07-26T04:51:05+00:00</time>
      </trkpt>
      <trkpt lat="-28.16456" lon="-65.88776">
        <ele>1508</ele>
        <time>2026-07-26T04:51:08+00:00</time>
      </trkpt>
      <trkpt lat="-28.16471" lon="-65.88769">
        <ele>1508</ele>
        <time>2026-07-26T04:51:11+00:00</time>
      </trkpt>
      <trkpt lat="-28.16494" lon="-65.88762">
        <ele>1509</ele>
        <time>2026-07-26T04:51:14+00:00</time>
      </trkpt>
      <trkpt lat="-28.16505" lon="-65.8876">
        <ele>1509</ele>
        <time>2026-07-26T04:51:17+00:00</time>
      </trkpt>
      <trkpt lat="-28.16515" lon="-65.88761">
        <ele>1509</ele>
        <time>2026-07-26T04:51:20+00:00</time>
      </trkpt>
      <trkpt lat="-28.16537" lon="-65.88766">
        <ele>1509</ele>
        <time>2026-07-26T04:51:23+00:00</time>
      </trkpt>
      <trkpt lat="-28.16548" lon="-65.88765">
        <ele>1509</ele>
        <time>2026-07-26T04:51:26+00:00</time>
      </trkpt>
      <trkpt lat="-28.16576" lon="-65.88753">
        <ele>1509</ele>
        <time>2026-07-26T04:51:29+00:00</time>
      </trkpt>
      <trkpt lat="-28.16588" lon="-65.88751">
        <ele>1509</ele>
        <time>2026-07-26T04:51:32+00:00</time>
      </trkpt>
      <trkpt lat="-28.16604" lon="-65.88755">
        <ele>1508</ele>
        <time>2026-07-26T04:51:35+00:00</time>
      </trkpt>
      <trkpt lat="-28.16631" lon="-65.88766">
        <ele>1508</ele>
        <time>2026-07-26T04:51:38+00:00</time>
      </trkpt>
      <trkpt lat="-28.16654" lon="-65.88769">
        <ele>1507</ele>
        <time>2026-07-26T04:51:41+00:00</time>
      </trkpt>
      <trkpt lat="-28.16674" lon="-65.88762">
        <ele>1507</ele>
        <time>2026-07-26T04:51:44+00:00</time>
      </trkpt>
      <trkpt lat="-28.16684" lon="-65.88757">
        <ele>1506</ele>
        <time>2026-07-26T04:51:47+00:00</time>
      </trkpt>
      <trkpt lat="-28.16701" lon="-65.88745">
        <ele>1505</ele>
        <time>2026-07-26T04:51:50+00:00</time>
      </trkpt>
      <trkpt lat="-28.16742" lon="-65.88721">
        <ele>1502</ele>
        <time>2026-07-26T04:51:53+00:00</time>
      </trkpt>
      <trkpt lat="-28.16757" lon="-65.88709">
        <ele>1501</ele>
        <time>2026-07-26T04:51:56+00:00</time>
      </trkpt>
      <trkpt lat="-28.16766" lon="-65.88705">
        <ele>1501</ele>
        <time>2026-07-26T04:51:59+00:00</time>
      </trkpt>
      <trkpt lat="-28.16774" lon="-65.887">
        <ele>1500</ele>
        <time>2026-07-26T04:52:02+00:00</time>
      </trkpt>
      <trkpt lat="-28.16788" lon="-65.88694">
        <ele>1500</ele>
        <time>2026-07-26T04:52:05+00:00</time>
      </trkpt>
      <trkpt lat="-28.16793" lon="-65.88693">
        <ele>1499</ele>
        <time>2026-07-26T04:52:08+00:00</time>
      </trkpt>
      <trkpt lat="-28.16806" lon="-65.88692">
        <ele>1499</ele>
        <time>2026-07-26T04:52:11+00:00</time>
      </trkpt>
      <trkpt lat="-28.16816" lon="-65.88693">
        <ele>1498</ele>
        <time>2026-07-26T04:52:14+00:00</time>
      </trkpt>
      <trkpt lat="-28.16828" lon="-65.88696">
        <ele>1497</ele>
        <time>2026-07-26T04:52:17+00:00</time>
      </trkpt>
      <trkpt lat="-28.1684" lon="-65.88697">
        <ele>1496</ele>
        <time>2026-07-26T04:52:20+00:00</time>
      </trkpt>
      <trkpt lat="-28.16849" lon="-65.88697">
        <ele>1496</ele>
        <time>2026-07-26T04:52:23+00:00</time>
      </trkpt>
      <trkpt lat="-28.16891" lon="-65.88687">
        <ele>1494</ele>
        <time>2026-07-26T04:52:26+00:00</time>
      </trkpt>
      <trkpt lat="-28.16918" lon="-65.88684">
        <ele>1492</ele>
        <time>2026-07-26T04:52:29+00:00</time>
      </trkpt>
      <trkpt lat="-28.16929" lon="-65.88684">
        <ele>1492</ele>
        <time>2026-07-26T04:52:32+00:00</time>
      </trkpt>
      <trkpt lat="-28.16938" lon="-65.88684">
        <ele>1491</ele>
        <time>2026-07-26T04:52:35+00:00</time>
      </trkpt>
      <trkpt lat="-28.16954" lon="-65.88689">
        <ele>1490</ele>
        <time>2026-07-26T04:52:38+00:00</time>
      </trkpt>
      <trkpt lat="-28.1698" lon="-65.88705">
        <ele>1488</ele>
        <time>2026-07-26T04:52:41+00:00</time>
      </trkpt>
      <trkpt lat="-28.16991" lon="-65.88706">
        <ele>1487</ele>
        <time>2026-07-26T04:52:44+00:00</time>
      </trkpt>
      <trkpt lat="-28.17002" lon="-65.887">
        <ele>1486</ele>
        <time>2026-07-26T04:52:47+00:00</time>
      </trkpt>
      <trkpt lat="-28.17011" lon="-65.88691">
        <ele>1485</ele>
        <time>2026-07-26T04:52:50+00:00</time>
      </trkpt>
      <trkpt lat="-28.1702" lon="-65.88679">
        <ele>1484</ele>
        <time>2026-07-26T04:52:53+00:00</time>
      </trkpt>
      <trkpt lat="-28.17026" lon="-65.88667">
        <ele>1483</ele>
        <time>2026-07-26T04:52:56+00:00</time>
      </trkpt>
      <trkpt lat="-28.17029" lon="-65.88665">
        <ele>1483</ele>
        <time>2026-07-26T04:52:59+00:00</time>
      </trkpt>
      <trkpt lat="-28.17033" lon="-65.88657">
        <ele>1483</ele>
        <time>2026-07-26T04:53:02+00:00</time>
      </trkpt>
      <trkpt lat="-28.17042" lon="-65.88641">
        <ele>1481</ele>
        <time>2026-07-26T04:53:05+00:00</time>
      </trkpt>
      <trkpt lat="-28.17053" lon="-65.88616">
        <ele>1480</ele>
        <time>2026-07-26T04:53:08+00:00</time>
      </trkpt>
      <trkpt lat="-28.17058" lon="-65.88608">
        <ele>1479</ele>
        <time>2026-07-26T04:53:11+00:00</time>
      </trkpt>
      <trkpt lat="-28.17073" lon="-65.88595">
        <ele>1478</ele>
        <time>2026-07-26T04:53:14+00:00</time>
      </trkpt>
      <trkpt lat="-28.17079" lon="-65.8859">
        <ele>1477</ele>
        <time>2026-07-26T04:53:17+00:00</time>
      </trkpt>
      <trkpt lat="-28.17101" lon="-65.88567">
        <ele>1475</ele>
        <time>2026-07-26T04:53:20+00:00</time>
      </trkpt>
      <trkpt lat="-28.17109" lon="-65.8856">
        <ele>1474</ele>
        <time>2026-07-26T04:53:23+00:00</time>
      </trkpt>
      <trkpt lat="-28.17118" lon="-65.88551">
        <ele>1474</ele>
        <time>2026-07-26T04:53:26+00:00</time>
      </trkpt>
      <trkpt lat="-28.17128" lon="-65.88543">
        <ele>1474</ele>
        <time>2026-07-26T04:53:29+00:00</time>
      </trkpt>
      <trkpt lat="-28.17146" lon="-65.88525">
        <ele>1473</ele>
        <time>2026-07-26T04:53:32+00:00</time>
      </trkpt>
      <trkpt lat="-28.17154" lon="-65.88518">
        <ele>1473</ele>
        <time>2026-07-26T04:53:35+00:00</time>
      </trkpt>
      <trkpt lat="-28.17165" lon="-65.88511">
        <ele>1472</ele>
        <time>2026-07-26T04:53:38+00:00</time>
      </trkpt>
      <trkpt lat="-28.17195" lon="-65.88488">
        <ele>1470</ele>
        <time>2026-07-26T04:53:41+00:00</time>
      </trkpt>
      <trkpt lat="-28.17209" lon="-65.8848">
        <ele>1469</ele>
        <time>2026-07-26T04:53:44+00:00</time>
      </trkpt>
      <trkpt lat="-28.17212" lon="-65.88477">
        <ele>1469</ele>
        <time>2026-07-26T04:53:47+00:00</time>
      </trkpt>
      <trkpt lat="-28.17219" lon="-65.88472">
        <ele>1469</ele>
        <time>2026-07-26T04:53:50+00:00</time>
      </trkpt>
      <trkpt lat="-28.1723" lon="-65.88465">
        <ele>1468</ele>
        <time>2026-07-26T04:53:53+00:00</time>
      </trkpt>
      <trkpt lat="-28.17237" lon="-65.8846">
        <ele>1468</ele>
        <time>2026-07-26T04:53:56+00:00</time>
      </trkpt>
      <trkpt lat="-28.17241" lon="-65.88457">
        <ele>1468</ele>
        <time>2026-07-26T04:53:59+00:00</time>
      </trkpt>
      <trkpt lat="-28.17252" lon="-65.88449">
        <ele>1467</ele>
        <time>2026-07-26T04:54:02+00:00</time>
      </trkpt>
      <trkpt lat="-28.17258" lon="-65.88446">
        <ele>1467</ele>
        <time>2026-07-26T04:54:05+00:00</time>
      </trkpt>
      <trkpt lat="-28.17278" lon="-65.8844">
        <ele>1466</ele>
        <time>2026-07-26T04:54:08+00:00</time>
      </trkpt>
      <trkpt lat="-28.17284" lon="-65.8844">
        <ele>1466</ele>
        <time>2026-07-26T04:54:11+00:00</time>
      </trkpt>
      <trkpt lat="-28.17289" lon="-65.8844">
        <ele>1465</ele>
        <time>2026-07-26T04:54:14+00:00</time>
      </trkpt>
      <trkpt lat="-28.17309" lon="-65.88434">
        <ele>1465</ele>
        <time>2026-07-26T04:54:17+00:00</time>
      </trkpt>
      <trkpt lat="-28.17334" lon="-65.8842">
        <ele>1464</ele>
        <time>2026-07-26T04:54:20+00:00</time>
      </trkpt>
      <trkpt lat="-28.17339" lon="-65.8842">
        <ele>1464</ele>
        <time>2026-07-26T04:54:23+00:00</time>
      </trkpt>
      <trkpt lat="-28.17343" lon="-65.88424">
        <ele>1464</ele>
        <time>2026-07-26T04:54:26+00:00</time>
      </trkpt>
      <trkpt lat="-28.17346" lon="-65.88432">
        <ele>1463</ele>
        <time>2026-07-26T04:54:29+00:00</time>
      </trkpt>
      <trkpt lat="-28.17352" lon="-65.8845">
        <ele>1461</ele>
        <time>2026-07-26T04:54:32+00:00</time>
      </trkpt>
      <trkpt lat="-28.17361" lon="-65.88453">
        <ele>1460</ele>
        <time>2026-07-26T04:54:35+00:00</time>
      </trkpt>
      <trkpt lat="-28.17367" lon="-65.88444">
        <ele>1460</ele>
        <time>2026-07-26T04:54:38+00:00</time>
      </trkpt>
      <trkpt lat="-28.17371" lon="-65.88434">
        <ele>1459</ele>
        <time>2026-07-26T04:54:41+00:00</time>
      </trkpt>
      <trkpt lat="-28.17383" lon="-65.88412">
        <ele>1457</ele>
        <time>2026-07-26T04:54:44+00:00</time>
      </trkpt>
      <trkpt lat="-28.17384" lon="-65.88402">
        <ele>1457</ele>
        <time>2026-07-26T04:54:47+00:00</time>
      </trkpt>
      <trkpt lat="-28.17377" lon="-65.8839">
        <ele>1457</ele>
        <time>2026-07-26T04:54:50+00:00</time>
      </trkpt>
      <trkpt lat="-28.1736" lon="-65.8838">
        <ele>1455</ele>
        <time>2026-07-26T04:54:53+00:00</time>
      </trkpt>
      <trkpt lat="-28.17349" lon="-65.88375">
        <ele>1455</ele>
        <time>2026-07-26T04:54:56+00:00</time>
      </trkpt>
      <trkpt lat="-28.17337" lon="-65.88372">
        <ele>1454</ele>
        <time>2026-07-26T04:54:59+00:00</time>
      </trkpt>
      <trkpt lat="-28.17328" lon="-65.88374">
        <ele>1453</ele>
        <time>2026-07-26T04:55:02+00:00</time>
      </trkpt>
      <trkpt lat="-28.17318" lon="-65.88374">
        <ele>1452</ele>
        <time>2026-07-26T04:55:05+00:00</time>
      </trkpt>
      <trkpt lat="-28.17321" lon="-65.88363">
        <ele>1451</ele>
        <time>2026-07-26T04:55:08+00:00</time>
      </trkpt>
      <trkpt lat="-28.17324" lon="-65.88362">
        <ele>1451</ele>
        <time>2026-07-26T04:55:11+00:00</time>
      </trkpt>
      <trkpt lat="-28.17329" lon="-65.88362">
        <ele>1451</ele>
        <time>2026-07-26T04:55:14+00:00</time>
      </trkpt>
      <trkpt lat="-28.17359" lon="-65.88358">
        <ele>1449</ele>
        <time>2026-07-26T04:55:17+00:00</time>
      </trkpt>
      <trkpt lat="-28.17377" lon="-65.88354">
        <ele>1447</ele>
        <time>2026-07-26T04:55:20+00:00</time>
      </trkpt>
      <trkpt lat="-28.17394" lon="-65.88352">
        <ele>1446</ele>
        <time>2026-07-26T04:55:23+00:00</time>
      </trkpt>
      <trkpt lat="-28.17402" lon="-65.88353">
        <ele>1446</ele>
        <time>2026-07-26T04:55:26+00:00</time>
      </trkpt>
      <trkpt lat="-28.17421" lon="-65.88358">
        <ele>1445</ele>
        <time>2026-07-26T04:55:29+00:00</time>
      </trkpt>
      <trkpt lat="-28.17432" lon="-65.88361">
        <ele>1444</ele>
        <time>2026-07-26T04:55:32+00:00</time>
      </trkpt>
      <trkpt lat="-28.17448" lon="-65.88369">
        <ele>1443</ele>
        <time>2026-07-26T04:55:35+00:00</time>
      </trkpt>
      <trkpt lat="-28.17458" lon="-65.88376">
        <ele>1443</ele>
        <time>2026-07-26T04:55:38+00:00</time>
      </trkpt>
      <trkpt lat="-28.17471" lon="-65.88392">
        <ele>1442</ele>
        <time>2026-07-26T04:55:41+00:00</time>
      </trkpt>
      <trkpt lat="-28.17476" lon="-65.88401">
        <ele>1442</ele>
        <time>2026-07-26T04:55:44+00:00</time>
      </trkpt>
      <trkpt lat="-28.17482" lon="-65.8841">
        <ele>1442</ele>
        <time>2026-07-26T04:55:47+00:00</time>
      </trkpt>
      <trkpt lat="-28.17487" lon="-65.88413">
        <ele>1442</ele>
        <time>2026-07-26T04:55:50+00:00</time>
      </trkpt>
      <trkpt lat="-28.17491" lon="-65.88414">
        <ele>1442</ele>
        <time>2026-07-26T04:55:53+00:00</time>
      </trkpt>
      <trkpt lat="-28.17493" lon="-65.88415">
        <ele>1442</ele>
        <time>2026-07-26T04:55:56+00:00</time>
      </trkpt>
      <trkpt lat="-28.17493" lon="-65.88413">
        <ele>1442</ele>
        <time>2026-07-26T04:55:59+00:00</time>
      </trkpt>
      <trkpt lat="-28.17494" lon="-65.88414">
        <ele>1442</ele>
        <time>2026-07-26T04:56:02+00:00</time>
      </trkpt>
      <trkpt lat="-28.17493" lon="-65.88413">
        <ele>1442</ele>
        <time>2026-07-26T04:56:05+00:00</time>
      </trkpt>
      <trkpt lat="-28.17491" lon="-65.8842">
        <ele>1442</ele>
        <time>2026-07-26T04:56:08+00:00</time>
      </trkpt>
      <trkpt lat="-28.17487" lon="-65.8843">
        <ele>1441</ele>
        <time>2026-07-26T04:56:11+00:00</time>
      </trkpt>
      <trkpt lat="-28.17487" lon="-65.88433">
        <ele>1441</ele>
        <time>2026-07-26T04:56:14+00:00</time>
      </trkpt>
      <trkpt lat="-28.17491" lon="-65.88434">
        <ele>1441</ele>
        <time>2026-07-26T04:56:17+00:00</time>
      </trkpt>
      <trkpt lat="-28.17502" lon="-65.88427">
        <ele>1439</ele>
        <time>2026-07-26T04:56:20+00:00</time>
      </trkpt>
      <trkpt lat="-28.17515" lon="-65.88421">
        <ele>1439</ele>
        <time>2026-07-26T04:56:23+00:00</time>
      </trkpt>
      <trkpt lat="-28.17528" lon="-65.88412">
        <ele>1438</ele>
        <time>2026-07-26T04:56:26+00:00</time>
      </trkpt>
      <trkpt lat="-28.17558" lon="-65.884">
        <ele>1438</ele>
        <time>2026-07-26T04:56:29+00:00</time>
      </trkpt>
      <trkpt lat="-28.17565" lon="-65.88398">
        <ele>1438</ele>
        <time>2026-07-26T04:56:32+00:00</time>
      </trkpt>
      <trkpt lat="-28.17575" lon="-65.88397">
        <ele>1438</ele>
        <time>2026-07-26T04:56:35+00:00</time>
      </trkpt>
      <trkpt lat="-28.1758" lon="-65.88396">
        <ele>1438</ele>
        <time>2026-07-26T04:56:38+00:00</time>
      </trkpt>
      <trkpt lat="-28.17619" lon="-65.88383">
        <ele>1437</ele>
        <time>2026-07-26T04:56:41+00:00</time>
      </trkpt>
      <trkpt lat="-28.17642" lon="-65.88378">
        <ele>1436</ele>
        <time>2026-07-26T04:56:44+00:00</time>
      </trkpt>
      <trkpt lat="-28.17669" lon="-65.88378">
        <ele>1435</ele>
        <time>2026-07-26T04:56:47+00:00</time>
      </trkpt>
      <trkpt lat="-28.17689" lon="-65.8838">
        <ele>1434</ele>
        <time>2026-07-26T04:56:50+00:00</time>
      </trkpt>
      <trkpt lat="-28.17709" lon="-65.88379">
        <ele>1433</ele>
        <time>2026-07-26T04:56:53+00:00</time>
      </trkpt>
      <trkpt lat="-28.1773" lon="-65.88375">
        <ele>1432</ele>
        <time>2026-07-26T04:56:56+00:00</time>
      </trkpt>
      <trkpt lat="-28.1774" lon="-65.88375">
        <ele>1431</ele>
        <time>2026-07-26T04:56:59+00:00</time>
      </trkpt>
      <trkpt lat="-28.1775" lon="-65.88371">
        <ele>1430</ele>
        <time>2026-07-26T04:57:02+00:00</time>
      </trkpt>
      <trkpt lat="-28.17759" lon="-65.88369">
        <ele>1429</ele>
        <time>2026-07-26T04:57:05+00:00</time>
      </trkpt>
      <trkpt lat="-28.17779" lon="-65.88371">
        <ele>1428</ele>
        <time>2026-07-26T04:57:08+00:00</time>
      </trkpt>
      <trkpt lat="-28.17808" lon="-65.8837">
        <ele>1426</ele>
        <time>2026-07-26T04:57:11+00:00</time>
      </trkpt>
      <trkpt lat="-28.17819" lon="-65.8837">
        <ele>1426</ele>
        <time>2026-07-26T04:57:14+00:00</time>
      </trkpt>
      <trkpt lat="-28.17832" lon="-65.88369">
        <ele>1425</ele>
        <time>2026-07-26T04:57:17+00:00</time>
      </trkpt>
      <trkpt lat="-28.1784" lon="-65.88367">
        <ele>1424</ele>
        <time>2026-07-26T04:57:20+00:00</time>
      </trkpt>
      <trkpt lat="-28.17859" lon="-65.8836">
        <ele>1423</ele>
        <time>2026-07-26T04:57:23+00:00</time>
      </trkpt>
      <trkpt lat="-28.1787" lon="-65.88353">
        <ele>1422</ele>
        <time>2026-07-26T04:57:26+00:00</time>
      </trkpt>
      <trkpt lat="-28.1788" lon="-65.88344">
        <ele>1421</ele>
        <time>2026-07-26T04:57:29+00:00</time>
      </trkpt>
      <trkpt lat="-28.1789" lon="-65.88334">
        <ele>1420</ele>
        <time>2026-07-26T04:57:32+00:00</time>
      </trkpt>
      <trkpt lat="-28.17901" lon="-65.88321">
        <ele>1419</ele>
        <time>2026-07-26T04:57:35+00:00</time>
      </trkpt>
      <trkpt lat="-28.17907" lon="-65.88311">
        <ele>1419</ele>
        <time>2026-07-26T04:57:38+00:00</time>
      </trkpt>
      <trkpt lat="-28.17915" lon="-65.88303">
        <ele>1418</ele>
        <time>2026-07-26T04:57:41+00:00</time>
      </trkpt>
      <trkpt lat="-28.17923" lon="-65.88297">
        <ele>1417</ele>
        <time>2026-07-26T04:57:44+00:00</time>
      </trkpt>
      <trkpt lat="-28.17941" lon="-65.88289">
        <ele>1416</ele>
        <time>2026-07-26T04:57:47+00:00</time>
      </trkpt>
      <trkpt lat="-28.17971" lon="-65.88273">
        <ele>1414</ele>
        <time>2026-07-26T04:57:50+00:00</time>
      </trkpt>
      <trkpt lat="-28.18002" lon="-65.88264">
        <ele>1413</ele>
        <time>2026-07-26T04:57:53+00:00</time>
      </trkpt>
      <trkpt lat="-28.18039" lon="-65.8825">
        <ele>1412</ele>
        <time>2026-07-26T04:57:56+00:00</time>
      </trkpt>
      <trkpt lat="-28.18053" lon="-65.88242">
        <ele>1412</ele>
        <time>2026-07-26T04:57:59+00:00</time>
      </trkpt>
      <trkpt lat="-28.18062" lon="-65.88233">
        <ele>1411</ele>
        <time>2026-07-26T04:58:02+00:00</time>
      </trkpt>
      <trkpt lat="-28.18067" lon="-65.88231">
        <ele>1410</ele>
        <time>2026-07-26T04:58:05+00:00</time>
      </trkpt>
      <trkpt lat="-28.18068" lon="-65.88233">
        <ele>1410</ele>
        <time>2026-07-26T04:58:08+00:00</time>
      </trkpt>
      <trkpt lat="-28.18067" lon="-65.88236">
        <ele>1410</ele>
        <time>2026-07-26T04:58:11+00:00</time>
      </trkpt>
      <trkpt lat="-28.18066" lon="-65.88248">
        <ele>1409</ele>
        <time>2026-07-26T04:58:14+00:00</time>
      </trkpt>
      <trkpt lat="-28.18065" lon="-65.88253">
        <ele>1408</ele>
        <time>2026-07-26T04:58:17+00:00</time>
      </trkpt>
      <trkpt lat="-28.18063" lon="-65.88258">
        <ele>1408</ele>
        <time>2026-07-26T04:58:20+00:00</time>
      </trkpt>
      <trkpt lat="-28.18058" lon="-65.88265">
        <ele>1407</ele>
        <time>2026-07-26T04:58:23+00:00</time>
      </trkpt>
      <trkpt lat="-28.18054" lon="-65.88268">
        <ele>1406</ele>
        <time>2026-07-26T04:58:26+00:00</time>
      </trkpt>
      <trkpt lat="-28.18044" lon="-65.88273">
        <ele>1405</ele>
        <time>2026-07-26T04:58:29+00:00</time>
      </trkpt>
      <trkpt lat="-28.18031" lon="-65.88281">
        <ele>1403</ele>
        <time>2026-07-26T04:58:32+00:00</time>
      </trkpt>
      <trkpt lat="-28.18028" lon="-65.88283">
        <ele>1403</ele>
        <time>2026-07-26T04:58:35+00:00</time>
      </trkpt>
      <trkpt lat="-28.18023" lon="-65.88288">
        <ele>1402</ele>
        <time>2026-07-26T04:58:38+00:00</time>
      </trkpt>
      <trkpt lat="-28.18017" lon="-65.88291">
        <ele>1401</ele>
        <time>2026-07-26T04:58:41+00:00</time>
      </trkpt>
      <trkpt lat="-28.17995" lon="-65.88311">
        <ele>1398</ele>
        <time>2026-07-26T04:58:44+00:00</time>
      </trkpt>
      <trkpt lat="-28.17991" lon="-65.88316">
        <ele>1397</ele>
        <time>2026-07-26T04:58:47+00:00</time>
      </trkpt>
      <trkpt lat="-28.17984" lon="-65.88331">
        <ele>1396</ele>
        <time>2026-07-26T04:58:50+00:00</time>
      </trkpt>
      <trkpt lat="-28.17975" lon="-65.88367">
        <ele>1392</ele>
        <time>2026-07-26T04:58:53+00:00</time>
      </trkpt>
      <trkpt lat="-28.1797" lon="-65.88377">
        <ele>1391</ele>
        <time>2026-07-26T04:58:56+00:00</time>
      </trkpt>
      <trkpt lat="-28.17965" lon="-65.88383">
        <ele>1390</ele>
        <time>2026-07-26T04:58:59+00:00</time>
      </trkpt>
      <trkpt lat="-28.17957" lon="-65.88391">
        <ele>1389</ele>
        <time>2026-07-26T04:59:02+00:00</time>
      </trkpt>
      <trkpt lat="-28.17967" lon="-65.88392">
        <ele>1388</ele>
        <time>2026-07-26T04:59:05+00:00</time>
      </trkpt>
      <trkpt lat="-28.17975" lon="-65.88382">
        <ele>1387</ele>
        <time>2026-07-26T04:59:08+00:00</time>
      </trkpt>
      <trkpt lat="-28.17977" lon="-65.88381">
        <ele>1387</ele>
        <time>2026-07-26T04:59:11+00:00</time>
      </trkpt>
      <trkpt lat="-28.17981" lon="-65.88386">
        <ele>1387</ele>
        <time>2026-07-26T04:59:14+00:00</time>
      </trkpt>
      <trkpt lat="-28.17979" lon="-65.88398">
        <ele>1387</ele>
        <time>2026-07-26T04:59:17+00:00</time>
      </trkpt>
      <trkpt lat="-28.17977" lon="-65.88404">
        <ele>1387</ele>
        <time>2026-07-26T04:59:20+00:00</time>
      </trkpt>
      <trkpt lat="-28.17974" lon="-65.88409">
        <ele>1387</ele>
        <time>2026-07-26T04:59:23+00:00</time>
      </trkpt>
      <trkpt lat="-28.17971" lon="-65.88421">
        <ele>1388</ele>
        <time>2026-07-26T04:59:26+00:00</time>
      </trkpt>
      <trkpt lat="-28.17967" lon="-65.88431">
        <ele>1389</ele>
        <time>2026-07-26T04:59:29+00:00</time>
      </trkpt>
      <trkpt lat="-28.17949" lon="-65.88441">
        <ele>1391</ele>
        <time>2026-07-26T04:59:32+00:00</time>
      </trkpt>
      <trkpt lat="-28.17931" lon="-65.88454">
        <ele>1393</ele>
        <time>2026-07-26T04:59:35+00:00</time>
      </trkpt>
      <trkpt lat="-28.1793" lon="-65.88465">
        <ele>1394</ele>
        <time>2026-07-26T04:59:38+00:00</time>
      </trkpt>
      <trkpt lat="-28.17932" lon="-65.88466">
        <ele>1394</ele>
        <time>2026-07-26T04:59:41+00:00</time>
      </trkpt>
      <trkpt lat="-28.17935" lon="-65.88465">
        <ele>1395</ele>
        <time>2026-07-26T04:59:44+00:00</time>
      </trkpt>
      <trkpt lat="-28.17952" lon="-65.88452">
        <ele>1397</ele>
        <time>2026-07-26T04:59:47+00:00</time>
      </trkpt>
      <trkpt lat="-28.17968" lon="-65.88449">
        <ele>1399</ele>
        <time>2026-07-26T04:59:50+00:00</time>
      </trkpt>
      <trkpt lat="-28.17971" lon="-65.88449">
        <ele>1400</ele>
        <time>2026-07-26T04:59:53+00:00</time>
      </trkpt>
      <trkpt lat="-28.17978" lon="-65.8845">
        <ele>1401</ele>
        <time>2026-07-26T04:59:56+00:00</time>
      </trkpt>
      <trkpt lat="-28.17984" lon="-65.88453">
        <ele>1402</ele>
        <time>2026-07-26T04:59:59+00:00</time>
      </trkpt>
      <trkpt lat="-28.1799" lon="-65.88454">
        <ele>1403</ele>
        <time>2026-07-26T05:00:02+00:00</time>
      </trkpt>
      <trkpt lat="-28.17993" lon="-65.88454">
        <ele>1403</ele>
        <time>2026-07-26T05:00:05+00:00</time>
      </trkpt>
      <trkpt lat="-28.18" lon="-65.88457">
        <ele>1404</ele>
        <time>2026-07-26T05:00:08+00:00</time>
      </trkpt>
      <trkpt lat="-28.18001" lon="-65.8846">
        <ele>1405</ele>
        <time>2026-07-26T05:00:11+00:00</time>
      </trkpt>
      <trkpt lat="-28.18" lon="-65.88462">
        <ele>1405</ele>
        <time>2026-07-26T05:00:14+00:00</time>
      </trkpt>
      <trkpt lat="-28.17997" lon="-65.88467">
        <ele>1405</ele>
        <time>2026-07-26T05:00:17+00:00</time>
      </trkpt>
      <trkpt lat="-28.17993" lon="-65.88469">
        <ele>1406</ele>
        <time>2026-07-26T05:00:20+00:00</time>
      </trkpt>
      <trkpt lat="-28.17992" lon="-65.88471">
        <ele>1406</ele>
        <time>2026-07-26T05:00:23+00:00</time>
      </trkpt>
      <trkpt lat="-28.1799" lon="-65.88474">
        <ele>1406</ele>
        <time>2026-07-26T05:00:26+00:00</time>
      </trkpt>
      <trkpt lat="-28.17981" lon="-65.88481">
        <ele>1407</ele>
        <time>2026-07-26T05:00:29+00:00</time>
      </trkpt>
      <trkpt lat="-28.17979" lon="-65.88484">
        <ele>1408</ele>
        <time>2026-07-26T05:00:32+00:00</time>
      </trkpt>
      <trkpt lat="-28.17971" lon="-65.88489">
        <ele>1409</ele>
        <time>2026-07-26T05:00:35+00:00</time>
      </trkpt>
      <trkpt lat="-28.1796" lon="-65.88498">
        <ele>1411</ele>
        <time>2026-07-26T05:00:38+00:00</time>
      </trkpt>
      <trkpt lat="-28.17957" lon="-65.88505">
        <ele>1412</ele>
        <time>2026-07-26T05:00:41+00:00</time>
      </trkpt>
      <trkpt lat="-28.17956" lon="-65.88507">
        <ele>1412</ele>
        <time>2026-07-26T05:00:44+00:00</time>
      </trkpt>
      <trkpt lat="-28.17957" lon="-65.88509">
        <ele>1412</ele>
        <time>2026-07-26T05:00:47+00:00</time>
      </trkpt>
      <trkpt lat="-28.17959" lon="-65.88512">
        <ele>1413</ele>
        <time>2026-07-26T05:00:50+00:00</time>
      </trkpt>
      <trkpt lat="-28.17962" lon="-65.88514">
        <ele>1413</ele>
        <time>2026-07-26T05:00:53+00:00</time>
      </trkpt>
      <trkpt lat="-28.17967" lon="-65.88514">
        <ele>1414</ele>
        <time>2026-07-26T05:00:56+00:00</time>
      </trkpt>
      <trkpt lat="-28.17973" lon="-65.88512">
        <ele>1415</ele>
        <time>2026-07-26T05:00:59+00:00</time>
      </trkpt>
      <trkpt lat="-28.17979" lon="-65.88512">
        <ele>1416</ele>
        <time>2026-07-26T05:01:02+00:00</time>
      </trkpt>
      <trkpt lat="-28.17988" lon="-65.88515">
        <ele>1417</ele>
        <time>2026-07-26T05:01:05+00:00</time>
      </trkpt>
      <trkpt lat="-28.1802" lon="-65.88522">
        <ele>1422</ele>
        <time>2026-07-26T05:01:08+00:00</time>
      </trkpt>
      <trkpt lat="-28.18022" lon="-65.88524">
        <ele>1423</ele>
        <time>2026-07-26T05:01:11+00:00</time>
      </trkpt>
      <trkpt lat="-28.18023" lon="-65.88525">
        <ele>1423</ele>
        <time>2026-07-26T05:01:14+00:00</time>
      </trkpt>
      <trkpt lat="-28.18023" lon="-65.8853">
        <ele>1424</ele>
        <time>2026-07-26T05:01:17+00:00</time>
      </trkpt>
      <trkpt lat="-28.1802" lon="-65.88535">
        <ele>1425</ele>
        <time>2026-07-26T05:01:20+00:00</time>
      </trkpt>
      <trkpt lat="-28.18015" lon="-65.88541">
        <ele>1426</ele>
        <time>2026-07-26T05:01:23+00:00</time>
      </trkpt>
      <trkpt lat="-28.1799" lon="-65.88562">
        <ele>1431</ele>
        <time>2026-07-26T05:01:26+00:00</time>
      </trkpt>
      <trkpt lat="-28.17987" lon="-65.88566">
        <ele>1431</ele>
        <time>2026-07-26T05:01:29+00:00</time>
      </trkpt>
      <trkpt lat="-28.17986" lon="-65.88572">
        <ele>1432</ele>
        <time>2026-07-26T05:01:32+00:00</time>
      </trkpt>
      <trkpt lat="-28.17985" lon="-65.88576">
        <ele>1432</ele>
        <time>2026-07-26T05:01:35+00:00</time>
      </trkpt>
      <trkpt lat="-28.17989" lon="-65.88595">
        <ele>1435</ele>
        <time>2026-07-26T05:01:38+00:00</time>
      </trkpt>
      <trkpt lat="-28.17991" lon="-65.88598">
        <ele>1435</ele>
        <time>2026-07-26T05:01:41+00:00</time>
      </trkpt>
      <trkpt lat="-28.17992" lon="-65.88611">
        <ele>1437</ele>
        <time>2026-07-26T05:01:44+00:00</time>
      </trkpt>
      <trkpt lat="-28.17993" lon="-65.88617">
        <ele>1438</ele>
        <time>2026-07-26T05:01:47+00:00</time>
      </trkpt>
      <trkpt lat="-28.17993" lon="-65.88621">
        <ele>1438</ele>
        <time>2026-07-26T05:01:50+00:00</time>
      </trkpt>
      <trkpt lat="-28.17994" lon="-65.88627">
        <ele>1439</ele>
        <time>2026-07-26T05:01:53+00:00</time>
      </trkpt>
      <trkpt lat="-28.17997" lon="-65.88633">
        <ele>1440</ele>
        <time>2026-07-26T05:01:56+00:00</time>
      </trkpt>
      <trkpt lat="-28.17998" lon="-65.88637">
        <ele>1440</ele>
        <time>2026-07-26T05:01:59+00:00</time>
      </trkpt>
      <trkpt lat="-28.17999" lon="-65.88655">
        <ele>1442</ele>
        <time>2026-07-26T05:02:02+00:00</time>
      </trkpt>
      <trkpt lat="-28.17997" lon="-65.88668">
        <ele>1443</ele>
        <time>2026-07-26T05:02:05+00:00</time>
      </trkpt>
      <trkpt lat="-28.17994" lon="-65.88674">
        <ele>1444</ele>
        <time>2026-07-26T05:02:08+00:00</time>
      </trkpt>
      <trkpt lat="-28.1799" lon="-65.88683">
        <ele>1445</ele>
        <time>2026-07-26T05:02:11+00:00</time>
      </trkpt>
      <trkpt lat="-28.17988" lon="-65.88693">
        <ele>1445</ele>
        <time>2026-07-26T05:02:14+00:00</time>
      </trkpt>
      <trkpt lat="-28.17982" lon="-65.88707">
        <ele>1447</ele>
        <time>2026-07-26T05:02:17+00:00</time>
      </trkpt>
      <trkpt lat="-28.17979" lon="-65.88719">
        <ele>1448</ele>
        <time>2026-07-26T05:02:20+00:00</time>
      </trkpt>
      <trkpt lat="-28.17975" lon="-65.88726">
        <ele>1449</ele>
        <time>2026-07-26T05:02:23+00:00</time>
      </trkpt>
      <trkpt lat="-28.17974" lon="-65.88733">
        <ele>1450</ele>
        <time>2026-07-26T05:02:26+00:00</time>
      </trkpt>
      <trkpt lat="-28.17969" lon="-65.88745">
        <ele>1452</ele>
        <time>2026-07-26T05:02:29+00:00</time>
      </trkpt>
      <trkpt lat="-28.17966" lon="-65.88757">
        <ele>1453</ele>
        <time>2026-07-26T05:02:32+00:00</time>
      </trkpt>
      <trkpt lat="-28.17961" lon="-65.88775">
        <ele>1456</ele>
        <time>2026-07-26T05:02:35+00:00</time>
      </trkpt>
      <trkpt lat="-28.17963" lon="-65.88784">
        <ele>1457</ele>
        <time>2026-07-26T05:02:38+00:00</time>
      </trkpt>
      <trkpt lat="-28.17962" lon="-65.88789">
        <ele>1458</ele>
        <time>2026-07-26T05:02:41+00:00</time>
      </trkpt>
      <trkpt lat="-28.17965" lon="-65.88801">
        <ele>1460</ele>
        <time>2026-07-26T05:02:44+00:00</time>
      </trkpt>
      <trkpt lat="-28.17964" lon="-65.88802">
        <ele>1460</ele>
        <time>2026-07-26T05:02:47+00:00</time>
      </trkpt>
      <trkpt lat="-28.17964" lon="-65.88804">
        <ele>1460</ele>
        <time>2026-07-26T05:02:50+00:00</time>
      </trkpt>
      <trkpt lat="-28.17959" lon="-65.88808">
        <ele>1461</ele>
        <time>2026-07-26T05:02:53+00:00</time>
      </trkpt>
      <trkpt lat="-28.17947" lon="-65.88817">
        <ele>1463</ele>
        <time>2026-07-26T05:02:56+00:00</time>
      </trkpt>
      <trkpt lat="-28.17944" lon="-65.88819">
        <ele>1464</ele>
        <time>2026-07-26T05:02:59+00:00</time>
      </trkpt>
      <trkpt lat="-28.17938" lon="-65.88823">
        <ele>1465</ele>
        <time>2026-07-26T05:03:02+00:00</time>
      </trkpt>
      <trkpt lat="-28.17936" lon="-65.88827">
        <ele>1466</ele>
        <time>2026-07-26T05:03:05+00:00</time>
      </trkpt>
      <trkpt lat="-28.17936" lon="-65.88835">
        <ele>1467</ele>
        <time>2026-07-26T05:03:08+00:00</time>
      </trkpt>
      <trkpt lat="-28.17936" lon="-65.88837">
        <ele>1467</ele>
        <time>2026-07-26T05:03:11+00:00</time>
      </trkpt>
      <trkpt lat="-28.17938" lon="-65.8884">
        <ele>1468</ele>
        <time>2026-07-26T05:03:14+00:00</time>
      </trkpt>
      <trkpt lat="-28.1795" lon="-65.88845">
        <ele>1470</ele>
        <time>2026-07-26T05:03:17+00:00</time>
      </trkpt>
      <trkpt lat="-28.17954" lon="-65.88849">
        <ele>1471</ele>
        <time>2026-07-26T05:03:20+00:00</time>
      </trkpt>
      <trkpt lat="-28.17953" lon="-65.88852">
        <ele>1471</ele>
        <time>2026-07-26T05:03:23+00:00</time>
      </trkpt>
      <trkpt lat="-28.17951" lon="-65.88854">
        <ele>1472</ele>
        <time>2026-07-26T05:03:26+00:00</time>
      </trkpt>
      <trkpt lat="-28.17948" lon="-65.88855">
        <ele>1472</ele>
        <time>2026-07-26T05:03:29+00:00</time>
      </trkpt>
      <trkpt lat="-28.1794" lon="-65.88861">
        <ele>1474</ele>
        <time>2026-07-26T05:03:32+00:00</time>
      </trkpt>
      <trkpt lat="-28.1793" lon="-65.88865">
        <ele>1476</ele>
        <time>2026-07-26T05:03:35+00:00</time>
      </trkpt>
      <trkpt lat="-28.17928" lon="-65.88866">
        <ele>1476</ele>
        <time>2026-07-26T05:03:38+00:00</time>
      </trkpt>
      <trkpt lat="-28.1792" lon="-65.88877">
        <ele>1479</ele>
        <time>2026-07-26T05:03:41+00:00</time>
      </trkpt>
      <trkpt lat="-28.17921" lon="-65.88889">
        <ele>1481</ele>
        <time>2026-07-26T05:03:44+00:00</time>
      </trkpt>
      <trkpt lat="-28.1792" lon="-65.88893">
        <ele>1482</ele>
        <time>2026-07-26T05:03:47+00:00</time>
      </trkpt>
      <trkpt lat="-28.17914" lon="-65.88899">
        <ele>1484</ele>
        <time>2026-07-26T05:03:50+00:00</time>
      </trkpt>
      <trkpt lat="-28.17905" lon="-65.88905">
        <ele>1487</ele>
        <time>2026-07-26T05:03:53+00:00</time>
      </trkpt>
      <trkpt lat="-28.17892" lon="-65.88911">
        <ele>1490</ele>
        <time>2026-07-26T05:03:56+00:00</time>
      </trkpt>
      <trkpt lat="-28.17879" lon="-65.88913">
        <ele>1492</ele>
        <time>2026-07-26T05:03:59+00:00</time>
      </trkpt>
      <trkpt lat="-28.17875" lon="-65.88914">
        <ele>1492</ele>
        <time>2026-07-26T05:04:02+00:00</time>
      </trkpt>
      <trkpt lat="-28.1787" lon="-65.88915">
        <ele>1493</ele>
        <time>2026-07-26T05:04:05+00:00</time>
      </trkpt>
      <trkpt lat="-28.17868" lon="-65.88915">
        <ele>1493</ele>
        <time>2026-07-26T05:04:08+00:00</time>
      </trkpt>
      <trkpt lat="-28.17858" lon="-65.88916">
        <ele>1494</ele>
        <time>2026-07-26T05:04:11+00:00</time>
      </trkpt>
      <trkpt lat="-28.17847" lon="-65.88918">
        <ele>1495</ele>
        <time>2026-07-26T05:04:14+00:00</time>
      </trkpt>
      <trkpt lat="-28.17843" lon="-65.8892">
        <ele>1496</ele>
        <time>2026-07-26T05:04:17+00:00</time>
      </trkpt>
      <trkpt lat="-28.17837" lon="-65.88921">
        <ele>1496</ele>
        <time>2026-07-26T05:04:20+00:00</time>
      </trkpt>
      <trkpt lat="-28.17831" lon="-65.88925">
        <ele>1497</ele>
        <time>2026-07-26T05:04:23+00:00</time>
      </trkpt>
      <trkpt lat="-28.17824" lon="-65.88931">
        <ele>1498</ele>
        <time>2026-07-26T05:04:26+00:00</time>
      </trkpt>
      <trkpt lat="-28.17822" lon="-65.88933">
        <ele>1499</ele>
        <time>2026-07-26T05:04:29+00:00</time>
      </trkpt>
      <trkpt lat="-28.17819" lon="-65.8894">
        <ele>1500</ele>
        <time>2026-07-26T05:04:32+00:00</time>
      </trkpt>
      <trkpt lat="-28.17818" lon="-65.88948">
        <ele>1501</ele>
        <time>2026-07-26T05:04:35+00:00</time>
      </trkpt>
      <trkpt lat="-28.17819" lon="-65.88952">
        <ele>1501</ele>
        <time>2026-07-26T05:04:38+00:00</time>
      </trkpt>
      <trkpt lat="-28.1782" lon="-65.88955">
        <ele>1502</ele>
        <time>2026-07-26T05:04:41+00:00</time>
      </trkpt>
      <trkpt lat="-28.17827" lon="-65.88962">
        <ele>1503</ele>
        <time>2026-07-26T05:04:44+00:00</time>
      </trkpt>
      <trkpt lat="-28.17834" lon="-65.88971">
        <ele>1505</ele>
        <time>2026-07-26T05:04:47+00:00</time>
      </trkpt>
      <trkpt lat="-28.17837" lon="-65.88975">
        <ele>1506</ele>
        <time>2026-07-26T05:04:50+00:00</time>
      </trkpt>
      <trkpt lat="-28.17846" lon="-65.88994">
        <ele>1508</ele>
        <time>2026-07-26T05:04:53+00:00</time>
      </trkpt>
      <trkpt lat="-28.1785" lon="-65.89004">
        <ele>1510</ele>
        <time>2026-07-26T05:04:56+00:00</time>
      </trkpt>
      <trkpt lat="-28.17852" lon="-65.89025">
        <ele>1512</ele>
        <time>2026-07-26T05:04:59+00:00</time>
      </trkpt>
      <trkpt lat="-28.17854" lon="-65.8903">
        <ele>1513</ele>
        <time>2026-07-26T05:05:02+00:00</time>
      </trkpt>
      <trkpt lat="-28.17855" lon="-65.89035">
        <ele>1513</ele>
        <time>2026-07-26T05:05:05+00:00</time>
      </trkpt>
      <trkpt lat="-28.17861" lon="-65.89047">
        <ele>1515</ele>
        <time>2026-07-26T05:05:08+00:00</time>
      </trkpt>
      <trkpt lat="-28.17867" lon="-65.89057">
        <ele>1517</ele>
        <time>2026-07-26T05:05:11+00:00</time>
      </trkpt>
      <trkpt lat="-28.1787" lon="-65.89065">
        <ele>1518</ele>
        <time>2026-07-26T05:05:14+00:00</time>
      </trkpt>
      <trkpt lat="-28.17873" lon="-65.89068">
        <ele>1519</ele>
        <time>2026-07-26T05:05:17+00:00</time>
      </trkpt>
      <trkpt lat="-28.17877" lon="-65.89074">
        <ele>1520</ele>
        <time>2026-07-26T05:05:20+00:00</time>
      </trkpt>
      <trkpt lat="-28.17881" lon="-65.89077">
        <ele>1520</ele>
        <time>2026-07-26T05:05:23+00:00</time>
      </trkpt>
      <trkpt lat="-28.17886" lon="-65.89086">
        <ele>1522</ele>
        <time>2026-07-26T05:05:26+00:00</time>
      </trkpt>
      <trkpt lat="-28.17895" lon="-65.89093">
        <ele>1524</ele>
        <time>2026-07-26T05:05:29+00:00</time>
      </trkpt>
      <trkpt lat="-28.179" lon="-65.89101">
        <ele>1525</ele>
        <time>2026-07-26T05:05:32+00:00</time>
      </trkpt>
      <trkpt lat="-28.17903" lon="-65.89111">
        <ele>1526</ele>
        <time>2026-07-26T05:05:35+00:00</time>
      </trkpt>
      <trkpt lat="-28.1791" lon="-65.89126">
        <ele>1529</ele>
        <time>2026-07-26T05:05:38+00:00</time>
      </trkpt>
      <trkpt lat="-28.17911" lon="-65.89131">
        <ele>1530</ele>
        <time>2026-07-26T05:05:41+00:00</time>
      </trkpt>
      <trkpt lat="-28.17911" lon="-65.89133">
        <ele>1530</ele>
        <time>2026-07-26T05:05:44+00:00</time>
      </trkpt>
      <trkpt lat="-28.17909" lon="-65.89144">
        <ele>1531</ele>
        <time>2026-07-26T05:05:47+00:00</time>
      </trkpt>
      <trkpt lat="-28.17906" lon="-65.89151">
        <ele>1532</ele>
        <time>2026-07-26T05:05:50+00:00</time>
      </trkpt>
      <trkpt lat="-28.17898" lon="-65.89163">
        <ele>1534</ele>
        <time>2026-07-26T05:05:53+00:00</time>
      </trkpt>
      <trkpt lat="-28.17893" lon="-65.89167">
        <ele>1535</ele>
        <time>2026-07-26T05:05:56+00:00</time>
      </trkpt>
      <trkpt lat="-28.17885" lon="-65.89176">
        <ele>1537</ele>
        <time>2026-07-26T05:05:59+00:00</time>
      </trkpt>
      <trkpt lat="-28.17881" lon="-65.89183">
        <ele>1538</ele>
        <time>2026-07-26T05:06:02+00:00</time>
      </trkpt>
      <trkpt lat="-28.17876" lon="-65.89189">
        <ele>1540</ele>
        <time>2026-07-26T05:06:05+00:00</time>
      </trkpt>
      <trkpt lat="-28.17871" lon="-65.89197">
        <ele>1541</ele>
        <time>2026-07-26T05:06:08+00:00</time>
      </trkpt>
      <trkpt lat="-28.17869" lon="-65.89207">
        <ele>1543</ele>
        <time>2026-07-26T05:06:11+00:00</time>
      </trkpt>
      <trkpt lat="-28.17867" lon="-65.89221">
        <ele>1546</ele>
        <time>2026-07-26T05:06:14+00:00</time>
      </trkpt>
      <trkpt lat="-28.17865" lon="-65.89228">
        <ele>1547</ele>
        <time>2026-07-26T05:06:17+00:00</time>
      </trkpt>
      <trkpt lat="-28.17863" lon="-65.89233">
        <ele>1548</ele>
        <time>2026-07-26T05:06:20+00:00</time>
      </trkpt>
      <trkpt lat="-28.17841" lon="-65.89246">
        <ele>1552</ele>
        <time>2026-07-26T05:06:23+00:00</time>
      </trkpt>
      <trkpt lat="-28.1783" lon="-65.8925">
        <ele>1554</ele>
        <time>2026-07-26T05:06:26+00:00</time>
      </trkpt>
      <trkpt lat="-28.17822" lon="-65.89252">
        <ele>1555</ele>
        <time>2026-07-26T05:06:29+00:00</time>
      </trkpt>
      <trkpt lat="-28.17815" lon="-65.89256">
        <ele>1556</ele>
        <time>2026-07-26T05:06:32+00:00</time>
      </trkpt>
      <trkpt lat="-28.17811" lon="-65.89259">
        <ele>1557</ele>
        <time>2026-07-26T05:06:35+00:00</time>
      </trkpt>
      <trkpt lat="-28.1781" lon="-65.8926">
        <ele>1557</ele>
        <time>2026-07-26T05:06:38+00:00</time>
      </trkpt>
      <trkpt lat="-28.17797" lon="-65.89271">
        <ele>1559</ele>
        <time>2026-07-26T05:06:41+00:00</time>
      </trkpt>
      <trkpt lat="-28.17794" lon="-65.89274">
        <ele>1560</ele>
        <time>2026-07-26T05:06:44+00:00</time>
      </trkpt>
      <trkpt lat="-28.17793" lon="-65.89277">
        <ele>1560</ele>
        <time>2026-07-26T05:06:47+00:00</time>
      </trkpt>
      <trkpt lat="-28.17795" lon="-65.8928">
        <ele>1561</ele>
        <time>2026-07-26T05:06:50+00:00</time>
      </trkpt>
      <trkpt lat="-28.17799" lon="-65.89282">
        <ele>1562</ele>
        <time>2026-07-26T05:06:53+00:00</time>
      </trkpt>
      <trkpt lat="-28.17813" lon="-65.89282">
        <ele>1564</ele>
        <time>2026-07-26T05:06:56+00:00</time>
      </trkpt>
      <trkpt lat="-28.17826" lon="-65.89285">
        <ele>1566</ele>
        <time>2026-07-26T05:06:59+00:00</time>
      </trkpt>
      <trkpt lat="-28.17829" lon="-65.89287">
        <ele>1566</ele>
        <time>2026-07-26T05:07:02+00:00</time>
      </trkpt>
      <trkpt lat="-28.17837" lon="-65.89292">
        <ele>1568</ele>
        <time>2026-07-26T05:07:05+00:00</time>
      </trkpt>
      <trkpt lat="-28.17839" lon="-65.89294">
        <ele>1568</ele>
        <time>2026-07-26T05:07:08+00:00</time>
      </trkpt>
      <trkpt lat="-28.17843" lon="-65.89304">
        <ele>1570</ele>
        <time>2026-07-26T05:07:11+00:00</time>
      </trkpt>
      <trkpt lat="-28.17843" lon="-65.89306">
        <ele>1571</ele>
        <time>2026-07-26T05:07:14+00:00</time>
      </trkpt>
      <trkpt lat="-28.17842" lon="-65.89311">
        <ele>1571</ele>
        <time>2026-07-26T05:07:17+00:00</time>
      </trkpt>
      <trkpt lat="-28.17839" lon="-65.89313">
        <ele>1572</ele>
        <time>2026-07-26T05:07:20+00:00</time>
      </trkpt>
      <trkpt lat="-28.17826" lon="-65.89319">
        <ele>1574</ele>
        <time>2026-07-26T05:07:23+00:00</time>
      </trkpt>
      <trkpt lat="-28.17816" lon="-65.89327">
        <ele>1576</ele>
        <time>2026-07-26T05:07:26+00:00</time>
      </trkpt>
      <trkpt lat="-28.17805" lon="-65.89334">
        <ele>1578</ele>
        <time>2026-07-26T05:07:29+00:00</time>
      </trkpt>
      <trkpt lat="-28.17798" lon="-65.89341">
        <ele>1579</ele>
        <time>2026-07-26T05:07:32+00:00</time>
      </trkpt>
      <trkpt lat="-28.17782" lon="-65.89358">
        <ele>1582</ele>
        <time>2026-07-26T05:07:35+00:00</time>
      </trkpt>
      <trkpt lat="-28.17772" lon="-65.89372">
        <ele>1585</ele>
        <time>2026-07-26T05:07:38+00:00</time>
      </trkpt>
      <trkpt lat="-28.17759" lon="-65.89388">
        <ele>1587</ele>
        <time>2026-07-26T05:07:41+00:00</time>
      </trkpt>
      <trkpt lat="-28.17756" lon="-65.89392">
        <ele>1588</ele>
        <time>2026-07-26T05:07:44+00:00</time>
      </trkpt>
      <trkpt lat="-28.1775" lon="-65.89396">
        <ele>1589</ele>
        <time>2026-07-26T05:07:47+00:00</time>
      </trkpt>
      <trkpt lat="-28.17746" lon="-65.89398">
        <ele>1589</ele>
        <time>2026-07-26T05:07:50+00:00</time>
      </trkpt>
      <trkpt lat="-28.17742" lon="-65.89401">
        <ele>1590</ele>
        <time>2026-07-26T05:07:53+00:00</time>
      </trkpt>
      <trkpt lat="-28.17735" lon="-65.89405">
        <ele>1590</ele>
        <time>2026-07-26T05:07:56+00:00</time>
      </trkpt>
      <trkpt lat="-28.17716" lon="-65.89413">
        <ele>1592</ele>
        <time>2026-07-26T05:07:59+00:00</time>
      </trkpt>
      <trkpt lat="-28.17699" lon="-65.89416">
        <ele>1593</ele>
        <time>2026-07-26T05:08:02+00:00</time>
      </trkpt>
      <trkpt lat="-28.17694" lon="-65.89419">
        <ele>1594</ele>
        <time>2026-07-26T05:08:05+00:00</time>
      </trkpt>
      <trkpt lat="-28.17683" lon="-65.89421">
        <ele>1595</ele>
        <time>2026-07-26T05:08:08+00:00</time>
      </trkpt>
      <trkpt lat="-28.17671" lon="-65.89426">
        <ele>1596</ele>
        <time>2026-07-26T05:08:11+00:00</time>
      </trkpt>
      <trkpt lat="-28.17663" lon="-65.89431">
        <ele>1598</ele>
        <time>2026-07-26T05:08:14+00:00</time>
      </trkpt>
      <trkpt lat="-28.17653" lon="-65.89434">
        <ele>1599</ele>
        <time>2026-07-26T05:08:17+00:00</time>
      </trkpt>
      <trkpt lat="-28.17649" lon="-65.89437">
        <ele>1600</ele>
        <time>2026-07-26T05:08:20+00:00</time>
      </trkpt>
      <trkpt lat="-28.17645" lon="-65.8944">
        <ele>1600</ele>
        <time>2026-07-26T05:08:23+00:00</time>
      </trkpt>
      <trkpt lat="-28.1763" lon="-65.89444">
        <ele>1602</ele>
        <time>2026-07-26T05:08:26+00:00</time>
      </trkpt>
      <trkpt lat="-28.17625" lon="-65.89448">
        <ele>1603</ele>
        <time>2026-07-26T05:08:29+00:00</time>
      </trkpt>
      <trkpt lat="-28.17621" lon="-65.89453">
        <ele>1604</ele>
        <time>2026-07-26T05:08:32+00:00</time>
      </trkpt>
      <trkpt lat="-28.17619" lon="-65.89456">
        <ele>1604</ele>
        <time>2026-07-26T05:08:35+00:00</time>
      </trkpt>
      <trkpt lat="-28.17609" lon="-65.89471">
        <ele>1607</ele>
        <time>2026-07-26T05:08:38+00:00</time>
      </trkpt>
      <trkpt lat="-28.17606" lon="-65.89475">
        <ele>1608</ele>
        <time>2026-07-26T05:08:41+00:00</time>
      </trkpt>
      <trkpt lat="-28.17603" lon="-65.89483">
        <ele>1609</ele>
        <time>2026-07-26T05:08:44+00:00</time>
      </trkpt>
      <trkpt lat="-28.17595" lon="-65.89498">
        <ele>1613</ele>
        <time>2026-07-26T05:08:47+00:00</time>
      </trkpt>
      <trkpt lat="-28.17594" lon="-65.89508">
        <ele>1614</ele>
        <time>2026-07-26T05:08:50+00:00</time>
      </trkpt>
      <trkpt lat="-28.17589" lon="-65.89516">
        <ele>1616</ele>
        <time>2026-07-26T05:08:53+00:00</time>
      </trkpt>
      <trkpt lat="-28.17584" lon="-65.89522">
        <ele>1618</ele>
        <time>2026-07-26T05:08:56+00:00</time>
      </trkpt>
      <trkpt lat="-28.17582" lon="-65.89526">
        <ele>1619</ele>
        <time>2026-07-26T05:08:59+00:00</time>
      </trkpt>
      <trkpt lat="-28.17572" lon="-65.89535">
        <ele>1622</ele>
        <time>2026-07-26T05:09:02+00:00</time>
      </trkpt>
      <trkpt lat="-28.17569" lon="-65.8954">
        <ele>1623</ele>
        <time>2026-07-26T05:09:05+00:00</time>
      </trkpt>
      <trkpt lat="-28.17568" lon="-65.89543">
        <ele>1623</ele>
        <time>2026-07-26T05:09:08+00:00</time>
      </trkpt>
      <trkpt lat="-28.17569" lon="-65.89545">
        <ele>1623</ele>
        <time>2026-07-26T05:09:11+00:00</time>
      </trkpt>
      <trkpt lat="-28.17572" lon="-65.89549">
        <ele>1624</ele>
        <time>2026-07-26T05:09:14+00:00</time>
      </trkpt>
      <trkpt lat="-28.17587" lon="-65.89555">
        <ele>1627</ele>
        <time>2026-07-26T05:09:17+00:00</time>
      </trkpt>
      <trkpt lat="-28.17592" lon="-65.89559">
        <ele>1628</ele>
        <time>2026-07-26T05:09:20+00:00</time>
      </trkpt>
      <trkpt lat="-28.17593" lon="-65.89565">
        <ele>1629</ele>
        <time>2026-07-26T05:09:23+00:00</time>
      </trkpt>
      <trkpt lat="-28.17592" lon="-65.8957">
        <ele>1630</ele>
        <time>2026-07-26T05:09:26+00:00</time>
      </trkpt>
      <trkpt lat="-28.17591" lon="-65.89572">
        <ele>1630</ele>
        <time>2026-07-26T05:09:29+00:00</time>
      </trkpt>
      <trkpt lat="-28.17583" lon="-65.89578">
        <ele>1632</ele>
        <time>2026-07-26T05:09:32+00:00</time>
      </trkpt>
      <trkpt lat="-28.17579" lon="-65.8958">
        <ele>1633</ele>
        <time>2026-07-26T05:09:35+00:00</time>
      </trkpt>
      <trkpt lat="-28.1757" lon="-65.89582">
        <ele>1635</ele>
        <time>2026-07-26T05:09:38+00:00</time>
      </trkpt>
      <trkpt lat="-28.17561" lon="-65.89581">
        <ele>1636</ele>
        <time>2026-07-26T05:09:41+00:00</time>
      </trkpt>
      <trkpt lat="-28.17554" lon="-65.89582">
        <ele>1637</ele>
        <time>2026-07-26T05:09:44+00:00</time>
      </trkpt>
      <trkpt lat="-28.17546" lon="-65.89585">
        <ele>1638</ele>
        <time>2026-07-26T05:09:47+00:00</time>
      </trkpt>
      <trkpt lat="-28.17542" lon="-65.89587">
        <ele>1639</ele>
        <time>2026-07-26T05:09:50+00:00</time>
      </trkpt>
      <trkpt lat="-28.17525" lon="-65.89591">
        <ele>1641</ele>
        <time>2026-07-26T05:09:53+00:00</time>
      </trkpt>
      <trkpt lat="-28.17513" lon="-65.89598">
        <ele>1644</ele>
        <time>2026-07-26T05:09:56+00:00</time>
      </trkpt>
      <trkpt lat="-28.17508" lon="-65.896">
        <ele>1645</ele>
        <time>2026-07-26T05:09:59+00:00</time>
      </trkpt>
      <trkpt lat="-28.17503" lon="-65.89605">
        <ele>1646</ele>
        <time>2026-07-26T05:10:02+00:00</time>
      </trkpt>
      <trkpt lat="-28.17501" lon="-65.89605">
        <ele>1646</ele>
        <time>2026-07-26T05:10:05+00:00</time>
      </trkpt>
      <trkpt lat="-28.17497" lon="-65.89608">
        <ele>1647</ele>
        <time>2026-07-26T05:10:08+00:00</time>
      </trkpt>
      <trkpt lat="-28.17485" lon="-65.89614">
        <ele>1649</ele>
        <time>2026-07-26T05:10:11+00:00</time>
      </trkpt>
      <trkpt lat="-28.1748" lon="-65.89615">
        <ele>1650</ele>
        <time>2026-07-26T05:10:14+00:00</time>
      </trkpt>
      <trkpt lat="-28.17476" lon="-65.89618">
        <ele>1651</ele>
        <time>2026-07-26T05:10:17+00:00</time>
      </trkpt>
      <trkpt lat="-28.1747" lon="-65.89621">
        <ele>1652</ele>
        <time>2026-07-26T05:10:20+00:00</time>
      </trkpt>
      <trkpt lat="-28.17463" lon="-65.89625">
        <ele>1654</ele>
        <time>2026-07-26T05:10:23+00:00</time>
      </trkpt>
      <trkpt lat="-28.17457" lon="-65.89627">
        <ele>1655</ele>
        <time>2026-07-26T05:10:26+00:00</time>
      </trkpt>
      <trkpt lat="-28.17451" lon="-65.8963">
        <ele>1656</ele>
        <time>2026-07-26T05:10:29+00:00</time>
      </trkpt>
      <trkpt lat="-28.17443" lon="-65.89638">
        <ele>1658</ele>
        <time>2026-07-26T05:10:32+00:00</time>
      </trkpt>
      <trkpt lat="-28.17438" lon="-65.89647">
        <ele>1660</ele>
        <time>2026-07-26T05:10:35+00:00</time>
      </trkpt>
      <trkpt lat="-28.17432" lon="-65.89668">
        <ele>1663</ele>
        <time>2026-07-26T05:10:38+00:00</time>
      </trkpt>
      <trkpt lat="-28.17427" lon="-65.89676">
        <ele>1664</ele>
        <time>2026-07-26T05:10:41+00:00</time>
      </trkpt>
      <trkpt lat="-28.17425" lon="-65.89682">
        <ele>1665</ele>
        <time>2026-07-26T05:10:44+00:00</time>
      </trkpt>
      <trkpt lat="-28.17419" lon="-65.89694">
        <ele>1666</ele>
        <time>2026-07-26T05:10:47+00:00</time>
      </trkpt>
      <trkpt lat="-28.17417" lon="-65.89701">
        <ele>1667</ele>
        <time>2026-07-26T05:10:50+00:00</time>
      </trkpt>
      <trkpt lat="-28.17413" lon="-65.89707">
        <ele>1668</ele>
        <time>2026-07-26T05:10:53+00:00</time>
      </trkpt>
      <trkpt lat="-28.17407" lon="-65.89723">
        <ele>1671</ele>
        <time>2026-07-26T05:10:56+00:00</time>
      </trkpt>
      <trkpt lat="-28.17407" lon="-65.89728">
        <ele>1672</ele>
        <time>2026-07-26T05:10:59+00:00</time>
      </trkpt>
      <trkpt lat="-28.17408" lon="-65.89732">
        <ele>1672</ele>
        <time>2026-07-26T05:11:02+00:00</time>
      </trkpt>
      <trkpt lat="-28.17421" lon="-65.8975">
        <ele>1674</ele>
        <time>2026-07-26T05:11:05+00:00</time>
      </trkpt>
      <trkpt lat="-28.17422" lon="-65.89754">
        <ele>1674</ele>
        <time>2026-07-26T05:11:08+00:00</time>
      </trkpt>
      <trkpt lat="-28.17422" lon="-65.89759">
        <ele>1674</ele>
        <time>2026-07-26T05:11:11+00:00</time>
      </trkpt>
      <trkpt lat="-28.17422" lon="-65.89762">
        <ele>1674</ele>
        <time>2026-07-26T05:11:14+00:00</time>
      </trkpt>
      <trkpt lat="-28.17416" lon="-65.89768">
        <ele>1673</ele>
        <time>2026-07-26T05:11:17+00:00</time>
      </trkpt>
      <trkpt lat="-28.1741" lon="-65.89774">
        <ele>1673</ele>
        <time>2026-07-26T05:11:20+00:00</time>
      </trkpt>
      <trkpt lat="-28.17406" lon="-65.89779">
        <ele>1672</ele>
        <time>2026-07-26T05:11:23+00:00</time>
      </trkpt>
      <trkpt lat="-28.17402" lon="-65.89783">
        <ele>1671</ele>
        <time>2026-07-26T05:11:26+00:00</time>
      </trkpt>
      <trkpt lat="-28.17396" lon="-65.89787">
        <ele>1671</ele>
        <time>2026-07-26T05:11:29+00:00</time>
      </trkpt>
      <trkpt lat="-28.17392" lon="-65.8979">
        <ele>1670</ele>
        <time>2026-07-26T05:11:32+00:00</time>
      </trkpt>
      <trkpt lat="-28.17386" lon="-65.89794">
        <ele>1670</ele>
        <time>2026-07-26T05:11:35+00:00</time>
      </trkpt>
      <trkpt lat="-28.17377" lon="-65.89798">
        <ele>1669</ele>
        <time>2026-07-26T05:11:38+00:00</time>
      </trkpt>
      <trkpt lat="-28.1736" lon="-65.89807">
        <ele>1669</ele>
        <time>2026-07-26T05:11:41+00:00</time>
      </trkpt>
      <trkpt lat="-28.17352" lon="-65.89813">
        <ele>1669</ele>
        <time>2026-07-26T05:11:44+00:00</time>
      </trkpt>
      <trkpt lat="-28.17343" lon="-65.89818">
        <ele>1669</ele>
        <time>2026-07-26T05:11:47+00:00</time>
      </trkpt>
      <trkpt lat="-28.17327" lon="-65.89829">
        <ele>1670</ele>
        <time>2026-07-26T05:11:50+00:00</time>
      </trkpt>
      <trkpt lat="-28.17312" lon="-65.89844">
        <ele>1671</ele>
        <time>2026-07-26T05:11:53+00:00</time>
      </trkpt>
      <trkpt lat="-28.17302" lon="-65.89858">
        <ele>1672</ele>
        <time>2026-07-26T05:11:56+00:00</time>
      </trkpt>
      <trkpt lat="-28.17293" lon="-65.89873">
        <ele>1673</ele>
        <time>2026-07-26T05:11:59+00:00</time>
      </trkpt>
      <trkpt lat="-28.1728" lon="-65.89884">
        <ele>1674</ele>
        <time>2026-07-26T05:12:02+00:00</time>
      </trkpt>
      <trkpt lat="-28.17273" lon="-65.89888">
        <ele>1674</ele>
        <time>2026-07-26T05:12:05+00:00</time>
      </trkpt>
      <trkpt lat="-28.17264" lon="-65.89891">
        <ele>1674</ele>
        <time>2026-07-26T05:12:08+00:00</time>
      </trkpt>
      <trkpt lat="-28.17259" lon="-65.89894">
        <ele>1675</ele>
        <time>2026-07-26T05:12:11+00:00</time>
      </trkpt>
      <trkpt lat="-28.17242" lon="-65.89904">
        <ele>1676</ele>
        <time>2026-07-26T05:12:14+00:00</time>
      </trkpt>
      <trkpt lat="-28.17241" lon="-65.89907">
        <ele>1676</ele>
        <time>2026-07-26T05:12:17+00:00</time>
      </trkpt>
      <trkpt lat="-28.17238" lon="-65.89907">
        <ele>1676</ele>
        <time>2026-07-26T05:12:20+00:00</time>
      </trkpt>
      <trkpt lat="-28.17223" lon="-65.89914">
        <ele>1678</ele>
        <time>2026-07-26T05:12:23+00:00</time>
      </trkpt>
      <trkpt lat="-28.17216" lon="-65.89914">
        <ele>1679</ele>
        <time>2026-07-26T05:12:26+00:00</time>
      </trkpt>
      <trkpt lat="-28.17214" lon="-65.89914">
        <ele>1679</ele>
        <time>2026-07-26T05:12:29+00:00</time>
      </trkpt>
      <trkpt lat="-28.17206" lon="-65.89918">
        <ele>1680</ele>
        <time>2026-07-26T05:12:32+00:00</time>
      </trkpt>
      <trkpt lat="-28.17194" lon="-65.89922">
        <ele>1682</ele>
        <time>2026-07-26T05:12:35+00:00</time>
      </trkpt>
      <trkpt lat="-28.1719" lon="-65.89924">
        <ele>1682</ele>
        <time>2026-07-26T05:12:38+00:00</time>
      </trkpt>
      <trkpt lat="-28.17186" lon="-65.89927">
        <ele>1683</ele>
        <time>2026-07-26T05:12:41+00:00</time>
      </trkpt>
      <trkpt lat="-28.17179" lon="-65.89935">
        <ele>1683</ele>
        <time>2026-07-26T05:12:44+00:00</time>
      </trkpt>
      <trkpt lat="-28.17173" lon="-65.89946">
        <ele>1683</ele>
        <time>2026-07-26T05:12:47+00:00</time>
      </trkpt>
      <trkpt lat="-28.17168" lon="-65.89951">
        <ele>1682</ele>
        <time>2026-07-26T05:12:50+00:00</time>
      </trkpt>
      <trkpt lat="-28.17161" lon="-65.89961">
        <ele>1682</ele>
        <time>2026-07-26T05:12:53+00:00</time>
      </trkpt>
      <trkpt lat="-28.17161" lon="-65.89964">
        <ele>1682</ele>
        <time>2026-07-26T05:12:56+00:00</time>
      </trkpt>
      <trkpt lat="-28.17163" lon="-65.89968">
        <ele>1682</ele>
        <time>2026-07-26T05:12:59+00:00</time>
      </trkpt>
      <trkpt lat="-28.17172" lon="-65.89965">
        <ele>1683</ele>
        <time>2026-07-26T05:13:02+00:00</time>
      </trkpt>
      <trkpt lat="-28.17183" lon="-65.89965">
        <ele>1683</ele>
        <time>2026-07-26T05:13:05+00:00</time>
      </trkpt>
      <trkpt lat="-28.17192" lon="-65.89963">
        <ele>1683</ele>
        <time>2026-07-26T05:13:08+00:00</time>
      </trkpt>
      <trkpt lat="-28.17212" lon="-65.89956">
        <ele>1682</ele>
        <time>2026-07-26T05:13:11+00:00</time>
      </trkpt>
      <trkpt lat="-28.17227" lon="-65.89943">
        <ele>1681</ele>
        <time>2026-07-26T05:13:14+00:00</time>
      </trkpt>
      <trkpt lat="-28.17237" lon="-65.89943">
        <ele>1682</ele>
        <time>2026-07-26T05:13:17+00:00</time>
      </trkpt>
      <trkpt lat="-28.17246" lon="-65.89945">
        <ele>1683</ele>
        <time>2026-07-26T05:13:20+00:00</time>
      </trkpt>
      <trkpt lat="-28.17256" lon="-65.8995">
        <ele>1685</ele>
        <time>2026-07-26T05:13:23+00:00</time>
      </trkpt>
      <trkpt lat="-28.17258" lon="-65.89961">
        <ele>1687</ele>
        <time>2026-07-26T05:13:26+00:00</time>
      </trkpt>
      <trkpt lat="-28.17255" lon="-65.89965">
        <ele>1688</ele>
        <time>2026-07-26T05:13:29+00:00</time>
      </trkpt>
      <trkpt lat="-28.17252" lon="-65.89968">
        <ele>1689</ele>
        <time>2026-07-26T05:13:32+00:00</time>
      </trkpt>
      <trkpt lat="-28.17249" lon="-65.89975">
        <ele>1691</ele>
        <time>2026-07-26T05:13:35+00:00</time>
      </trkpt>
      <trkpt lat="-28.17248" lon="-65.8998">
        <ele>1692</ele>
        <time>2026-07-26T05:13:38+00:00</time>
      </trkpt>
      <trkpt lat="-28.17247" lon="-65.89982">
        <ele>1693</ele>
        <time>2026-07-26T05:13:41+00:00</time>
      </trkpt>
      <trkpt lat="-28.17245" lon="-65.89987">
        <ele>1694</ele>
        <time>2026-07-26T05:13:44+00:00</time>
      </trkpt>
      <trkpt lat="-28.17245" lon="-65.89993">
        <ele>1694</ele>
        <time>2026-07-26T05:13:47+00:00</time>
      </trkpt>
      <trkpt lat="-28.17244" lon="-65.89999">
        <ele>1695</ele>
        <time>2026-07-26T05:13:50+00:00</time>
      </trkpt>
      <trkpt lat="-28.17245" lon="-65.9001">
        <ele>1697</ele>
        <time>2026-07-26T05:13:53+00:00</time>
      </trkpt>
      <trkpt lat="-28.17244" lon="-65.90015">
        <ele>1698</ele>
        <time>2026-07-26T05:13:56+00:00</time>
      </trkpt>
      <trkpt lat="-28.17245" lon="-65.9002">
        <ele>1699</ele>
        <time>2026-07-26T05:13:59+00:00</time>
      </trkpt>
      <trkpt lat="-28.17246" lon="-65.90026">
        <ele>1699</ele>
        <time>2026-07-26T05:14:02+00:00</time>
      </trkpt>
      <trkpt lat="-28.17245" lon="-65.90032">
        <ele>1700</ele>
        <time>2026-07-26T05:14:05+00:00</time>
      </trkpt>
      <trkpt lat="-28.17245" lon="-65.90038">
        <ele>1701</ele>
        <time>2026-07-26T05:14:08+00:00</time>
      </trkpt>
      <trkpt lat="-28.17243" lon="-65.90048">
        <ele>1703</ele>
        <time>2026-07-26T05:14:11+00:00</time>
      </trkpt>
      <trkpt lat="-28.17242" lon="-65.90053">
        <ele>1703</ele>
        <time>2026-07-26T05:14:14+00:00</time>
      </trkpt>
      <trkpt lat="-28.1724" lon="-65.9006">
        <ele>1705</ele>
        <time>2026-07-26T05:14:17+00:00</time>
      </trkpt>
      <trkpt lat="-28.17238" lon="-65.90064">
        <ele>1705</ele>
        <time>2026-07-26T05:14:20+00:00</time>
      </trkpt>
      <trkpt lat="-28.17233" lon="-65.90074">
        <ele>1707</ele>
        <time>2026-07-26T05:14:23+00:00</time>
      </trkpt>
      <trkpt lat="-28.17234" lon="-65.90076">
        <ele>1707</ele>
        <time>2026-07-26T05:14:26+00:00</time>
      </trkpt>
      <trkpt lat="-28.17232" lon="-65.90087">
        <ele>1709</ele>
        <time>2026-07-26T05:14:29+00:00</time>
      </trkpt>
      <trkpt lat="-28.17232" lon="-65.90098">
        <ele>1710</ele>
        <time>2026-07-26T05:14:32+00:00</time>
      </trkpt>
      <trkpt lat="-28.17232" lon="-65.90103">
        <ele>1710</ele>
        <time>2026-07-26T05:14:35+00:00</time>
      </trkpt>
      <trkpt lat="-28.17232" lon="-65.90109">
        <ele>1711</ele>
        <time>2026-07-26T05:14:38+00:00</time>
      </trkpt>
      <trkpt lat="-28.17227" lon="-65.90119">
        <ele>1712</ele>
        <time>2026-07-26T05:14:41+00:00</time>
      </trkpt>
      <trkpt lat="-28.17221" lon="-65.90139">
        <ele>1715</ele>
        <time>2026-07-26T05:14:44+00:00</time>
      </trkpt>
      <trkpt lat="-28.1722" lon="-65.9015">
        <ele>1716</ele>
        <time>2026-07-26T05:14:47+00:00</time>
      </trkpt>
      <trkpt lat="-28.17222" lon="-65.90161">
        <ele>1718</ele>
        <time>2026-07-26T05:14:50+00:00</time>
      </trkpt>
      <trkpt lat="-28.17221" lon="-65.90171">
        <ele>1719</ele>
        <time>2026-07-26T05:14:53+00:00</time>
      </trkpt>
      <trkpt lat="-28.17225" lon="-65.9018">
        <ele>1720</ele>
        <time>2026-07-26T05:14:56+00:00</time>
      </trkpt>
      <trkpt lat="-28.17227" lon="-65.90179">
        <ele>1720</ele>
        <time>2026-07-26T05:14:59+00:00</time>
      </trkpt>
      <trkpt lat="-28.17225" lon="-65.90181">
        <ele>1720</ele>
        <time>2026-07-26T05:15:02+00:00</time>
      </trkpt>
      <trkpt lat="-28.17227" lon="-65.9018">
        <ele>1721</ele>
        <time>2026-07-26T05:15:05+00:00</time>
      </trkpt>
      <trkpt lat="-28.17225" lon="-65.90181">
        <ele>1721</ele>
        <time>2026-07-26T05:15:08+00:00</time>
      </trkpt>
      <trkpt lat="-28.1723" lon="-65.90172">
        <ele>1721</ele>
        <time>2026-07-26T05:15:11+00:00</time>
      </trkpt>
      <trkpt lat="-28.17238" lon="-65.90165">
        <ele>1720</ele>
        <time>2026-07-26T05:15:14+00:00</time>
      </trkpt>
      <trkpt lat="-28.17244" lon="-65.90158">
        <ele>1719</ele>
        <time>2026-07-26T05:15:17+00:00</time>
      </trkpt>
      <trkpt lat="-28.17249" lon="-65.90149">
        <ele>1719</ele>
        <time>2026-07-26T05:15:20+00:00</time>
      </trkpt>
      <trkpt lat="-28.17257" lon="-65.90143">
        <ele>1718</ele>
        <time>2026-07-26T05:15:23+00:00</time>
      </trkpt>
      <trkpt lat="-28.17271" lon="-65.90125">
        <ele>1717</ele>
        <time>2026-07-26T05:15:26+00:00</time>
      </trkpt>
      <trkpt lat="-28.1728" lon="-65.90115">
        <ele>1717</ele>
        <time>2026-07-26T05:15:29+00:00</time>
      </trkpt>
      <trkpt lat="-28.17283" lon="-65.9011">
        <ele>1716</ele>
        <time>2026-07-26T05:15:32+00:00</time>
      </trkpt>
      <trkpt lat="-28.17291" lon="-65.90101">
        <ele>1716</ele>
        <time>2026-07-26T05:15:35+00:00</time>
      </trkpt>
      <trkpt lat="-28.17297" lon="-65.90097">
        <ele>1717</ele>
        <time>2026-07-26T05:15:38+00:00</time>
      </trkpt>
      <trkpt lat="-28.17299" lon="-65.90097">
        <ele>1717</ele>
        <time>2026-07-26T05:15:41+00:00</time>
      </trkpt>
      <trkpt lat="-28.17305" lon="-65.90096">
        <ele>1718</ele>
        <time>2026-07-26T05:15:44+00:00</time>
      </trkpt>
      <trkpt lat="-28.17317" lon="-65.90097">
        <ele>1720</ele>
        <time>2026-07-26T05:15:47+00:00</time>
      </trkpt>
      <trkpt lat="-28.1732" lon="-65.90097">
        <ele>1720</ele>
        <time>2026-07-26T05:15:50+00:00</time>
      </trkpt>
      <trkpt lat="-28.17323" lon="-65.90095">
        <ele>1721</ele>
        <time>2026-07-26T05:15:53+00:00</time>
      </trkpt>
      <trkpt lat="-28.17325" lon="-65.90089">
        <ele>1722</ele>
        <time>2026-07-26T05:15:56+00:00</time>
      </trkpt>
      <trkpt lat="-28.17327" lon="-65.90085">
        <ele>1722</ele>
        <time>2026-07-26T05:15:59+00:00</time>
      </trkpt>
      <trkpt lat="-28.1734" lon="-65.9007">
        <ele>1724</ele>
        <time>2026-07-26T05:16:02+00:00</time>
      </trkpt>
      <trkpt lat="-28.17347" lon="-65.90046">
        <ele>1724</ele>
        <time>2026-07-26T05:16:05+00:00</time>
      </trkpt>
      <trkpt lat="-28.17348" lon="-65.90044">
        <ele>1724</ele>
        <time>2026-07-26T05:16:08+00:00</time>
      </trkpt>
      <trkpt lat="-28.17351" lon="-65.90041">
        <ele>1725</ele>
        <time>2026-07-26T05:16:11+00:00</time>
      </trkpt>
      <trkpt lat="-28.17362" lon="-65.90035">
        <ele>1725</ele>
        <time>2026-07-26T05:16:14+00:00</time>
      </trkpt>
      <trkpt lat="-28.17375" lon="-65.90031">
        <ele>1726</ele>
        <time>2026-07-26T05:16:17+00:00</time>
      </trkpt>
      <trkpt lat="-28.17402" lon="-65.90021">
        <ele>1730</ele>
        <time>2026-07-26T05:16:20+00:00</time>
      </trkpt>
      <trkpt lat="-28.17406" lon="-65.90022">
        <ele>1731</ele>
        <time>2026-07-26T05:16:23+00:00</time>
      </trkpt>
      <trkpt lat="-28.17408" lon="-65.90023">
        <ele>1732</ele>
        <time>2026-07-26T05:16:26+00:00</time>
      </trkpt>
      <trkpt lat="-28.17407" lon="-65.90027">
        <ele>1733</ele>
        <time>2026-07-26T05:16:29+00:00</time>
      </trkpt>
      <trkpt lat="-28.17402" lon="-65.90036">
        <ele>1735</ele>
        <time>2026-07-26T05:16:32+00:00</time>
      </trkpt>
      <trkpt lat="-28.17393" lon="-65.90047">
        <ele>1738</ele>
        <time>2026-07-26T05:16:35+00:00</time>
      </trkpt>
      <trkpt lat="-28.1739" lon="-65.90053">
        <ele>1740</ele>
        <time>2026-07-26T05:16:38+00:00</time>
      </trkpt>
      <trkpt lat="-28.17385" lon="-65.90066">
        <ele>1744</ele>
        <time>2026-07-26T05:16:41+00:00</time>
      </trkpt>
      <trkpt lat="-28.17383" lon="-65.90068">
        <ele>1744</ele>
        <time>2026-07-26T05:16:44+00:00</time>
      </trkpt>
      <trkpt lat="-28.17384" lon="-65.90071">
        <ele>1745</ele>
        <time>2026-07-26T05:16:47+00:00</time>
      </trkpt>
      <trkpt lat="-28.17383" lon="-65.90073">
        <ele>1745</ele>
        <time>2026-07-26T05:16:50+00:00</time>
      </trkpt>
      <trkpt lat="-28.17377" lon="-65.90087">
        <ele>1749</ele>
        <time>2026-07-26T05:16:53+00:00</time>
      </trkpt>
      <trkpt lat="-28.17377" lon="-65.90091">
        <ele>1750</ele>
        <time>2026-07-26T05:16:56+00:00</time>
      </trkpt>
      <trkpt lat="-28.17375" lon="-65.90096">
        <ele>1751</ele>
        <time>2026-07-26T05:16:59+00:00</time>
      </trkpt>
      <trkpt lat="-28.17375" lon="-65.901">
        <ele>1752</ele>
        <time>2026-07-26T05:17:02+00:00</time>
      </trkpt>
      <trkpt lat="-28.17375" lon="-65.90103">
        <ele>1753</ele>
        <time>2026-07-26T05:17:05+00:00</time>
      </trkpt>
      <trkpt lat="-28.17376" lon="-65.90114">
        <ele>1756</ele>
        <time>2026-07-26T05:17:08+00:00</time>
      </trkpt>
      <trkpt lat="-28.17375" lon="-65.90123">
        <ele>1758</ele>
        <time>2026-07-26T05:17:11+00:00</time>
      </trkpt>
      <trkpt lat="-28.17376" lon="-65.90125">
        <ele>1759</ele>
        <time>2026-07-26T05:17:14+00:00</time>
      </trkpt>
      <trkpt lat="-28.17377" lon="-65.9013">
        <ele>1760</ele>
        <time>2026-07-26T05:17:17+00:00</time>
      </trkpt>
      <trkpt lat="-28.17372" lon="-65.90142">
        <ele>1763</ele>
        <time>2026-07-26T05:17:20+00:00</time>
      </trkpt>
      <trkpt lat="-28.17369" lon="-65.90146">
        <ele>1764</ele>
        <time>2026-07-26T05:17:23+00:00</time>
      </trkpt>
      <trkpt lat="-28.17366" lon="-65.90152">
        <ele>1766</ele>
        <time>2026-07-26T05:17:26+00:00</time>
      </trkpt>
      <trkpt lat="-28.17363" lon="-65.90156">
        <ele>1767</ele>
        <time>2026-07-26T05:17:29+00:00</time>
      </trkpt>
      <trkpt lat="-28.17355" lon="-65.90164">
        <ele>1769</ele>
        <time>2026-07-26T05:17:32+00:00</time>
      </trkpt>
      <trkpt lat="-28.17346" lon="-65.9018">
        <ele>1772</ele>
        <time>2026-07-26T05:17:35+00:00</time>
      </trkpt>
      <trkpt lat="-28.17336" lon="-65.90189">
        <ele>1775</ele>
        <time>2026-07-26T05:17:38+00:00</time>
      </trkpt>
      <trkpt lat="-28.17328" lon="-65.90199">
        <ele>1778</ele>
        <time>2026-07-26T05:17:41+00:00</time>
      </trkpt>
      <trkpt lat="-28.17327" lon="-65.90204">
        <ele>1779</ele>
        <time>2026-07-26T05:17:44+00:00</time>
      </trkpt>
      <trkpt lat="-28.17325" lon="-65.90207">
        <ele>1780</ele>
        <time>2026-07-26T05:17:47+00:00</time>
      </trkpt>
      <trkpt lat="-28.17323" lon="-65.90211">
        <ele>1781</ele>
        <time>2026-07-26T05:17:50+00:00</time>
      </trkpt>
      <trkpt lat="-28.1732" lon="-65.90215">
        <ele>1783</ele>
        <time>2026-07-26T05:17:53+00:00</time>
      </trkpt>
      <trkpt lat="-28.17321" lon="-65.90218">
        <ele>1784</ele>
        <time>2026-07-26T05:17:56+00:00</time>
      </trkpt>
      <trkpt lat="-28.17326" lon="-65.90225">
        <ele>1786</ele>
        <time>2026-07-26T05:17:59+00:00</time>
      </trkpt>
      <trkpt lat="-28.17326" lon="-65.9023">
        <ele>1788</ele>
        <time>2026-07-26T05:18:02+00:00</time>
      </trkpt>
      <trkpt lat="-28.17328" lon="-65.90231">
        <ele>1789</ele>
        <time>2026-07-26T05:18:05+00:00</time>
      </trkpt>
      <trkpt lat="-28.17329" lon="-65.90232">
        <ele>1789</ele>
        <time>2026-07-26T05:18:08+00:00</time>
      </trkpt>
      <trkpt lat="-28.17329" lon="-65.90237">
        <ele>1791</ele>
        <time>2026-07-26T05:18:11+00:00</time>
      </trkpt>
      <trkpt lat="-28.17331" lon="-65.90242">
        <ele>1792</ele>
        <time>2026-07-26T05:18:14+00:00</time>
      </trkpt>
      <trkpt lat="-28.17331" lon="-65.90249">
        <ele>1794</ele>
        <time>2026-07-26T05:18:17+00:00</time>
      </trkpt>
      <trkpt lat="-28.17333" lon="-65.90253">
        <ele>1795</ele>
        <time>2026-07-26T05:18:20+00:00</time>
      </trkpt>
      <trkpt lat="-28.17331" lon="-65.90259">
        <ele>1796</ele>
        <time>2026-07-26T05:18:23+00:00</time>
      </trkpt>
      <trkpt lat="-28.17332" lon="-65.90262">
        <ele>1797</ele>
        <time>2026-07-26T05:18:26+00:00</time>
      </trkpt>
      <trkpt lat="-28.17329" lon="-65.90273">
        <ele>1799</ele>
        <time>2026-07-26T05:18:29+00:00</time>
      </trkpt>
      <trkpt lat="-28.17324" lon="-65.90281">
        <ele>1801</ele>
        <time>2026-07-26T05:18:32+00:00</time>
      </trkpt>
      <trkpt lat="-28.17315" lon="-65.90303">
        <ele>1806</ele>
        <time>2026-07-26T05:18:35+00:00</time>
      </trkpt>
      <trkpt lat="-28.17314" lon="-65.90308">
        <ele>1807</ele>
        <time>2026-07-26T05:18:38+00:00</time>
      </trkpt>
      <trkpt lat="-28.17313" lon="-65.90322">
        <ele>1810</ele>
        <time>2026-07-26T05:18:41+00:00</time>
      </trkpt>
      <trkpt lat="-28.17312" lon="-65.90327">
        <ele>1810</ele>
        <time>2026-07-26T05:18:44+00:00</time>
      </trkpt>
      <trkpt lat="-28.17308" lon="-65.90333">
        <ele>1812</ele>
        <time>2026-07-26T05:18:47+00:00</time>
      </trkpt>
      <trkpt lat="-28.17305" lon="-65.90337">
        <ele>1813</ele>
        <time>2026-07-26T05:18:50+00:00</time>
      </trkpt>
      <trkpt lat="-28.17301" lon="-65.9034">
        <ele>1813</ele>
        <time>2026-07-26T05:18:53+00:00</time>
      </trkpt>
      <trkpt lat="-28.17299" lon="-65.90344">
        <ele>1814</ele>
        <time>2026-07-26T05:18:56+00:00</time>
      </trkpt>
      <trkpt lat="-28.173" lon="-65.90346">
        <ele>1814</ele>
        <time>2026-07-26T05:18:59+00:00</time>
      </trkpt>
      <trkpt lat="-28.17303" lon="-65.90347">
        <ele>1815</ele>
        <time>2026-07-26T05:19:02+00:00</time>
      </trkpt>
      <trkpt lat="-28.17307" lon="-65.90346">
        <ele>1816</ele>
        <time>2026-07-26T05:19:05+00:00</time>
      </trkpt>
      <trkpt lat="-28.1732" lon="-65.90343">
        <ele>1818</ele>
        <time>2026-07-26T05:19:08+00:00</time>
      </trkpt>
      <trkpt lat="-28.17329" lon="-65.90339">
        <ele>1819</ele>
        <time>2026-07-26T05:19:11+00:00</time>
      </trkpt>
      <trkpt lat="-28.17337" lon="-65.90331">
        <ele>1820</ele>
        <time>2026-07-26T05:19:14+00:00</time>
      </trkpt>
      <trkpt lat="-28.17339" lon="-65.90327">
        <ele>1820</ele>
        <time>2026-07-26T05:19:17+00:00</time>
      </trkpt>
      <trkpt lat="-28.17341" lon="-65.90322">
        <ele>1821</ele>
        <time>2026-07-26T05:19:20+00:00</time>
      </trkpt>
      <trkpt lat="-28.17347" lon="-65.90315">
        <ele>1822</ele>
        <time>2026-07-26T05:19:23+00:00</time>
      </trkpt>
      <trkpt lat="-28.17352" lon="-65.90311">
        <ele>1822</ele>
        <time>2026-07-26T05:19:26+00:00</time>
      </trkpt>
      <trkpt lat="-28.17363" lon="-65.90303">
        <ele>1823</ele>
        <time>2026-07-26T05:19:29+00:00</time>
      </trkpt>
      <trkpt lat="-28.17368" lon="-65.90299">
        <ele>1823</ele>
        <time>2026-07-26T05:19:32+00:00</time>
      </trkpt>
      <trkpt lat="-28.17376" lon="-65.9029">
        <ele>1824</ele>
        <time>2026-07-26T05:19:35+00:00</time>
      </trkpt>
      <trkpt lat="-28.17381" lon="-65.90288">
        <ele>1825</ele>
        <time>2026-07-26T05:19:38+00:00</time>
      </trkpt>
      <trkpt lat="-28.17394" lon="-65.90293">
        <ele>1826</ele>
        <time>2026-07-26T05:19:41+00:00</time>
      </trkpt>
      <trkpt lat="-28.17398" lon="-65.90293">
        <ele>1827</ele>
        <time>2026-07-26T05:19:44+00:00</time>
      </trkpt>
      <trkpt lat="-28.174" lon="-65.90294">
        <ele>1827</ele>
        <time>2026-07-26T05:19:47+00:00</time>
      </trkpt>
      <trkpt lat="-28.17406" lon="-65.90296">
        <ele>1828</ele>
        <time>2026-07-26T05:19:50+00:00</time>
      </trkpt>
      <trkpt lat="-28.17412" lon="-65.903">
        <ele>1829</ele>
        <time>2026-07-26T05:19:53+00:00</time>
      </trkpt>
      <trkpt lat="-28.17412" lon="-65.9031">
        <ele>1831</ele>
        <time>2026-07-26T05:19:56+00:00</time>
      </trkpt>
      <trkpt lat="-28.1741" lon="-65.90319">
        <ele>1833</ele>
        <time>2026-07-26T05:19:59+00:00</time>
      </trkpt>
      <trkpt lat="-28.17406" lon="-65.90322">
        <ele>1834</ele>
        <time>2026-07-26T05:20:02+00:00</time>
      </trkpt>
      <trkpt lat="-28.17402" lon="-65.90321">
        <ele>1835</ele>
        <time>2026-07-26T05:20:05+00:00</time>
      </trkpt>
      <trkpt lat="-28.174" lon="-65.90321">
        <ele>1836</ele>
        <time>2026-07-26T05:20:08+00:00</time>
      </trkpt>
      <trkpt lat="-28.17393" lon="-65.90326">
        <ele>1838</ele>
        <time>2026-07-26T05:20:11+00:00</time>
      </trkpt>
      <trkpt lat="-28.17385" lon="-65.9033">
        <ele>1840</ele>
        <time>2026-07-26T05:20:14+00:00</time>
      </trkpt>
      <trkpt lat="-28.17382" lon="-65.90334">
        <ele>1842</ele>
        <time>2026-07-26T05:20:17+00:00</time>
      </trkpt>
      <trkpt lat="-28.17378" lon="-65.90342">
        <ele>1844</ele>
        <time>2026-07-26T05:20:20+00:00</time>
      </trkpt>
      <trkpt lat="-28.17375" lon="-65.90351">
        <ele>1846</ele>
        <time>2026-07-26T05:20:23+00:00</time>
      </trkpt>
      <trkpt lat="-28.17375" lon="-65.90353">
        <ele>1846</ele>
        <time>2026-07-26T05:20:26+00:00</time>
      </trkpt>
      <trkpt lat="-28.17376" lon="-65.90358">
        <ele>1847</ele>
        <time>2026-07-26T05:20:29+00:00</time>
      </trkpt>
      <trkpt lat="-28.17378" lon="-65.9036">
        <ele>1847</ele>
        <time>2026-07-26T05:20:32+00:00</time>
      </trkpt>
      <trkpt lat="-28.17379" lon="-65.90362">
        <ele>1847</ele>
        <time>2026-07-26T05:20:35+00:00</time>
      </trkpt>
      <trkpt lat="-28.17387" lon="-65.90369">
        <ele>1849</ele>
        <time>2026-07-26T05:20:38+00:00</time>
      </trkpt>
      <trkpt lat="-28.17396" lon="-65.90373">
        <ele>1850</ele>
        <time>2026-07-26T05:20:41+00:00</time>
      </trkpt>
      <trkpt lat="-28.17402" lon="-65.90379">
        <ele>1850</ele>
        <time>2026-07-26T05:20:44+00:00</time>
      </trkpt>
      <trkpt lat="-28.17411" lon="-65.90383">
        <ele>1851</ele>
        <time>2026-07-26T05:20:47+00:00</time>
      </trkpt>
      <trkpt lat="-28.17421" lon="-65.90396">
        <ele>1851</ele>
        <time>2026-07-26T05:20:50+00:00</time>
      </trkpt>
      <trkpt lat="-28.17426" lon="-65.90401">
        <ele>1852</ele>
        <time>2026-07-26T05:20:53+00:00</time>
      </trkpt>
      <trkpt lat="-28.17428" lon="-65.90402">
        <ele>1852</ele>
        <time>2026-07-26T05:20:56+00:00</time>
      </trkpt>
      <trkpt lat="-28.17433" lon="-65.90408">
        <ele>1852</ele>
        <time>2026-07-26T05:20:59+00:00</time>
      </trkpt>
      <trkpt lat="-28.17441" lon="-65.90412">
        <ele>1852</ele>
        <time>2026-07-26T05:21:02+00:00</time>
      </trkpt>
      <trkpt lat="-28.17475" lon="-65.90442">
        <ele>1855</ele>
        <time>2026-07-26T05:21:05+00:00</time>
      </trkpt>
      <trkpt lat="-28.17484" lon="-65.90447">
        <ele>1855</ele>
        <time>2026-07-26T05:21:08+00:00</time>
      </trkpt>
      <trkpt lat="-28.1749" lon="-65.90453">
        <ele>1856</ele>
        <time>2026-07-26T05:21:11+00:00</time>
      </trkpt>
      <trkpt lat="-28.17492" lon="-65.90458">
        <ele>1856</ele>
        <time>2026-07-26T05:21:14+00:00</time>
      </trkpt>
      <trkpt lat="-28.17493" lon="-65.90462">
        <ele>1856</ele>
        <time>2026-07-26T05:21:17+00:00</time>
      </trkpt>
      <trkpt lat="-28.17493" lon="-65.90467">
        <ele>1856</ele>
        <time>2026-07-26T05:21:20+00:00</time>
      </trkpt>
      <trkpt lat="-28.17495" lon="-65.90473">
        <ele>1856</ele>
        <time>2026-07-26T05:21:23+00:00</time>
      </trkpt>
      <trkpt lat="-28.175" lon="-65.90476">
        <ele>1856</ele>
        <time>2026-07-26T05:21:26+00:00</time>
      </trkpt>
      <trkpt lat="-28.17503" lon="-65.90476">
        <ele>1857</ele>
        <time>2026-07-26T05:21:29+00:00</time>
      </trkpt>
      <trkpt lat="-28.17516" lon="-65.90481">
        <ele>1857</ele>
        <time>2026-07-26T05:21:32+00:00</time>
      </trkpt>
      <trkpt lat="-28.17527" lon="-65.90484">
        <ele>1857</ele>
        <time>2026-07-26T05:21:35+00:00</time>
      </trkpt>
      <trkpt lat="-28.1754" lon="-65.9049">
        <ele>1858</ele>
        <time>2026-07-26T05:21:38+00:00</time>
      </trkpt>
      <trkpt lat="-28.17547" lon="-65.90495">
        <ele>1858</ele>
        <time>2026-07-26T05:21:41+00:00</time>
      </trkpt>
      <trkpt lat="-28.17552" lon="-65.90501">
        <ele>1858</ele>
        <time>2026-07-26T05:21:44+00:00</time>
      </trkpt>
      <trkpt lat="-28.1756" lon="-65.90515">
        <ele>1858</ele>
        <time>2026-07-26T05:21:47+00:00</time>
      </trkpt>
      <trkpt lat="-28.17567" lon="-65.90522">
        <ele>1858</ele>
        <time>2026-07-26T05:21:50+00:00</time>
      </trkpt>
      <trkpt lat="-28.17576" lon="-65.90526">
        <ele>1858</ele>
        <time>2026-07-26T05:21:53+00:00</time>
      </trkpt>
      <trkpt lat="-28.1758" lon="-65.9053">
        <ele>1859</ele>
        <time>2026-07-26T05:21:56+00:00</time>
      </trkpt>
      <trkpt lat="-28.1759" lon="-65.90535">
        <ele>1859</ele>
        <time>2026-07-26T05:21:59+00:00</time>
      </trkpt>
      <trkpt lat="-28.176" lon="-65.90543">
        <ele>1858</ele>
        <time>2026-07-26T05:22:02+00:00</time>
      </trkpt>
      <trkpt lat="-28.17607" lon="-65.90547">
        <ele>1858</ele>
        <time>2026-07-26T05:22:05+00:00</time>
      </trkpt>
      <trkpt lat="-28.17617" lon="-65.90548">
        <ele>1858</ele>
        <time>2026-07-26T05:22:08+00:00</time>
      </trkpt>
      <trkpt lat="-28.17622" lon="-65.90548">
        <ele>1858</ele>
        <time>2026-07-26T05:22:11+00:00</time>
      </trkpt>
      <trkpt lat="-28.17626" lon="-65.90548">
        <ele>1857</ele>
        <time>2026-07-26T05:22:14+00:00</time>
      </trkpt>
      <trkpt lat="-28.17642" lon="-65.90552">
        <ele>1856</ele>
        <time>2026-07-26T05:22:17+00:00</time>
      </trkpt>
      <trkpt lat="-28.1765" lon="-65.90552">
        <ele>1854</ele>
        <time>2026-07-26T05:22:20+00:00</time>
      </trkpt>
      <trkpt lat="-28.17655" lon="-65.90551">
        <ele>1853</ele>
        <time>2026-07-26T05:22:23+00:00</time>
      </trkpt>
      <trkpt lat="-28.17661" lon="-65.90551">
        <ele>1851</ele>
        <time>2026-07-26T05:22:26+00:00</time>
      </trkpt>
      <trkpt lat="-28.17674" lon="-65.90553">
        <ele>1848</ele>
        <time>2026-07-26T05:22:29+00:00</time>
      </trkpt>
      <trkpt lat="-28.17678" lon="-65.90553">
        <ele>1848</ele>
        <time>2026-07-26T05:22:32+00:00</time>
      </trkpt>
      <trkpt lat="-28.17682" lon="-65.90554">
        <ele>1847</ele>
        <time>2026-07-26T05:22:35+00:00</time>
      </trkpt>
      <trkpt lat="-28.17684" lon="-65.90555">
        <ele>1847</ele>
        <time>2026-07-26T05:22:38+00:00</time>
      </trkpt>
      <trkpt lat="-28.17695" lon="-65.90561">
        <ele>1845</ele>
        <time>2026-07-26T05:22:41+00:00</time>
      </trkpt>
      <trkpt lat="-28.17698" lon="-65.90561">
        <ele>1845</ele>
        <time>2026-07-26T05:22:44+00:00</time>
      </trkpt>
      <trkpt lat="-28.177" lon="-65.90562">
        <ele>1844</ele>
        <time>2026-07-26T05:22:47+00:00</time>
      </trkpt>
      <trkpt lat="-28.17705" lon="-65.90563">
        <ele>1842</ele>
        <time>2026-07-26T05:22:50+00:00</time>
      </trkpt>
      <trkpt lat="-28.17708" lon="-65.90564">
        <ele>1842</ele>
        <time>2026-07-26T05:22:53+00:00</time>
      </trkpt>
      <trkpt lat="-28.17712" lon="-65.90566">
        <ele>1840</ele>
        <time>2026-07-26T05:22:56+00:00</time>
      </trkpt>
      <trkpt lat="-28.17713" lon="-65.90568">
        <ele>1839</ele>
        <time>2026-07-26T05:22:59+00:00</time>
      </trkpt>
      <trkpt lat="-28.1771" lon="-65.90578">
        <ele>1838</ele>
        <time>2026-07-26T05:23:02+00:00</time>
      </trkpt>
      <trkpt lat="-28.17705" lon="-65.90583">
        <ele>1837</ele>
        <time>2026-07-26T05:23:05+00:00</time>
      </trkpt>
      <trkpt lat="-28.17691" lon="-65.90589">
        <ele>1838</ele>
        <time>2026-07-26T05:23:08+00:00</time>
      </trkpt>
      <trkpt lat="-28.17687" lon="-65.9059">
        <ele>1839</ele>
        <time>2026-07-26T05:23:11+00:00</time>
      </trkpt>
      <trkpt lat="-28.17684" lon="-65.90589">
        <ele>1840</ele>
        <time>2026-07-26T05:23:14+00:00</time>
      </trkpt>
      <trkpt lat="-28.1768" lon="-65.90592">
        <ele>1839</ele>
        <time>2026-07-26T05:23:17+00:00</time>
      </trkpt>
      <trkpt lat="-28.17672" lon="-65.90594">
        <ele>1841</ele>
        <time>2026-07-26T05:23:20+00:00</time>
      </trkpt>
      <trkpt lat="-28.17667" lon="-65.90596">
        <ele>1840</ele>
        <time>2026-07-26T05:23:23+00:00</time>
      </trkpt>
      <trkpt lat="-28.1766" lon="-65.90602">
        <ele>1837</ele>
        <time>2026-07-26T05:23:26+00:00</time>
      </trkpt>
      <trkpt lat="-28.17654" lon="-65.90605">
        <ele>1834</ele>
        <time>2026-07-26T05:23:29+00:00</time>
      </trkpt>
      <trkpt lat="-28.17645" lon="-65.90609">
        <ele>1831</ele>
        <time>2026-07-26T05:23:32+00:00</time>
      </trkpt>
      <trkpt lat="-28.17641" lon="-65.90612">
        <ele>1830</ele>
        <time>2026-07-26T05:23:35+00:00</time>
      </trkpt>
      <trkpt lat="-28.17633" lon="-65.90617">
        <ele>1828</ele>
        <time>2026-07-26T05:23:38+00:00</time>
      </trkpt>
      <trkpt lat="-28.17626" lon="-65.90623">
        <ele>1823</ele>
        <time>2026-07-26T05:23:41+00:00</time>
      </trkpt>
      <trkpt lat="-28.1762" lon="-65.90631">
        <ele>1820</ele>
        <time>2026-07-26T05:23:44+00:00</time>
      </trkpt>
      <trkpt lat="-28.17617" lon="-65.90631">
        <ele>1820</ele>
        <time>2026-07-26T05:23:47+00:00</time>
      </trkpt>
      <trkpt lat="-28.1761" lon="-65.90629">
        <ele>1823</ele>
        <time>2026-07-26T05:23:50+00:00</time>
      </trkpt>
      <trkpt lat="-28.17609" lon="-65.90631">
        <ele>1822</ele>
        <time>2026-07-26T05:23:53+00:00</time>
      </trkpt>
      <trkpt lat="-28.17607" lon="-65.90632">
        <ele>1822</ele>
        <time>2026-07-26T05:23:56+00:00</time>
      </trkpt>
      <trkpt lat="-28.17605" lon="-65.90634">
        <ele>1822</ele>
        <time>2026-07-26T05:23:59+00:00</time>
      </trkpt>
      <trkpt lat="-28.17605" lon="-65.90637">
        <ele>1819</ele>
        <time>2026-07-26T05:24:02+00:00</time>
      </trkpt>
      <trkpt lat="-28.17607" lon="-65.90637">
        <ele>1819</ele>
        <time>2026-07-26T05:24:05+00:00</time>
      </trkpt>
      <trkpt lat="-28.17613" lon="-65.9064">
        <ele>1816</ele>
        <time>2026-07-26T05:24:08+00:00</time>
      </trkpt>
      <trkpt lat="-28.17618" lon="-65.90641">
        <ele>1815</ele>
        <time>2026-07-26T05:24:11+00:00</time>
      </trkpt>
      <trkpt lat="-28.17622" lon="-65.90643">
        <ele>1812</ele>
        <time>2026-07-26T05:24:14+00:00</time>
      </trkpt>
      <trkpt lat="-28.17622" lon="-65.90646">
        <ele>1812</ele>
        <time>2026-07-26T05:24:17+00:00</time>
      </trkpt>
      <trkpt lat="-28.17627" lon="-65.90653">
        <ele>1808</ele>
        <time>2026-07-26T05:24:20+00:00</time>
      </trkpt>
      <trkpt lat="-28.17628" lon="-65.90656">
        <ele>1806</ele>
        <time>2026-07-26T05:24:23+00:00</time>
      </trkpt>
      <trkpt lat="-28.17625" lon="-65.90659">
        <ele>1806</ele>
        <time>2026-07-26T05:24:26+00:00</time>
      </trkpt>
      <trkpt lat="-28.17621" lon="-65.90662">
        <ele>1804</ele>
        <time>2026-07-26T05:24:29+00:00</time>
      </trkpt>
      <trkpt lat="-28.17616" lon="-65.90663">
        <ele>1805</ele>
        <time>2026-07-26T05:24:32+00:00</time>
      </trkpt>
      <trkpt lat="-28.17609" lon="-65.90663">
        <ele>1806</ele>
        <time>2026-07-26T05:24:35+00:00</time>
      </trkpt>
      <trkpt lat="-28.17608" lon="-65.9066">
        <ele>1806</ele>
        <time>2026-07-26T05:24:38+00:00</time>
      </trkpt>
      <trkpt lat="-28.17606" lon="-65.90659">
        <ele>1808</ele>
        <time>2026-07-26T05:24:41+00:00</time>
      </trkpt>
      <trkpt lat="-28.17597" lon="-65.90656">
        <ele>1808</ele>
        <time>2026-07-26T05:24:44+00:00</time>
      </trkpt>
      <trkpt lat="-28.17595" lon="-65.90654">
        <ele>1810</ele>
        <time>2026-07-26T05:24:47+00:00</time>
      </trkpt>
      <trkpt lat="-28.17592" lon="-65.90654">
        <ele>1810</ele>
        <time>2026-07-26T05:24:50+00:00</time>
      </trkpt>
      <trkpt lat="-28.1759" lon="-65.90656">
        <ele>1808</ele>
        <time>2026-07-26T05:24:53+00:00</time>
      </trkpt>
      <trkpt lat="-28.17589" lon="-65.9066">
        <ele>1808</ele>
        <time>2026-07-26T05:24:56+00:00</time>
      </trkpt>
      <trkpt lat="-28.17589" lon="-65.90663">
        <ele>1805</ele>
        <time>2026-07-26T05:24:59+00:00</time>
      </trkpt>
      <trkpt lat="-28.17592" lon="-65.90668">
        <ele>1804</ele>
        <time>2026-07-26T05:25:02+00:00</time>
      </trkpt>
      <trkpt lat="-28.17602" lon="-65.9068">
        <ele>1798</ele>
        <time>2026-07-26T05:25:05+00:00</time>
      </trkpt>
      <trkpt lat="-28.17606" lon="-65.90691">
        <ele>1793</ele>
        <time>2026-07-26T05:25:08+00:00</time>
      </trkpt>
      <trkpt lat="-28.17596" lon="-65.90692">
        <ele>1792</ele>
        <time>2026-07-26T05:25:11+00:00</time>
      </trkpt>
      <trkpt lat="-28.17587" lon="-65.90686">
        <ele>1792</ele>
        <time>2026-07-26T05:25:14+00:00</time>
      </trkpt>
      <trkpt lat="-28.17583" lon="-65.90683">
        <ele>1793</ele>
        <time>2026-07-26T05:25:17+00:00</time>
      </trkpt>
      <trkpt lat="-28.17576" lon="-65.9068">
        <ele>1795</ele>
        <time>2026-07-26T05:25:20+00:00</time>
      </trkpt>
      <trkpt lat="-28.17572" lon="-65.90676">
        <ele>1796</ele>
        <time>2026-07-26T05:25:23+00:00</time>
      </trkpt>
      <trkpt lat="-28.17567" lon="-65.90675">
        <ele>1795</ele>
        <time>2026-07-26T05:25:26+00:00</time>
      </trkpt>
      <trkpt lat="-28.17558" lon="-65.90675">
        <ele>1793</ele>
        <time>2026-07-26T05:25:29+00:00</time>
      </trkpt>
      <trkpt lat="-28.1755" lon="-65.90673">
        <ele>1790</ele>
        <time>2026-07-26T05:25:32+00:00</time>
      </trkpt>
      <trkpt lat="-28.1754" lon="-65.90675">
        <ele>1785</ele>
        <time>2026-07-26T05:25:35+00:00</time>
      </trkpt>
      <trkpt lat="-28.1753" lon="-65.90676">
        <ele>1783</ele>
        <time>2026-07-26T05:25:38+00:00</time>
      </trkpt>
      <trkpt lat="-28.1752" lon="-65.90673">
        <ele>1783</ele>
        <time>2026-07-26T05:25:41+00:00</time>
      </trkpt>
      <trkpt lat="-28.1751" lon="-65.90675">
        <ele>1785</ele>
        <time>2026-07-26T05:25:44+00:00</time>
      </trkpt>
      <trkpt lat="-28.17501" lon="-65.90675">
        <ele>1787</ele>
        <time>2026-07-26T05:25:47+00:00</time>
      </trkpt>
      <trkpt lat="-28.17492" lon="-65.90674">
        <ele>1787</ele>
        <time>2026-07-26T05:25:50+00:00</time>
      </trkpt>
      <trkpt lat="-28.17482" lon="-65.90671">
        <ele>1790</ele>
        <time>2026-07-26T05:25:53+00:00</time>
      </trkpt>
      <trkpt lat="-28.17475" lon="-65.90678">
        <ele>1783</ele>
        <time>2026-07-26T05:25:56+00:00</time>
      </trkpt>
      <trkpt lat="-28.17466" lon="-65.90682">
        <ele>1782</ele>
        <time>2026-07-26T05:25:59+00:00</time>
      </trkpt>
      <trkpt lat="-28.1746" lon="-65.90708">
        <ele>1773</ele>
        <time>2026-07-26T05:26:02+00:00</time>
      </trkpt>
      <trkpt lat="-28.17454" lon="-65.90715">
        <ele>1774</ele>
        <time>2026-07-26T05:26:05+00:00</time>
      </trkpt>
      <trkpt lat="-28.17447" lon="-65.90723">
        <ele>1774</ele>
        <time>2026-07-26T05:26:08+00:00</time>
      </trkpt>
      <trkpt lat="-28.17442" lon="-65.90733">
        <ele>1773</ele>
        <time>2026-07-26T05:26:11+00:00</time>
      </trkpt>
      <trkpt lat="-28.17424" lon="-65.90743">
        <ele>1778</ele>
        <time>2026-07-26T05:26:14+00:00</time>
      </trkpt>
      <trkpt lat="-28.17414" lon="-65.90745">
        <ele>1780</ele>
        <time>2026-07-26T05:26:17+00:00</time>
      </trkpt>
      <trkpt lat="-28.17405" lon="-65.90749">
        <ele>1782</ele>
        <time>2026-07-26T05:26:20+00:00</time>
      </trkpt>
      <trkpt lat="-28.17386" lon="-65.90754">
        <ele>1784</ele>
        <time>2026-07-26T05:26:23+00:00</time>
      </trkpt>
      <trkpt lat="-28.17376" lon="-65.90751">
        <ele>1785</ele>
        <time>2026-07-26T05:26:26+00:00</time>
      </trkpt>
      <trkpt lat="-28.17365" lon="-65.90752">
        <ele>1787</ele>
        <time>2026-07-26T05:26:29+00:00</time>
      </trkpt>
      <trkpt lat="-28.17364" lon="-65.90754">
        <ele>1787</ele>
        <time>2026-07-26T05:26:32+00:00</time>
      </trkpt>
      <trkpt lat="-28.17365" lon="-65.9075">
        <ele>1787</ele>
        <time>2026-07-26T05:26:35+00:00</time>
      </trkpt>
      <trkpt lat="-28.17367" lon="-65.9075">
        <ele>1787</ele>
        <time>2026-07-26T05:26:38+00:00</time>
      </trkpt>
      <trkpt lat="-28.17365" lon="-65.90749">
        <ele>1787</ele>
        <time>2026-07-26T05:26:41+00:00</time>
      </trkpt>
      <trkpt lat="-28.17362" lon="-65.90751">
        <ele>1787</ele>
        <time>2026-07-26T05:26:44+00:00</time>
      </trkpt>
      <trkpt lat="-28.1737" lon="-65.90746">
        <ele>1787</ele>
        <time>2026-07-26T05:26:47+00:00</time>
      </trkpt>
      <trkpt lat="-28.1739" lon="-65.90747">
        <ele>1785</ele>
        <time>2026-07-26T05:26:50+00:00</time>
      </trkpt>
      <trkpt lat="-28.17409" lon="-65.90745">
        <ele>1782</ele>
        <time>2026-07-26T05:26:53+00:00</time>
      </trkpt>
      <trkpt lat="-28.17418" lon="-65.90741">
        <ele>1779</ele>
        <time>2026-07-26T05:26:56+00:00</time>
      </trkpt>
      <trkpt lat="-28.17424" lon="-65.90734">
        <ele>1778</ele>
        <time>2026-07-26T05:26:59+00:00</time>
      </trkpt>
      <trkpt lat="-28.17432" lon="-65.90727">
        <ele>1777</ele>
        <time>2026-07-26T05:27:02+00:00</time>
      </trkpt>
      <trkpt lat="-28.17438" lon="-65.90719">
        <ele>1777</ele>
        <time>2026-07-26T05:27:05+00:00</time>
      </trkpt>
      <trkpt lat="-28.17447" lon="-65.90699">
        <ele>1779</ele>
        <time>2026-07-26T05:27:08+00:00</time>
      </trkpt>
      <trkpt lat="-28.17453" lon="-65.9068">
        <ele>1787</ele>
        <time>2026-07-26T05:27:11+00:00</time>
      </trkpt>
      <trkpt lat="-28.17461" lon="-65.90675">
        <ele>1787</ele>
        <time>2026-07-26T05:27:14+00:00</time>
      </trkpt>
      <trkpt lat="-28.1748" lon="-65.90668">
        <ele>1792</ele>
        <time>2026-07-26T05:27:17+00:00</time>
      </trkpt>
      <trkpt lat="-28.1749" lon="-65.90668">
        <ele>1790</ele>
        <time>2026-07-26T05:27:20+00:00</time>
      </trkpt>
      <trkpt lat="-28.17499" lon="-65.90667">
        <ele>1793</ele>
        <time>2026-07-26T05:27:23+00:00</time>
      </trkpt>
      <trkpt lat="-28.17508" lon="-65.90669">
        <ele>1788</ele>
        <time>2026-07-26T05:27:26+00:00</time>
      </trkpt>
      <trkpt lat="-28.17517" lon="-65.90663">
        <ele>1792</ele>
        <time>2026-07-26T05:27:29+00:00</time>
      </trkpt>
      <trkpt lat="-28.17525" lon="-65.90661">
        <ele>1791</ele>
        <time>2026-07-26T05:27:32+00:00</time>
      </trkpt>
      <trkpt lat="-28.17535" lon="-65.9066">
        <ele>1792</ele>
        <time>2026-07-26T05:27:35+00:00</time>
      </trkpt>
      <trkpt lat="-28.17544" lon="-65.90658">
        <ele>1798</ele>
        <time>2026-07-26T05:27:38+00:00</time>
      </trkpt>
      <trkpt lat="-28.17559" lon="-65.90665">
        <ele>1798</ele>
        <time>2026-07-26T05:27:41+00:00</time>
      </trkpt>
      <trkpt lat="-28.1756" lon="-65.90666">
        <ele>1798</ele>
        <time>2026-07-26T05:27:44+00:00</time>
      </trkpt>
      <trkpt lat="-28.17569" lon="-65.90665">
        <ele>1801</ele>
        <time>2026-07-26T05:27:47+00:00</time>
      </trkpt>
      <trkpt lat="-28.17573" lon="-65.90667">
        <ele>1801</ele>
        <time>2026-07-26T05:27:50+00:00</time>
      </trkpt>
      <trkpt lat="-28.17576" lon="-65.90671">
        <ele>1799</ele>
        <time>2026-07-26T05:27:53+00:00</time>
      </trkpt>
      <trkpt lat="-28.17584" lon="-65.90676">
        <ele>1798</ele>
        <time>2026-07-26T05:27:56+00:00</time>
      </trkpt>
      <trkpt lat="-28.17586" lon="-65.90678">
        <ele>1796</ele>
        <time>2026-07-26T05:27:59+00:00</time>
      </trkpt>
      <trkpt lat="-28.17586" lon="-65.90682">
        <ele>1794</ele>
        <time>2026-07-26T05:28:02+00:00</time>
      </trkpt>
      <trkpt lat="-28.1759" lon="-65.90687">
        <ele>1792</ele>
        <time>2026-07-26T05:28:05+00:00</time>
      </trkpt>
      <trkpt lat="-28.176" lon="-65.90689">
        <ele>1794</ele>
        <time>2026-07-26T05:28:08+00:00</time>
      </trkpt>
      <trkpt lat="-28.17607" lon="-65.90686">
        <ele>1795</ele>
        <time>2026-07-26T05:28:11+00:00</time>
      </trkpt>
      <trkpt lat="-28.17607" lon="-65.90682">
        <ele>1797</ele>
        <time>2026-07-26T05:28:14+00:00</time>
      </trkpt>
      <trkpt lat="-28.17604" lon="-65.90676">
        <ele>1801</ele>
        <time>2026-07-26T05:28:17+00:00</time>
      </trkpt>
      <trkpt lat="-28.17601" lon="-65.90673">
        <ele>1801</ele>
        <time>2026-07-26T05:28:20+00:00</time>
      </trkpt>
      <trkpt lat="-28.17596" lon="-65.90671">
        <ele>1802</ele>
        <time>2026-07-26T05:28:23+00:00</time>
      </trkpt>
      <trkpt lat="-28.17595" lon="-65.90666">
        <ele>1804</ele>
        <time>2026-07-26T05:28:26+00:00</time>
      </trkpt>
      <trkpt lat="-28.17593" lon="-65.90665">
        <ele>1804</ele>
        <time>2026-07-26T05:28:29+00:00</time>
      </trkpt>
      <trkpt lat="-28.17593" lon="-65.90662">
        <ele>1806</ele>
        <time>2026-07-26T05:28:32+00:00</time>
      </trkpt>
      <trkpt lat="-28.17594" lon="-65.90658">
        <ele>1808</ele>
        <time>2026-07-26T05:28:35+00:00</time>
      </trkpt>
      <trkpt lat="-28.17596" lon="-65.90656">
        <ele>1808</ele>
        <time>2026-07-26T05:28:38+00:00</time>
      </trkpt>
      <trkpt lat="-28.17598" lon="-65.90655">
        <ele>1810</ele>
        <time>2026-07-26T05:28:41+00:00</time>
      </trkpt>
      <trkpt lat="-28.17602" lon="-65.90656">
        <ele>1808</ele>
        <time>2026-07-26T05:28:44+00:00</time>
      </trkpt>
      <trkpt lat="-28.17605" lon="-65.90654">
        <ele>1810</ele>
        <time>2026-07-26T05:28:47+00:00</time>
      </trkpt>
      <trkpt lat="-28.17614" lon="-65.90655">
        <ele>1809</ele>
        <time>2026-07-26T05:28:50+00:00</time>
      </trkpt>
      <trkpt lat="-28.17617" lon="-65.90657">
        <ele>1807</ele>
        <time>2026-07-26T05:28:53+00:00</time>
      </trkpt>
      <trkpt lat="-28.17619" lon="-65.90656">
        <ele>1806</ele>
        <time>2026-07-26T05:28:56+00:00</time>
      </trkpt>
      <trkpt lat="-28.17623" lon="-65.90655">
        <ele>1808</ele>
        <time>2026-07-26T05:28:59+00:00</time>
      </trkpt>
      <trkpt lat="-28.17628" lon="-65.90651">
        <ele>1808</ele>
        <time>2026-07-26T05:29:02+00:00</time>
      </trkpt>
      <trkpt lat="-28.17627" lon="-65.90647">
        <ele>1810</ele>
        <time>2026-07-26T05:29:05+00:00</time>
      </trkpt>
      <trkpt lat="-28.17626" lon="-65.90645">
        <ele>1812</ele>
        <time>2026-07-26T05:29:08+00:00</time>
      </trkpt>
      <trkpt lat="-28.17625" lon="-65.90644">
        <ele>1813</ele>
        <time>2026-07-26T05:29:11+00:00</time>
      </trkpt>
      <trkpt lat="-28.17621" lon="-65.90642">
        <ele>1815</ele>
        <time>2026-07-26T05:29:14+00:00</time>
      </trkpt>
      <trkpt lat="-28.17617" lon="-65.90641">
        <ele>1816</ele>
        <time>2026-07-26T05:29:17+00:00</time>
      </trkpt>
      <trkpt lat="-28.17613" lon="-65.90639">
        <ele>1816</ele>
        <time>2026-07-26T05:29:20+00:00</time>
      </trkpt>
      <trkpt lat="-28.17609" lon="-65.90638">
        <ele>1819</ele>
        <time>2026-07-26T05:29:23+00:00</time>
      </trkpt>
      <trkpt lat="-28.17607" lon="-65.90637">
        <ele>1819</ele>
        <time>2026-07-26T05:29:26+00:00</time>
      </trkpt>
      <trkpt lat="-28.17606" lon="-65.90635">
        <ele>1820</ele>
        <time>2026-07-26T05:29:29+00:00</time>
      </trkpt>
      <trkpt lat="-28.17606" lon="-65.90633">
        <ele>1822</ele>
        <time>2026-07-26T05:29:32+00:00</time>
      </trkpt>
      <trkpt lat="-28.17609" lon="-65.90629">
        <ele>1824</ele>
        <time>2026-07-26T05:29:35+00:00</time>
      </trkpt>
      <trkpt lat="-28.1761" lon="-65.90624">
        <ele>1827</ele>
        <time>2026-07-26T05:29:38+00:00</time>
      </trkpt>
      <trkpt lat="-28.17617" lon="-65.9062">
        <ele>1827</ele>
        <time>2026-07-26T05:29:41+00:00</time>
      </trkpt>
      <trkpt lat="-28.1762" lon="-65.90618">
        <ele>1827</ele>
        <time>2026-07-26T05:29:44+00:00</time>
      </trkpt>
      <trkpt lat="-28.17625" lon="-65.90616">
        <ele>1828</ele>
        <time>2026-07-26T05:29:47+00:00</time>
      </trkpt>
      <trkpt lat="-28.17631" lon="-65.9061">
        <ele>1830</ele>
        <time>2026-07-26T05:29:50+00:00</time>
      </trkpt>
      <trkpt lat="-28.17636" lon="-65.90608">
        <ele>1832</ele>
        <time>2026-07-26T05:29:53+00:00</time>
      </trkpt>
      <trkpt lat="-28.17638" lon="-65.90606">
        <ele>1832</ele>
        <time>2026-07-26T05:29:56+00:00</time>
      </trkpt>
      <trkpt lat="-28.17643" lon="-65.90603">
        <ele>1834</ele>
        <time>2026-07-26T05:29:59+00:00</time>
      </trkpt>
      <trkpt lat="-28.1766" lon="-65.90594">
        <ele>1841</ele>
        <time>2026-07-26T05:30:02+00:00</time>
      </trkpt>
      <trkpt lat="-28.17666" lon="-65.90594">
        <ele>1842</ele>
        <time>2026-07-26T05:30:05+00:00</time>
      </trkpt>
      <trkpt lat="-28.17671" lon="-65.90593">
        <ele>1842</ele>
        <time>2026-07-26T05:30:08+00:00</time>
      </trkpt>
      <trkpt lat="-28.17674" lon="-65.9059">
        <ele>1843</ele>
        <time>2026-07-26T05:30:11+00:00</time>
      </trkpt>
      <trkpt lat="-28.17678" lon="-65.90589">
        <ele>1842</ele>
        <time>2026-07-26T05:30:14+00:00</time>
      </trkpt>
      <trkpt lat="-28.1768" lon="-65.9059">
        <ele>1841</ele>
        <time>2026-07-26T05:30:17+00:00</time>
      </trkpt>
      <trkpt lat="-28.17688" lon="-65.90588">
        <ele>1839</ele>
        <time>2026-07-26T05:30:20+00:00</time>
      </trkpt>
      <trkpt lat="-28.177" lon="-65.90583">
        <ele>1838</ele>
        <time>2026-07-26T05:30:23+00:00</time>
      </trkpt>
      <trkpt lat="-28.17712" lon="-65.90576">
        <ele>1838</ele>
        <time>2026-07-26T05:30:26+00:00</time>
      </trkpt>
      <trkpt lat="-28.17713" lon="-65.90573">
        <ele>1838</ele>
        <time>2026-07-26T05:30:29+00:00</time>
      </trkpt>
      <trkpt lat="-28.17714" lon="-65.90571">
        <ele>1838</ele>
        <time>2026-07-26T05:30:32+00:00</time>
      </trkpt>
      <trkpt lat="-28.17711" lon="-65.90568">
        <ele>1840</ele>
        <time>2026-07-26T05:30:35+00:00</time>
      </trkpt>
      <trkpt lat="-28.1771" lon="-65.90566">
        <ele>1840</ele>
        <time>2026-07-26T05:30:38+00:00</time>
      </trkpt>
      <trkpt lat="-28.17681" lon="-65.90556">
        <ele>1848</ele>
        <time>2026-07-26T05:30:41+00:00</time>
      </trkpt>
      <trkpt lat="-28.17648" lon="-65.90557">
        <ele>1854</ele>
        <time>2026-07-26T05:30:44+00:00</time>
      </trkpt>
      <trkpt lat="-28.17644" lon="-65.90558">
        <ele>1855</ele>
        <time>2026-07-26T05:30:47+00:00</time>
      </trkpt>
      <trkpt lat="-28.17626" lon="-65.90553">
        <ele>1857</ele>
        <time>2026-07-26T05:30:50+00:00</time>
      </trkpt>
      <trkpt lat="-28.17615" lon="-65.90553">
        <ele>1858</ele>
        <time>2026-07-26T05:30:53+00:00</time>
      </trkpt>
      <trkpt lat="-28.17606" lon="-65.9055">
        <ele>1858</ele>
        <time>2026-07-26T05:30:56+00:00</time>
      </trkpt>
      <trkpt lat="-28.17588" lon="-65.90539">
        <ele>1858</ele>
        <time>2026-07-26T05:30:59+00:00</time>
      </trkpt>
      <trkpt lat="-28.17578" lon="-65.90531">
        <ele>1859</ele>
        <time>2026-07-26T05:31:02+00:00</time>
      </trkpt>
      <trkpt lat="-28.17567" lon="-65.90525">
        <ele>1858</ele>
        <time>2026-07-26T05:31:05+00:00</time>
      </trkpt>
      <trkpt lat="-28.17561" lon="-65.90516">
        <ele>1858</ele>
        <time>2026-07-26T05:31:08+00:00</time>
      </trkpt>
      <trkpt lat="-28.17556" lon="-65.90506">
        <ele>1858</ele>
        <time>2026-07-26T05:31:11+00:00</time>
      </trkpt>
      <trkpt lat="-28.17551" lon="-65.905">
        <ele>1858</ele>
        <time>2026-07-26T05:31:14+00:00</time>
      </trkpt>
      <trkpt lat="-28.17542" lon="-65.90493">
        <ele>1858</ele>
        <time>2026-07-26T05:31:17+00:00</time>
      </trkpt>
      <trkpt lat="-28.17536" lon="-65.9049">
        <ele>1858</ele>
        <time>2026-07-26T05:31:20+00:00</time>
      </trkpt>
      <trkpt lat="-28.17506" lon="-65.90482">
        <ele>1857</ele>
        <time>2026-07-26T05:31:23+00:00</time>
      </trkpt>
      <trkpt lat="-28.17499" lon="-65.90477">
        <ele>1857</ele>
        <time>2026-07-26T05:31:26+00:00</time>
      </trkpt>
      <trkpt lat="-28.17497" lon="-65.90475">
        <ele>1857</ele>
        <time>2026-07-26T05:31:29+00:00</time>
      </trkpt>
      <trkpt lat="-28.17496" lon="-65.90472">
        <ele>1857</ele>
        <time>2026-07-26T05:31:32+00:00</time>
      </trkpt>
      <trkpt lat="-28.17498" lon="-65.90468">
        <ele>1857</ele>
        <time>2026-07-26T05:31:35+00:00</time>
      </trkpt>
      <trkpt lat="-28.17498" lon="-65.90466">
        <ele>1857</ele>
        <time>2026-07-26T05:31:38+00:00</time>
      </trkpt>
      <trkpt lat="-28.17492" lon="-65.90458">
        <ele>1856</ele>
        <time>2026-07-26T05:31:41+00:00</time>
      </trkpt>
      <trkpt lat="-28.17483" lon="-65.90453">
        <ele>1856</ele>
        <time>2026-07-26T05:31:44+00:00</time>
      </trkpt>
      <trkpt lat="-28.17478" lon="-65.90443">
        <ele>1856</ele>
        <time>2026-07-26T05:31:47+00:00</time>
      </trkpt>
      <trkpt lat="-28.17471" lon="-65.90433">
        <ele>1855</ele>
        <time>2026-07-26T05:31:50+00:00</time>
      </trkpt>
      <trkpt lat="-28.17453" lon="-65.90425">
        <ele>1854</ele>
        <time>2026-07-26T05:31:53+00:00</time>
      </trkpt>
      <trkpt lat="-28.1744" lon="-65.90411">
        <ele>1852</ele>
        <time>2026-07-26T05:31:56+00:00</time>
      </trkpt>
      <trkpt lat="-28.17425" lon="-65.904">
        <ele>1852</ele>
        <time>2026-07-26T05:31:59+00:00</time>
      </trkpt>
      <trkpt lat="-28.17415" lon="-65.90388">
        <ele>1851</ele>
        <time>2026-07-26T05:32:02+00:00</time>
      </trkpt>
      <trkpt lat="-28.17405" lon="-65.90385">
        <ele>1851</ele>
        <time>2026-07-26T05:32:05+00:00</time>
      </trkpt>
      <trkpt lat="-28.17398" lon="-65.90377">
        <ele>1850</ele>
        <time>2026-07-26T05:32:08+00:00</time>
      </trkpt>
      <trkpt lat="-28.17374" lon="-65.90359">
        <ele>1847</ele>
        <time>2026-07-26T05:32:11+00:00</time>
      </trkpt>
      <trkpt lat="-28.17373" lon="-65.90354">
        <ele>1847</ele>
        <time>2026-07-26T05:32:14+00:00</time>
      </trkpt>
      <trkpt lat="-28.17374" lon="-65.90344">
        <ele>1845</ele>
        <time>2026-07-26T05:32:17+00:00</time>
      </trkpt>
      <trkpt lat="-28.17381" lon="-65.90329">
        <ele>1841</ele>
        <time>2026-07-26T05:32:20+00:00</time>
      </trkpt>
      <trkpt lat="-28.17384" lon="-65.90325">
        <ele>1840</ele>
        <time>2026-07-26T05:32:23+00:00</time>
      </trkpt>
      <trkpt lat="-28.1739" lon="-65.90319">
        <ele>1837</ele>
        <time>2026-07-26T05:32:26+00:00</time>
      </trkpt>
      <trkpt lat="-28.17397" lon="-65.90316">
        <ele>1835</ele>
        <time>2026-07-26T05:32:29+00:00</time>
      </trkpt>
      <trkpt lat="-28.17404" lon="-65.90313">
        <ele>1834</ele>
        <time>2026-07-26T05:32:32+00:00</time>
      </trkpt>
      <trkpt lat="-28.17408" lon="-65.9031">
        <ele>1832</ele>
        <time>2026-07-26T05:32:35+00:00</time>
      </trkpt>
      <trkpt lat="-28.1741" lon="-65.90305">
        <ele>1831</ele>
        <time>2026-07-26T05:32:38+00:00</time>
      </trkpt>
      <trkpt lat="-28.1741" lon="-65.90303">
        <ele>1831</ele>
        <time>2026-07-26T05:32:41+00:00</time>
      </trkpt>
      <trkpt lat="-28.17408" lon="-65.90298">
        <ele>1829</ele>
        <time>2026-07-26T05:32:44+00:00</time>
      </trkpt>
      <trkpt lat="-28.17406" lon="-65.90297">
        <ele>1829</ele>
        <time>2026-07-26T05:32:47+00:00</time>
      </trkpt>
      <trkpt lat="-28.17389" lon="-65.90293">
        <ele>1826</ele>
        <time>2026-07-26T05:32:50+00:00</time>
      </trkpt>
      <trkpt lat="-28.17382" lon="-65.90289">
        <ele>1825</ele>
        <time>2026-07-26T05:32:53+00:00</time>
      </trkpt>
      <trkpt lat="-28.17376" lon="-65.90288">
        <ele>1825</ele>
        <time>2026-07-26T05:32:56+00:00</time>
      </trkpt>
      <trkpt lat="-28.1737" lon="-65.90288">
        <ele>1824</ele>
        <time>2026-07-26T05:32:59+00:00</time>
      </trkpt>
      <trkpt lat="-28.17366" lon="-65.90291">
        <ele>1824</ele>
        <time>2026-07-26T05:33:02+00:00</time>
      </trkpt>
      <trkpt lat="-28.17356" lon="-65.90301">
        <ele>1823</ele>
        <time>2026-07-26T05:33:05+00:00</time>
      </trkpt>
      <trkpt lat="-28.17352" lon="-65.90303">
        <ele>1822</ele>
        <time>2026-07-26T05:33:08+00:00</time>
      </trkpt>
      <trkpt lat="-28.17345" lon="-65.90309">
        <ele>1822</ele>
        <time>2026-07-26T05:33:11+00:00</time>
      </trkpt>
      <trkpt lat="-28.17341" lon="-65.90313">
        <ele>1821</ele>
        <time>2026-07-26T05:33:14+00:00</time>
      </trkpt>
      <trkpt lat="-28.17339" lon="-65.90317">
        <ele>1821</ele>
        <time>2026-07-26T05:33:17+00:00</time>
      </trkpt>
      <trkpt lat="-28.17332" lon="-65.90327">
        <ele>1820</ele>
        <time>2026-07-26T05:33:20+00:00</time>
      </trkpt>
      <trkpt lat="-28.1732" lon="-65.90338">
        <ele>1818</ele>
        <time>2026-07-26T05:33:23+00:00</time>
      </trkpt>
      <trkpt lat="-28.17315" lon="-65.90342">
        <ele>1818</ele>
        <time>2026-07-26T05:33:26+00:00</time>
      </trkpt>
      <trkpt lat="-28.17306" lon="-65.90346">
        <ele>1816</ele>
        <time>2026-07-26T05:33:29+00:00</time>
      </trkpt>
      <trkpt lat="-28.17295" lon="-65.90342">
        <ele>1814</ele>
        <time>2026-07-26T05:33:32+00:00</time>
      </trkpt>
      <trkpt lat="-28.17295" lon="-65.90339">
        <ele>1814</ele>
        <time>2026-07-26T05:33:35+00:00</time>
      </trkpt>
      <trkpt lat="-28.17299" lon="-65.90331">
        <ele>1812</ele>
        <time>2026-07-26T05:33:38+00:00</time>
      </trkpt>
      <trkpt lat="-28.17306" lon="-65.90326">
        <ele>1810</ele>
        <time>2026-07-26T05:33:41+00:00</time>
      </trkpt>
      <trkpt lat="-28.1731" lon="-65.90321">
        <ele>1809</ele>
        <time>2026-07-26T05:33:44+00:00</time>
      </trkpt>
      <trkpt lat="-28.17311" lon="-65.90314">
        <ele>1808</ele>
        <time>2026-07-26T05:33:47+00:00</time>
      </trkpt>
      <trkpt lat="-28.17311" lon="-65.90304">
        <ele>1806</ele>
        <time>2026-07-26T05:33:50+00:00</time>
      </trkpt>
      <trkpt lat="-28.17313" lon="-65.90293">
        <ele>1804</ele>
        <time>2026-07-26T05:33:53+00:00</time>
      </trkpt>
      <trkpt lat="-28.17316" lon="-65.90284">
        <ele>1802</ele>
        <time>2026-07-26T05:33:56+00:00</time>
      </trkpt>
      <trkpt lat="-28.17319" lon="-65.90279">
        <ele>1801</ele>
        <time>2026-07-26T05:33:59+00:00</time>
      </trkpt>
      <trkpt lat="-28.17327" lon="-65.90265">
        <ele>1797</ele>
        <time>2026-07-26T05:34:02+00:00</time>
      </trkpt>
      <trkpt lat="-28.17329" lon="-65.90257">
        <ele>1795</ele>
        <time>2026-07-26T05:34:05+00:00</time>
      </trkpt>
      <trkpt lat="-28.17328" lon="-65.90254">
        <ele>1794</ele>
        <time>2026-07-26T05:34:08+00:00</time>
      </trkpt>
      <trkpt lat="-28.17329" lon="-65.90247">
        <ele>1793</ele>
        <time>2026-07-26T05:34:11+00:00</time>
      </trkpt>
      <trkpt lat="-28.17327" lon="-65.90241">
        <ele>1791</ele>
        <time>2026-07-26T05:34:14+00:00</time>
      </trkpt>
      <trkpt lat="-28.17328" lon="-65.90238">
        <ele>1790</ele>
        <time>2026-07-26T05:34:17+00:00</time>
      </trkpt>
      <trkpt lat="-28.17327" lon="-65.90234">
        <ele>1789</ele>
        <time>2026-07-26T05:34:20+00:00</time>
      </trkpt>
      <trkpt lat="-28.17324" lon="-65.90228">
        <ele>1787</ele>
        <time>2026-07-26T05:34:23+00:00</time>
      </trkpt>
      <trkpt lat="-28.1732" lon="-65.90226">
        <ele>1785</ele>
        <time>2026-07-26T05:34:26+00:00</time>
      </trkpt>
      <trkpt lat="-28.17317" lon="-65.90221">
        <ele>1783</ele>
        <time>2026-07-26T05:34:29+00:00</time>
      </trkpt>
      <trkpt lat="-28.17315" lon="-65.90215">
        <ele>1781</ele>
        <time>2026-07-26T05:34:32+00:00</time>
      </trkpt>
      <trkpt lat="-28.17315" lon="-65.90212">
        <ele>1780</ele>
        <time>2026-07-26T05:34:35+00:00</time>
      </trkpt>
      <trkpt lat="-28.17317" lon="-65.90209">
        <ele>1780</ele>
        <time>2026-07-26T05:34:38+00:00</time>
      </trkpt>
      <trkpt lat="-28.17322" lon="-65.90202">
        <ele>1777</ele>
        <time>2026-07-26T05:34:41+00:00</time>
      </trkpt>
      <trkpt lat="-28.17325" lon="-65.90194">
        <ele>1775</ele>
        <time>2026-07-26T05:34:44+00:00</time>
      </trkpt>
      <trkpt lat="-28.17333" lon="-65.90182">
        <ele>1772</ele>
        <time>2026-07-26T05:34:47+00:00</time>
      </trkpt>
      <trkpt lat="-28.17337" lon="-65.90177">
        <ele>1771</ele>
        <time>2026-07-26T05:34:50+00:00</time>
      </trkpt>
      <trkpt lat="-28.17344" lon="-65.90173">
        <ele>1770</ele>
        <time>2026-07-26T05:34:53+00:00</time>
      </trkpt>
      <trkpt lat="-28.17349" lon="-65.90167">
        <ele>1768</ele>
        <time>2026-07-26T05:34:56+00:00</time>
      </trkpt>
      <trkpt lat="-28.17358" lon="-65.9015">
        <ele>1764</ele>
        <time>2026-07-26T05:34:59+00:00</time>
      </trkpt>
      <trkpt lat="-28.17363" lon="-65.90145">
        <ele>1763</ele>
        <time>2026-07-26T05:35:02+00:00</time>
      </trkpt>
      <trkpt lat="-28.17373" lon="-65.90136">
        <ele>1759</ele>
        <time>2026-07-26T05:35:05+00:00</time>
      </trkpt>
      <trkpt lat="-28.17375" lon="-65.90132">
        <ele>1758</ele>
        <time>2026-07-26T05:35:08+00:00</time>
      </trkpt>
      <trkpt lat="-28.17376" lon="-65.90127">
        <ele>1756</ele>
        <time>2026-07-26T05:35:11+00:00</time>
      </trkpt>
      <trkpt lat="-28.17374" lon="-65.90121">
        <ele>1754</ele>
        <time>2026-07-26T05:35:14+00:00</time>
      </trkpt>
      <trkpt lat="-28.17373" lon="-65.90108">
        <ele>1751</ele>
        <time>2026-07-26T05:35:17+00:00</time>
      </trkpt>
      <trkpt lat="-28.17374" lon="-65.90104">
        <ele>1750</ele>
        <time>2026-07-26T05:35:20+00:00</time>
      </trkpt>
      <trkpt lat="-28.17374" lon="-65.90094">
        <ele>1747</ele>
        <time>2026-07-26T05:35:23+00:00</time>
      </trkpt>
      <trkpt lat="-28.17376" lon="-65.90086">
        <ele>1746</ele>
        <time>2026-07-26T05:35:26+00:00</time>
      </trkpt>
      <trkpt lat="-28.17386" lon="-65.90064">
        <ele>1740</ele>
        <time>2026-07-26T05:35:29+00:00</time>
      </trkpt>
      <trkpt lat="-28.1739" lon="-65.90049">
        <ele>1736</ele>
        <time>2026-07-26T05:35:32+00:00</time>
      </trkpt>
      <trkpt lat="-28.17394" lon="-65.90039">
        <ele>1733</ele>
        <time>2026-07-26T05:35:35+00:00</time>
      </trkpt>
      <trkpt lat="-28.17403" lon="-65.90025">
        <ele>1730</ele>
        <time>2026-07-26T05:35:38+00:00</time>
      </trkpt>
      <trkpt lat="-28.17404" lon="-65.90022">
        <ele>1729</ele>
        <time>2026-07-26T05:35:41+00:00</time>
      </trkpt>
      <trkpt lat="-28.17403" lon="-65.90019">
        <ele>1729</ele>
        <time>2026-07-26T05:35:44+00:00</time>
      </trkpt>
      <trkpt lat="-28.174" lon="-65.90016">
        <ele>1728</ele>
        <time>2026-07-26T05:35:47+00:00</time>
      </trkpt>
      <trkpt lat="-28.17396" lon="-65.90015">
        <ele>1727</ele>
        <time>2026-07-26T05:35:50+00:00</time>
      </trkpt>
      <trkpt lat="-28.1739" lon="-65.90016">
        <ele>1727</ele>
        <time>2026-07-26T05:35:53+00:00</time>
      </trkpt>
      <trkpt lat="-28.17367" lon="-65.90028">
        <ele>1725</ele>
        <time>2026-07-26T05:35:56+00:00</time>
      </trkpt>
      <trkpt lat="-28.17357" lon="-65.90032">
        <ele>1724</ele>
        <time>2026-07-26T05:35:59+00:00</time>
      </trkpt>
      <trkpt lat="-28.17347" lon="-65.9004">
        <ele>1724</ele>
        <time>2026-07-26T05:36:02+00:00</time>
      </trkpt>
      <trkpt lat="-28.1734" lon="-65.90046">
        <ele>1724</ele>
        <time>2026-07-26T05:36:05+00:00</time>
      </trkpt>
      <trkpt lat="-28.17337" lon="-65.90055">
        <ele>1724</ele>
        <time>2026-07-26T05:36:08+00:00</time>
      </trkpt>
      <trkpt lat="-28.17337" lon="-65.9006">
        <ele>1723</ele>
        <time>2026-07-26T05:36:11+00:00</time>
      </trkpt>
      <trkpt lat="-28.17337" lon="-65.90067">
        <ele>1722</ele>
        <time>2026-07-26T05:36:14+00:00</time>
      </trkpt>
      <trkpt lat="-28.17335" lon="-65.90072">
        <ele>1722</ele>
        <time>2026-07-26T05:36:17+00:00</time>
      </trkpt>
      <trkpt lat="-28.17324" lon="-65.90085">
        <ele>1719</ele>
        <time>2026-07-26T05:36:20+00:00</time>
      </trkpt>
      <trkpt lat="-28.1732" lon="-65.90096">
        <ele>1717</ele>
        <time>2026-07-26T05:36:23+00:00</time>
      </trkpt>
      <trkpt lat="-28.17314" lon="-65.90104">
        <ele>1716</ele>
        <time>2026-07-26T05:36:26+00:00</time>
      </trkpt>
      <trkpt lat="-28.17304" lon="-65.90106">
        <ele>1716</ele>
        <time>2026-07-26T05:36:29+00:00</time>
      </trkpt>
      <trkpt lat="-28.17294" lon="-65.90104">
        <ele>1717</ele>
        <time>2026-07-26T05:36:32+00:00</time>
      </trkpt>
      <trkpt lat="-28.17285" lon="-65.90108">
        <ele>1717</ele>
        <time>2026-07-26T05:36:35+00:00</time>
      </trkpt>
      <trkpt lat="-28.1727" lon="-65.90123">
        <ele>1718</ele>
        <time>2026-07-26T05:36:38+00:00</time>
      </trkpt>
      <trkpt lat="-28.17264" lon="-65.90132">
        <ele>1719</ele>
        <time>2026-07-26T05:36:41+00:00</time>
      </trkpt>
      <trkpt lat="-28.17252" lon="-65.90148">
        <ele>1720</ele>
        <time>2026-07-26T05:36:44+00:00</time>
      </trkpt>
      <trkpt lat="-28.17248" lon="-65.90156">
        <ele>1721</ele>
        <time>2026-07-26T05:36:47+00:00</time>
      </trkpt>
      <trkpt lat="-28.17245" lon="-65.90159">
        <ele>1721</ele>
        <time>2026-07-26T05:36:50+00:00</time>
      </trkpt>
      <trkpt lat="-28.1724" lon="-65.90168">
        <ele>1720</ele>
        <time>2026-07-26T05:36:53+00:00</time>
      </trkpt>
      <trkpt lat="-28.17231" lon="-65.9017">
        <ele>1720</ele>
        <time>2026-07-26T05:36:56+00:00</time>
      </trkpt>
      <trkpt lat="-28.17226" lon="-65.90161">
        <ele>1718</ele>
        <time>2026-07-26T05:36:59+00:00</time>
      </trkpt>
      <trkpt lat="-28.17227" lon="-65.9015">
        <ele>1717</ele>
        <time>2026-07-26T05:37:02+00:00</time>
      </trkpt>
      <trkpt lat="-28.17234" lon="-65.90127">
        <ele>1713</ele>
        <time>2026-07-26T05:37:05+00:00</time>
      </trkpt>
      <trkpt lat="-28.17237" lon="-65.90115">
        <ele>1712</ele>
        <time>2026-07-26T05:37:08+00:00</time>
      </trkpt>
      <trkpt lat="-28.17238" lon="-65.90104">
        <ele>1711</ele>
        <time>2026-07-26T05:37:11+00:00</time>
      </trkpt>
      <trkpt lat="-28.17238" lon="-65.90092">
        <ele>1709</ele>
        <time>2026-07-26T05:37:14+00:00</time>
      </trkpt>
      <trkpt lat="-28.17239" lon="-65.90078">
        <ele>1708</ele>
        <time>2026-07-26T05:37:17+00:00</time>
      </trkpt>
      <trkpt lat="-28.17246" lon="-65.9004">
        <ele>1702</ele>
        <time>2026-07-26T05:37:20+00:00</time>
      </trkpt>
      <trkpt lat="-28.17246" lon="-65.90028">
        <ele>1700</ele>
        <time>2026-07-26T05:37:23+00:00</time>
      </trkpt>
      <trkpt lat="-28.17246" lon="-65.90015">
        <ele>1698</ele>
        <time>2026-07-26T05:37:26+00:00</time>
      </trkpt>
      <trkpt lat="-28.17242" lon="-65.89992">
        <ele>1695</ele>
        <time>2026-07-26T05:37:29+00:00</time>
      </trkpt>
      <trkpt lat="-28.17243" lon="-65.8998">
        <ele>1693</ele>
        <time>2026-07-26T05:37:32+00:00</time>
      </trkpt>
      <trkpt lat="-28.17248" lon="-65.89964">
        <ele>1689</ele>
        <time>2026-07-26T05:37:35+00:00</time>
      </trkpt>
      <trkpt lat="-28.17253" lon="-65.89959">
        <ele>1687</ele>
        <time>2026-07-26T05:37:38+00:00</time>
      </trkpt>
      <trkpt lat="-28.17255" lon="-65.89954">
        <ele>1686</ele>
        <time>2026-07-26T05:37:41+00:00</time>
      </trkpt>
      <trkpt lat="-28.17252" lon="-65.89951">
        <ele>1685</ele>
        <time>2026-07-26T05:37:44+00:00</time>
      </trkpt>
      <trkpt lat="-28.17244" lon="-65.89947">
        <ele>1683</ele>
        <time>2026-07-26T05:37:47+00:00</time>
      </trkpt>
      <trkpt lat="-28.17237" lon="-65.89945">
        <ele>1682</ele>
        <time>2026-07-26T05:37:50+00:00</time>
      </trkpt>
      <trkpt lat="-28.17222" lon="-65.89948">
        <ele>1681</ele>
        <time>2026-07-26T05:37:53+00:00</time>
      </trkpt>
      <trkpt lat="-28.17217" lon="-65.8995">
        <ele>1681</ele>
        <time>2026-07-26T05:37:56+00:00</time>
      </trkpt>
      <trkpt lat="-28.17215" lon="-65.8995">
        <ele>1681</ele>
        <time>2026-07-26T05:37:59+00:00</time>
      </trkpt>
      <trkpt lat="-28.17209" lon="-65.89956">
        <ele>1682</ele>
        <time>2026-07-26T05:38:02+00:00</time>
      </trkpt>
      <trkpt lat="-28.17207" lon="-65.89957">
        <ele>1682</ele>
        <time>2026-07-26T05:38:05+00:00</time>
      </trkpt>
      <trkpt lat="-28.17198" lon="-65.89958">
        <ele>1682</ele>
        <time>2026-07-26T05:38:08+00:00</time>
      </trkpt>
      <trkpt lat="-28.17192" lon="-65.89962">
        <ele>1683</ele>
        <time>2026-07-26T05:38:11+00:00</time>
      </trkpt>
      <trkpt lat="-28.17167" lon="-65.89965">
        <ele>1683</ele>
        <time>2026-07-26T05:38:14+00:00</time>
      </trkpt>
      <trkpt lat="-28.17163" lon="-65.89954">
        <ele>1682</ele>
        <time>2026-07-26T05:38:17+00:00</time>
      </trkpt>
      <trkpt lat="-28.17174" lon="-65.89942">
        <ele>1682</ele>
        <time>2026-07-26T05:38:20+00:00</time>
      </trkpt>
      <trkpt lat="-28.17183" lon="-65.89933">
        <ele>1683</ele>
        <time>2026-07-26T05:38:23+00:00</time>
      </trkpt>
      <trkpt lat="-28.17188" lon="-65.89923">
        <ele>1683</ele>
        <time>2026-07-26T05:38:26+00:00</time>
      </trkpt>
      <trkpt lat="-28.1719" lon="-65.89921">
        <ele>1683</ele>
        <time>2026-07-26T05:38:29+00:00</time>
      </trkpt>
      <trkpt lat="-28.172" lon="-65.8992">
        <ele>1682</ele>
        <time>2026-07-26T05:38:32+00:00</time>
      </trkpt>
      <trkpt lat="-28.17213" lon="-65.89913">
        <ele>1680</ele>
        <time>2026-07-26T05:38:35+00:00</time>
      </trkpt>
      <trkpt lat="-28.17224" lon="-65.89909">
        <ele>1679</ele>
        <time>2026-07-26T05:38:38+00:00</time>
      </trkpt>
      <trkpt lat="-28.17259" lon="-65.89891">
        <ele>1675</ele>
        <time>2026-07-26T05:38:41+00:00</time>
      </trkpt>
      <trkpt lat="-28.17288" lon="-65.89873">
        <ele>1673</ele>
        <time>2026-07-26T05:38:44+00:00</time>
      </trkpt>
      <trkpt lat="-28.17295" lon="-65.89867">
        <ele>1673</ele>
        <time>2026-07-26T05:38:47+00:00</time>
      </trkpt>
      <trkpt lat="-28.17304" lon="-65.89846">
        <ele>1671</ele>
        <time>2026-07-26T05:38:50+00:00</time>
      </trkpt>
      <trkpt lat="-28.17311" lon="-65.89835">
        <ele>1670</ele>
        <time>2026-07-26T05:38:53+00:00</time>
      </trkpt>
      <trkpt lat="-28.17317" lon="-65.89827">
        <ele>1670</ele>
        <time>2026-07-26T05:38:56+00:00</time>
      </trkpt>
      <trkpt lat="-28.17324" lon="-65.89821">
        <ele>1670</ele>
        <time>2026-07-26T05:38:59+00:00</time>
      </trkpt>
      <trkpt lat="-28.17334" lon="-65.89819">
        <ele>1670</ele>
        <time>2026-07-26T05:39:02+00:00</time>
      </trkpt>
      <trkpt lat="-28.17343" lon="-65.89814">
        <ele>1669</ele>
        <time>2026-07-26T05:39:05+00:00</time>
      </trkpt>
      <trkpt lat="-28.17354" lon="-65.89807">
        <ele>1669</ele>
        <time>2026-07-26T05:39:08+00:00</time>
      </trkpt>
      <trkpt lat="-28.1737" lon="-65.89795">
        <ele>1669</ele>
        <time>2026-07-26T05:39:11+00:00</time>
      </trkpt>
      <trkpt lat="-28.17379" lon="-65.89792">
        <ele>1670</ele>
        <time>2026-07-26T05:39:14+00:00</time>
      </trkpt>
      <trkpt lat="-28.17388" lon="-65.89786">
        <ele>1670</ele>
        <time>2026-07-26T05:39:17+00:00</time>
      </trkpt>
      <trkpt lat="-28.17397" lon="-65.89782">
        <ele>1671</ele>
        <time>2026-07-26T05:39:20+00:00</time>
      </trkpt>
      <trkpt lat="-28.17417" lon="-65.89772">
        <ele>1674</ele>
        <time>2026-07-26T05:39:23+00:00</time>
      </trkpt>
      <trkpt lat="-28.17422" lon="-65.89766">
        <ele>1674</ele>
        <time>2026-07-26T05:39:26+00:00</time>
      </trkpt>
      <trkpt lat="-28.17426" lon="-65.89759">
        <ele>1674</ele>
        <time>2026-07-26T05:39:29+00:00</time>
      </trkpt>
      <trkpt lat="-28.17426" lon="-65.89756">
        <ele>1674</ele>
        <time>2026-07-26T05:39:32+00:00</time>
      </trkpt>
      <trkpt lat="-28.17424" lon="-65.8975">
        <ele>1674</ele>
        <time>2026-07-26T05:39:35+00:00</time>
      </trkpt>
      <trkpt lat="-28.17419" lon="-65.89739">
        <ele>1673</ele>
        <time>2026-07-26T05:39:38+00:00</time>
      </trkpt>
      <trkpt lat="-28.17411" lon="-65.89729">
        <ele>1671</ele>
        <time>2026-07-26T05:39:41+00:00</time>
      </trkpt>
      <trkpt lat="-28.17411" lon="-65.89726">
        <ele>1670</ele>
        <time>2026-07-26T05:39:44+00:00</time>
      </trkpt>
      <trkpt lat="-28.17412" lon="-65.89721">
        <ele>1669</ele>
        <time>2026-07-26T05:39:47+00:00</time>
      </trkpt>
      <trkpt lat="-28.17425" lon="-65.89698">
        <ele>1666</ele>
        <time>2026-07-26T05:39:50+00:00</time>
      </trkpt>
      <trkpt lat="-28.17439" lon="-65.89668">
        <ele>1661</ele>
        <time>2026-07-26T05:39:53+00:00</time>
      </trkpt>
      <trkpt lat="-28.17448" lon="-65.89644">
        <ele>1658</ele>
        <time>2026-07-26T05:39:56+00:00</time>
      </trkpt>
      <trkpt lat="-28.17451" lon="-65.89638">
        <ele>1656</ele>
        <time>2026-07-26T05:39:59+00:00</time>
      </trkpt>
      <trkpt lat="-28.17457" lon="-65.8963">
        <ele>1655</ele>
        <time>2026-07-26T05:40:02+00:00</time>
      </trkpt>
      <trkpt lat="-28.17465" lon="-65.89624">
        <ele>1653</ele>
        <time>2026-07-26T05:40:05+00:00</time>
      </trkpt>
      <trkpt lat="-28.17497" lon="-65.89603">
        <ele>1646</ele>
        <time>2026-07-26T05:40:08+00:00</time>
      </trkpt>
      <trkpt lat="-28.17509" lon="-65.89596">
        <ele>1643</ele>
        <time>2026-07-26T05:40:11+00:00</time>
      </trkpt>
      <trkpt lat="-28.17514" lon="-65.89595">
        <ele>1643</ele>
        <time>2026-07-26T05:40:14+00:00</time>
      </trkpt>
      <trkpt lat="-28.17516" lon="-65.89593">
        <ele>1642</ele>
        <time>2026-07-26T05:40:17+00:00</time>
      </trkpt>
      <trkpt lat="-28.17523" lon="-65.8959">
        <ele>1641</ele>
        <time>2026-07-26T05:40:20+00:00</time>
      </trkpt>
      <trkpt lat="-28.17537" lon="-65.89586">
        <ele>1638</ele>
        <time>2026-07-26T05:40:23+00:00</time>
      </trkpt>
      <trkpt lat="-28.17542" lon="-65.89584">
        <ele>1638</ele>
        <time>2026-07-26T05:40:26+00:00</time>
      </trkpt>
      <trkpt lat="-28.17562" lon="-65.89579">
        <ele>1635</ele>
        <time>2026-07-26T05:40:29+00:00</time>
      </trkpt>
      <trkpt lat="-28.17578" lon="-65.89576">
        <ele>1632</ele>
        <time>2026-07-26T05:40:32+00:00</time>
      </trkpt>
      <trkpt lat="-28.17586" lon="-65.89573">
        <ele>1630</ele>
        <time>2026-07-26T05:40:35+00:00</time>
      </trkpt>
      <trkpt lat="-28.17593" lon="-65.89568">
        <ele>1629</ele>
        <time>2026-07-26T05:40:38+00:00</time>
      </trkpt>
      <trkpt lat="-28.17594" lon="-65.89566">
        <ele>1628</ele>
        <time>2026-07-26T05:40:41+00:00</time>
      </trkpt>
      <trkpt lat="-28.17595" lon="-65.89563">
        <ele>1628</ele>
        <time>2026-07-26T05:40:44+00:00</time>
      </trkpt>
      <trkpt lat="-28.17595" lon="-65.8956">
        <ele>1627</ele>
        <time>2026-07-26T05:40:47+00:00</time>
      </trkpt>
      <trkpt lat="-28.17594" lon="-65.89558">
        <ele>1627</ele>
        <time>2026-07-26T05:40:50+00:00</time>
      </trkpt>
      <trkpt lat="-28.17592" lon="-65.89556">
        <ele>1626</ele>
        <time>2026-07-26T05:40:53+00:00</time>
      </trkpt>
      <trkpt lat="-28.17585" lon="-65.89553">
        <ele>1625</ele>
        <time>2026-07-26T05:40:56+00:00</time>
      </trkpt>
      <trkpt lat="-28.17575" lon="-65.89549">
        <ele>1624</ele>
        <time>2026-07-26T05:40:59+00:00</time>
      </trkpt>
      <trkpt lat="-28.17573" lon="-65.89546">
        <ele>1623</ele>
        <time>2026-07-26T05:41:02+00:00</time>
      </trkpt>
      <trkpt lat="-28.17572" lon="-65.89543">
        <ele>1622</ele>
        <time>2026-07-26T05:41:05+00:00</time>
      </trkpt>
      <trkpt lat="-28.17575" lon="-65.89534">
        <ele>1620</ele>
        <time>2026-07-26T05:41:08+00:00</time>
      </trkpt>
      <trkpt lat="-28.17577" lon="-65.89531">
        <ele>1620</ele>
        <time>2026-07-26T05:41:11+00:00</time>
      </trkpt>
      <trkpt lat="-28.17582" lon="-65.89526">
        <ele>1618</ele>
        <time>2026-07-26T05:41:14+00:00</time>
      </trkpt>
      <trkpt lat="-28.17588" lon="-65.8952">
        <ele>1616</ele>
        <time>2026-07-26T05:41:17+00:00</time>
      </trkpt>
      <trkpt lat="-28.17598" lon="-65.89503">
        <ele>1612</ele>
        <time>2026-07-26T05:41:20+00:00</time>
      </trkpt>
      <trkpt lat="-28.17612" lon="-65.89472">
        <ele>1606</ele>
        <time>2026-07-26T05:41:23+00:00</time>
      </trkpt>
      <trkpt lat="-28.17616" lon="-65.89466">
        <ele>1605</ele>
        <time>2026-07-26T05:41:26+00:00</time>
      </trkpt>
      <trkpt lat="-28.17625" lon="-65.89452">
        <ele>1603</ele>
        <time>2026-07-26T05:41:29+00:00</time>
      </trkpt>
      <trkpt lat="-28.17631" lon="-65.89445">
        <ele>1602</ele>
        <time>2026-07-26T05:41:32+00:00</time>
      </trkpt>
      <trkpt lat="-28.17639" lon="-65.89441">
        <ele>1601</ele>
        <time>2026-07-26T05:41:35+00:00</time>
      </trkpt>
      <trkpt lat="-28.17653" lon="-65.89435">
        <ele>1599</ele>
        <time>2026-07-26T05:41:38+00:00</time>
      </trkpt>
      <trkpt lat="-28.17658" lon="-65.89432">
        <ele>1598</ele>
        <time>2026-07-26T05:41:41+00:00</time>
      </trkpt>
      <trkpt lat="-28.17662" lon="-65.89428">
        <ele>1597</ele>
        <time>2026-07-26T05:41:44+00:00</time>
      </trkpt>
      <trkpt lat="-28.17675" lon="-65.8942">
        <ele>1595</ele>
        <time>2026-07-26T05:41:47+00:00</time>
      </trkpt>
      <trkpt lat="-28.17685" lon="-65.89416">
        <ele>1594</ele>
        <time>2026-07-26T05:41:50+00:00</time>
      </trkpt>
      <trkpt lat="-28.17715" lon="-65.89409">
        <ele>1592</ele>
        <time>2026-07-26T05:41:53+00:00</time>
      </trkpt>
      <trkpt lat="-28.17743" lon="-65.89397">
        <ele>1589</ele>
        <time>2026-07-26T05:41:56+00:00</time>
      </trkpt>
      <trkpt lat="-28.17747" lon="-65.89394">
        <ele>1589</ele>
        <time>2026-07-26T05:41:59+00:00</time>
      </trkpt>
      <trkpt lat="-28.17762" lon="-65.89388">
        <ele>1587</ele>
        <time>2026-07-26T05:42:02+00:00</time>
      </trkpt>
      <trkpt lat="-28.1777" lon="-65.8938">
        <ele>1586</ele>
        <time>2026-07-26T05:42:05+00:00</time>
      </trkpt>
      <trkpt lat="-28.17782" lon="-65.89363">
        <ele>1583</ele>
        <time>2026-07-26T05:42:08+00:00</time>
      </trkpt>
      <trkpt lat="-28.17785" lon="-65.89358">
        <ele>1582</ele>
        <time>2026-07-26T05:42:11+00:00</time>
      </trkpt>
      <trkpt lat="-28.17795" lon="-65.89347">
        <ele>1580</ele>
        <time>2026-07-26T05:42:14+00:00</time>
      </trkpt>
      <trkpt lat="-28.17813" lon="-65.89328">
        <ele>1577</ele>
        <time>2026-07-26T05:42:17+00:00</time>
      </trkpt>
      <trkpt lat="-28.17825" lon="-65.89317">
        <ele>1574</ele>
        <time>2026-07-26T05:42:20+00:00</time>
      </trkpt>
      <trkpt lat="-28.17844" lon="-65.89307">
        <ele>1571</ele>
        <time>2026-07-26T05:42:23+00:00</time>
      </trkpt>
      <trkpt lat="-28.17848" lon="-65.89302">
        <ele>1570</ele>
        <time>2026-07-26T05:42:26+00:00</time>
      </trkpt>
      <trkpt lat="-28.17849" lon="-65.89298">
        <ele>1569</ele>
        <time>2026-07-26T05:42:29+00:00</time>
      </trkpt>
      <trkpt lat="-28.17848" lon="-65.89296">
        <ele>1569</ele>
        <time>2026-07-26T05:42:32+00:00</time>
      </trkpt>
      <trkpt lat="-28.17845" lon="-65.89292">
        <ele>1568</ele>
        <time>2026-07-26T05:42:35+00:00</time>
      </trkpt>
      <trkpt lat="-28.17827" lon="-65.89284">
        <ele>1565</ele>
        <time>2026-07-26T05:42:38+00:00</time>
      </trkpt>
      <trkpt lat="-28.17817" lon="-65.8928">
        <ele>1563</ele>
        <time>2026-07-26T05:42:41+00:00</time>
      </trkpt>
      <trkpt lat="-28.17805" lon="-65.89277">
        <ele>1561</ele>
        <time>2026-07-26T05:42:44+00:00</time>
      </trkpt>
      <trkpt lat="-28.17803" lon="-65.89276">
        <ele>1561</ele>
        <time>2026-07-26T05:42:47+00:00</time>
      </trkpt>
      <trkpt lat="-28.17801" lon="-65.89273">
        <ele>1560</ele>
        <time>2026-07-26T05:42:50+00:00</time>
      </trkpt>
      <trkpt lat="-28.17801" lon="-65.89269">
        <ele>1560</ele>
        <time>2026-07-26T05:42:53+00:00</time>
      </trkpt>
      <trkpt lat="-28.17806" lon="-65.89263">
        <ele>1558</ele>
        <time>2026-07-26T05:42:56+00:00</time>
      </trkpt>
      <trkpt lat="-28.17813" lon="-65.89257">
        <ele>1557</ele>
        <time>2026-07-26T05:42:59+00:00</time>
      </trkpt>
      <trkpt lat="-28.17843" lon="-65.89241">
        <ele>1552</ele>
        <time>2026-07-26T05:43:02+00:00</time>
      </trkpt>
      <trkpt lat="-28.17866" lon="-65.89231">
        <ele>1549</ele>
        <time>2026-07-26T05:43:05+00:00</time>
      </trkpt>
      <trkpt lat="-28.1787" lon="-65.89227">
        <ele>1548</ele>
        <time>2026-07-26T05:43:08+00:00</time>
      </trkpt>
      <trkpt lat="-28.17872" lon="-65.89223">
        <ele>1547</ele>
        <time>2026-07-26T05:43:11+00:00</time>
      </trkpt>
      <trkpt lat="-28.17873" lon="-65.89219">
        <ele>1546</ele>
        <time>2026-07-26T05:43:14+00:00</time>
      </trkpt>
      <trkpt lat="-28.17873" lon="-65.89213">
        <ele>1545</ele>
        <time>2026-07-26T05:43:17+00:00</time>
      </trkpt>
      <trkpt lat="-28.17875" lon="-65.89202">
        <ele>1543</ele>
        <time>2026-07-26T05:43:20+00:00</time>
      </trkpt>
      <trkpt lat="-28.17878" lon="-65.89194">
        <ele>1542</ele>
        <time>2026-07-26T05:43:23+00:00</time>
      </trkpt>
      <trkpt lat="-28.17882" lon="-65.89186">
        <ele>1540</ele>
        <time>2026-07-26T05:43:26+00:00</time>
      </trkpt>
      <trkpt lat="-28.17891" lon="-65.89173">
        <ele>1538</ele>
        <time>2026-07-26T05:43:29+00:00</time>
      </trkpt>
      <trkpt lat="-28.17895" lon="-65.89169">
        <ele>1537</ele>
        <time>2026-07-26T05:43:32+00:00</time>
      </trkpt>
      <trkpt lat="-28.17902" lon="-65.89158">
        <ele>1535</ele>
        <time>2026-07-26T05:43:35+00:00</time>
      </trkpt>
      <trkpt lat="-28.17909" lon="-65.89145">
        <ele>1533</ele>
        <time>2026-07-26T05:43:38+00:00</time>
      </trkpt>
      <trkpt lat="-28.17912" lon="-65.89136">
        <ele>1531</ele>
        <time>2026-07-26T05:43:41+00:00</time>
      </trkpt>
      <trkpt lat="-28.17913" lon="-65.89131">
        <ele>1531</ele>
        <time>2026-07-26T05:43:44+00:00</time>
      </trkpt>
      <trkpt lat="-28.17912" lon="-65.89126">
        <ele>1530</ele>
        <time>2026-07-26T05:43:47+00:00</time>
      </trkpt>
      <trkpt lat="-28.1791" lon="-65.8912">
        <ele>1529</ele>
        <time>2026-07-26T05:43:50+00:00</time>
      </trkpt>
      <trkpt lat="-28.17901" lon="-65.89102">
        <ele>1526</ele>
        <time>2026-07-26T05:43:53+00:00</time>
      </trkpt>
      <trkpt lat="-28.1789" lon="-65.89091">
        <ele>1524</ele>
        <time>2026-07-26T05:43:56+00:00</time>
      </trkpt>
      <trkpt lat="-28.17872" lon="-65.89072">
        <ele>1520</ele>
        <time>2026-07-26T05:43:59+00:00</time>
      </trkpt>
      <trkpt lat="-28.17857" lon="-65.89052">
        <ele>1517</ele>
        <time>2026-07-26T05:44:02+00:00</time>
      </trkpt>
      <trkpt lat="-28.17852" lon="-65.89045">
        <ele>1515</ele>
        <time>2026-07-26T05:44:05+00:00</time>
      </trkpt>
      <trkpt lat="-28.17848" lon="-65.89033">
        <ele>1514</ele>
        <time>2026-07-26T05:44:08+00:00</time>
      </trkpt>
      <trkpt lat="-28.17846" lon="-65.8901">
        <ele>1511</ele>
        <time>2026-07-26T05:44:11+00:00</time>
      </trkpt>
      <trkpt lat="-28.17845" lon="-65.89003">
        <ele>1510</ele>
        <time>2026-07-26T05:44:14+00:00</time>
      </trkpt>
      <trkpt lat="-28.1784" lon="-65.88988">
        <ele>1508</ele>
        <time>2026-07-26T05:44:17+00:00</time>
      </trkpt>
      <trkpt lat="-28.17837" lon="-65.88982">
        <ele>1508</ele>
        <time>2026-07-26T05:44:20+00:00</time>
      </trkpt>
      <trkpt lat="-28.17829" lon="-65.88972">
        <ele>1506</ele>
        <time>2026-07-26T05:44:23+00:00</time>
      </trkpt>
      <trkpt lat="-28.17818" lon="-65.8896">
        <ele>1504</ele>
        <time>2026-07-26T05:44:26+00:00</time>
      </trkpt>
      <trkpt lat="-28.17816" lon="-65.88955">
        <ele>1503</ele>
        <time>2026-07-26T05:44:29+00:00</time>
      </trkpt>
      <trkpt lat="-28.17815" lon="-65.88948">
        <ele>1502</ele>
        <time>2026-07-26T05:44:32+00:00</time>
      </trkpt>
      <trkpt lat="-28.17815" lon="-65.88945">
        <ele>1501</ele>
        <time>2026-07-26T05:44:35+00:00</time>
      </trkpt>
      <trkpt lat="-28.17816" lon="-65.88941">
        <ele>1501</ele>
        <time>2026-07-26T05:44:38+00:00</time>
      </trkpt>
      <trkpt lat="-28.1782" lon="-65.88932">
        <ele>1499</ele>
        <time>2026-07-26T05:44:41+00:00</time>
      </trkpt>
      <trkpt lat="-28.17831" lon="-65.88919">
        <ele>1497</ele>
        <time>2026-07-26T05:44:44+00:00</time>
      </trkpt>
      <trkpt lat="-28.17838" lon="-65.88914">
        <ele>1496</ele>
        <time>2026-07-26T05:44:47+00:00</time>
      </trkpt>
      <trkpt lat="-28.17847" lon="-65.88911">
        <ele>1496</ele>
        <time>2026-07-26T05:44:50+00:00</time>
      </trkpt>
      <trkpt lat="-28.17856" lon="-65.88911">
        <ele>1495</ele>
        <time>2026-07-26T05:44:53+00:00</time>
      </trkpt>
      <trkpt lat="-28.17871" lon="-65.8891">
        <ele>1493</ele>
        <time>2026-07-26T05:44:56+00:00</time>
      </trkpt>
      <trkpt lat="-28.17887" lon="-65.88907">
        <ele>1491</ele>
        <time>2026-07-26T05:44:59+00:00</time>
      </trkpt>
      <trkpt lat="-28.17896" lon="-65.88905">
        <ele>1489</ele>
        <time>2026-07-26T05:45:02+00:00</time>
      </trkpt>
      <trkpt lat="-28.17899" lon="-65.88905">
        <ele>1489</ele>
        <time>2026-07-26T05:45:05+00:00</time>
      </trkpt>
      <trkpt lat="-28.17904" lon="-65.88904">
        <ele>1488</ele>
        <time>2026-07-26T05:45:08+00:00</time>
      </trkpt>
      <trkpt lat="-28.17918" lon="-65.88896">
        <ele>1484</ele>
        <time>2026-07-26T05:45:11+00:00</time>
      </trkpt>
      <trkpt lat="-28.17921" lon="-65.88892">
        <ele>1483</ele>
        <time>2026-07-26T05:45:14+00:00</time>
      </trkpt>
      <trkpt lat="-28.17922" lon="-65.8889">
        <ele>1482</ele>
        <time>2026-07-26T05:45:17+00:00</time>
      </trkpt>
      <trkpt lat="-28.17924" lon="-65.88879">
        <ele>1480</ele>
        <time>2026-07-26T05:45:20+00:00</time>
      </trkpt>
      <trkpt lat="-28.17926" lon="-65.8887">
        <ele>1478</ele>
        <time>2026-07-26T05:45:23+00:00</time>
      </trkpt>
      <trkpt lat="-28.1793" lon="-65.88862">
        <ele>1477</ele>
        <time>2026-07-26T05:45:26+00:00</time>
      </trkpt>
      <trkpt lat="-28.17934" lon="-65.88858">
        <ele>1476</ele>
        <time>2026-07-26T05:45:29+00:00</time>
      </trkpt>
      <trkpt lat="-28.17943" lon="-65.88854">
        <ele>1474</ele>
        <time>2026-07-26T05:45:32+00:00</time>
      </trkpt>
      <trkpt lat="-28.17953" lon="-65.8885">
        <ele>1472</ele>
        <time>2026-07-26T05:45:35+00:00</time>
      </trkpt>
      <trkpt lat="-28.17955" lon="-65.88848">
        <ele>1472</ele>
        <time>2026-07-26T05:45:38+00:00</time>
      </trkpt>
      <trkpt lat="-28.17956" lon="-65.88846">
        <ele>1471</ele>
        <time>2026-07-26T05:45:41+00:00</time>
      </trkpt>
      <trkpt lat="-28.17954" lon="-65.88842">
        <ele>1471</ele>
        <time>2026-07-26T05:45:44+00:00</time>
      </trkpt>
      <trkpt lat="-28.17952" lon="-65.8884">
        <ele>1470</ele>
        <time>2026-07-26T05:45:47+00:00</time>
      </trkpt>
      <trkpt lat="-28.17942" lon="-65.88837">
        <ele>1468</ele>
        <time>2026-07-26T05:45:50+00:00</time>
      </trkpt>
      <trkpt lat="-28.17937" lon="-65.88834">
        <ele>1468</ele>
        <time>2026-07-26T05:45:53+00:00</time>
      </trkpt>
      <trkpt lat="-28.17937" lon="-65.88832">
        <ele>1467</ele>
        <time>2026-07-26T05:45:56+00:00</time>
      </trkpt>
      <trkpt lat="-28.17938" lon="-65.88824">
        <ele>1466</ele>
        <time>2026-07-26T05:45:59+00:00</time>
      </trkpt>
      <trkpt lat="-28.1794" lon="-65.88819">
        <ele>1465</ele>
        <time>2026-07-26T05:46:02+00:00</time>
      </trkpt>
      <trkpt lat="-28.17944" lon="-65.88815">
        <ele>1464</ele>
        <time>2026-07-26T05:46:05+00:00</time>
      </trkpt>
      <trkpt lat="-28.17955" lon="-65.88807">
        <ele>1462</ele>
        <time>2026-07-26T05:46:08+00:00</time>
      </trkpt>
      <trkpt lat="-28.17963" lon="-65.88802">
        <ele>1461</ele>
        <time>2026-07-26T05:46:11+00:00</time>
      </trkpt>
      <trkpt lat="-28.17969" lon="-65.88797">
        <ele>1460</ele>
        <time>2026-07-26T05:46:14+00:00</time>
      </trkpt>
      <trkpt lat="-28.17969" lon="-65.88795">
        <ele>1459</ele>
        <time>2026-07-26T05:46:17+00:00</time>
      </trkpt>
      <trkpt lat="-28.17966" lon="-65.88789">
        <ele>1458</ele>
        <time>2026-07-26T05:46:20+00:00</time>
      </trkpt>
      <trkpt lat="-28.17963" lon="-65.8878">
        <ele>1457</ele>
        <time>2026-07-26T05:46:23+00:00</time>
      </trkpt>
      <trkpt lat="-28.17962" lon="-65.88777">
        <ele>1456</ele>
        <time>2026-07-26T05:46:26+00:00</time>
      </trkpt>
      <trkpt lat="-28.17963" lon="-65.88773">
        <ele>1456</ele>
        <time>2026-07-26T05:46:29+00:00</time>
      </trkpt>
      <trkpt lat="-28.17966" lon="-65.8876">
        <ele>1454</ele>
        <time>2026-07-26T05:46:32+00:00</time>
      </trkpt>
      <trkpt lat="-28.17974" lon="-65.88739">
        <ele>1451</ele>
        <time>2026-07-26T05:46:35+00:00</time>
      </trkpt>
      <trkpt lat="-28.17978" lon="-65.88722">
        <ele>1449</ele>
        <time>2026-07-26T05:46:38+00:00</time>
      </trkpt>
      <trkpt lat="-28.17987" lon="-65.887">
        <ele>1446</ele>
        <time>2026-07-26T05:46:41+00:00</time>
      </trkpt>
      <trkpt lat="-28.17992" lon="-65.8868">
        <ele>1444</ele>
        <time>2026-07-26T05:46:44+00:00</time>
      </trkpt>
      <trkpt lat="-28.17999" lon="-65.88666">
        <ele>1443</ele>
        <time>2026-07-26T05:46:47+00:00</time>
      </trkpt>
      <trkpt lat="-28.18" lon="-65.8866">
        <ele>1442</ele>
        <time>2026-07-26T05:46:50+00:00</time>
      </trkpt>
      <trkpt lat="-28.18001" lon="-65.88653">
        <ele>1442</ele>
        <time>2026-07-26T05:46:53+00:00</time>
      </trkpt>
      <trkpt lat="-28.17999" lon="-65.88647">
        <ele>1441</ele>
        <time>2026-07-26T05:46:56+00:00</time>
      </trkpt>
      <trkpt lat="-28.17997" lon="-65.88637">
        <ele>1440</ele>
        <time>2026-07-26T05:46:59+00:00</time>
      </trkpt>
      <trkpt lat="-28.17993" lon="-65.88625">
        <ele>1438</ele>
        <time>2026-07-26T05:47:02+00:00</time>
      </trkpt>
      <trkpt lat="-28.17991" lon="-65.88612">
        <ele>1437</ele>
        <time>2026-07-26T05:47:05+00:00</time>
      </trkpt>
      <trkpt lat="-28.17991" lon="-65.88598">
        <ele>1435</ele>
        <time>2026-07-26T05:47:08+00:00</time>
      </trkpt>
      <trkpt lat="-28.17986" lon="-65.88582">
        <ele>1433</ele>
        <time>2026-07-26T05:47:11+00:00</time>
      </trkpt>
      <trkpt lat="-28.17986" lon="-65.8857">
        <ele>1431</ele>
        <time>2026-07-26T05:47:14+00:00</time>
      </trkpt>
      <trkpt lat="-28.1799" lon="-65.88558">
        <ele>1430</ele>
        <time>2026-07-26T05:47:17+00:00</time>
      </trkpt>
      <trkpt lat="-28.17997" lon="-65.88551">
        <ele>1428</ele>
        <time>2026-07-26T05:47:20+00:00</time>
      </trkpt>
      <trkpt lat="-28.18" lon="-65.8855">
        <ele>1428</ele>
        <time>2026-07-26T05:47:23+00:00</time>
      </trkpt>
      <trkpt lat="-28.18007" lon="-65.88542">
        <ele>1427</ele>
        <time>2026-07-26T05:47:26+00:00</time>
      </trkpt>
      <trkpt lat="-28.1802" lon="-65.88533">
        <ele>1424</ele>
        <time>2026-07-26T05:47:29+00:00</time>
      </trkpt>
      <trkpt lat="-28.18022" lon="-65.8853">
        <ele>1423</ele>
        <time>2026-07-26T05:47:32+00:00</time>
      </trkpt>
      <trkpt lat="-28.18024" lon="-65.88525">
        <ele>1422</ele>
        <time>2026-07-26T05:47:35+00:00</time>
      </trkpt>
      <trkpt lat="-28.18023" lon="-65.88523">
        <ele>1422</ele>
        <time>2026-07-26T05:47:38+00:00</time>
      </trkpt>
      <trkpt lat="-28.18021" lon="-65.88521">
        <ele>1422</ele>
        <time>2026-07-26T05:47:41+00:00</time>
      </trkpt>
      <trkpt lat="-28.18016" lon="-65.88519">
        <ele>1421</ele>
        <time>2026-07-26T05:47:44+00:00</time>
      </trkpt>
      <trkpt lat="-28.1801" lon="-65.88519">
        <ele>1420</ele>
        <time>2026-07-26T05:47:47+00:00</time>
      </trkpt>
      <trkpt lat="-28.18002" lon="-65.88518">
        <ele>1418</ele>
        <time>2026-07-26T05:47:50+00:00</time>
      </trkpt>
      <trkpt lat="-28.17991" lon="-65.88518">
        <ele>1417</ele>
        <time>2026-07-26T05:47:53+00:00</time>
      </trkpt>
      <trkpt lat="-28.17976" lon="-65.88515">
        <ele>1414</ele>
        <time>2026-07-26T05:47:56+00:00</time>
      </trkpt>
      <trkpt lat="-28.1796" lon="-65.88514">
        <ele>1412</ele>
        <time>2026-07-26T05:47:59+00:00</time>
      </trkpt>
      <trkpt lat="-28.17957" lon="-65.88513">
        <ele>1412</ele>
        <time>2026-07-26T05:48:02+00:00</time>
      </trkpt>
      <trkpt lat="-28.17955" lon="-65.88511">
        <ele>1411</ele>
        <time>2026-07-26T05:48:05+00:00</time>
      </trkpt>
      <trkpt lat="-28.17954" lon="-65.88508">
        <ele>1411</ele>
        <time>2026-07-26T05:48:08+00:00</time>
      </trkpt>
      <trkpt lat="-28.17958" lon="-65.88501">
        <ele>1410</ele>
        <time>2026-07-26T05:48:11+00:00</time>
      </trkpt>
      <trkpt lat="-28.1796" lon="-65.88495">
        <ele>1409</ele>
        <time>2026-07-26T05:48:14+00:00</time>
      </trkpt>
      <trkpt lat="-28.17964" lon="-65.8849">
        <ele>1408</ele>
        <time>2026-07-26T05:48:17+00:00</time>
      </trkpt>
      <trkpt lat="-28.17971" lon="-65.88484">
        <ele>1407</ele>
        <time>2026-07-26T05:48:20+00:00</time>
      </trkpt>
      <trkpt lat="-28.17977" lon="-65.88481">
        <ele>1406</ele>
        <time>2026-07-26T05:48:23+00:00</time>
      </trkpt>
      <trkpt lat="-28.17983" lon="-65.88477">
        <ele>1406</ele>
        <time>2026-07-26T05:48:26+00:00</time>
      </trkpt>
      <trkpt lat="-28.17984" lon="-65.88477">
        <ele>1406</ele>
        <time>2026-07-26T05:48:29+00:00</time>
      </trkpt>
      <trkpt lat="-28.17986" lon="-65.88474">
        <ele>1405</ele>
        <time>2026-07-26T05:48:32+00:00</time>
      </trkpt>
      <trkpt lat="-28.17991" lon="-65.88471">
        <ele>1405</ele>
        <time>2026-07-26T05:48:35+00:00</time>
      </trkpt>
      <trkpt lat="-28.18" lon="-65.88463">
        <ele>1403</ele>
        <time>2026-07-26T05:48:38+00:00</time>
      </trkpt>
      <trkpt lat="-28.18002" lon="-65.88461">
        <ele>1403</ele>
        <time>2026-07-26T05:48:41+00:00</time>
      </trkpt>
      <trkpt lat="-28.18001" lon="-65.88459">
        <ele>1403</ele>
        <time>2026-07-26T05:48:44+00:00</time>
      </trkpt>
      <trkpt lat="-28.17999" lon="-65.88457">
        <ele>1402</ele>
        <time>2026-07-26T05:48:47+00:00</time>
      </trkpt>
      <trkpt lat="-28.17986" lon="-65.88455">
        <ele>1400</ele>
        <time>2026-07-26T05:48:50+00:00</time>
      </trkpt>
      <trkpt lat="-28.17976" lon="-65.88451">
        <ele>1399</ele>
        <time>2026-07-26T05:48:53+00:00</time>
      </trkpt>
      <trkpt lat="-28.17962" lon="-65.8845">
        <ele>1397</ele>
        <time>2026-07-26T05:48:56+00:00</time>
      </trkpt>
      <trkpt lat="-28.17948" lon="-65.88451">
        <ele>1395</ele>
        <time>2026-07-26T05:48:59+00:00</time>
      </trkpt>
      <trkpt lat="-28.17939" lon="-65.88454">
        <ele>1394</ele>
        <time>2026-07-26T05:49:02+00:00</time>
      </trkpt>
      <trkpt lat="-28.17934" lon="-65.88457">
        <ele>1394</ele>
        <time>2026-07-26T05:49:05+00:00</time>
      </trkpt>
      <trkpt lat="-28.17923" lon="-65.88464">
        <ele>1392</ele>
        <time>2026-07-26T05:49:08+00:00</time>
      </trkpt>
      <trkpt lat="-28.17922" lon="-65.88461">
        <ele>1392</ele>
        <time>2026-07-26T05:49:11+00:00</time>
      </trkpt>
      <trkpt lat="-28.17922" lon="-65.88459">
        <ele>1391</ele>
        <time>2026-07-26T05:49:14+00:00</time>
      </trkpt>
      <trkpt lat="-28.17924" lon="-65.88453">
        <ele>1391</ele>
        <time>2026-07-26T05:49:17+00:00</time>
      </trkpt>
      <trkpt lat="-28.17928" lon="-65.88447">
        <ele>1390</ele>
        <time>2026-07-26T05:49:20+00:00</time>
      </trkpt>
      <trkpt lat="-28.17937" lon="-65.88437">
        <ele>1389</ele>
        <time>2026-07-26T05:49:23+00:00</time>
      </trkpt>
      <trkpt lat="-28.17961" lon="-65.88421">
        <ele>1387</ele>
        <time>2026-07-26T05:49:26+00:00</time>
      </trkpt>
      <trkpt lat="-28.17962" lon="-65.88419">
        <ele>1387</ele>
        <time>2026-07-26T05:49:29+00:00</time>
      </trkpt>
      <trkpt lat="-28.17965" lon="-65.88409">
        <ele>1387</ele>
        <time>2026-07-26T05:49:32+00:00</time>
      </trkpt>
      <trkpt lat="-28.17973" lon="-65.88396">
        <ele>1387</ele>
        <time>2026-07-26T05:49:35+00:00</time>
      </trkpt>
      <trkpt lat="-28.17975" lon="-65.88386">
        <ele>1388</ele>
        <time>2026-07-26T05:49:38+00:00</time>
      </trkpt>
      <trkpt lat="-28.17974" lon="-65.88384">
        <ele>1388</ele>
        <time>2026-07-26T05:49:41+00:00</time>
      </trkpt>
      <trkpt lat="-28.17973" lon="-65.88382">
        <ele>1388</ele>
        <time>2026-07-26T05:49:44+00:00</time>
      </trkpt>
      <trkpt lat="-28.17971" lon="-65.88383">
        <ele>1388</ele>
        <time>2026-07-26T05:49:47+00:00</time>
      </trkpt>
      <trkpt lat="-28.1796" lon="-65.88393">
        <ele>1390</ele>
        <time>2026-07-26T05:49:50+00:00</time>
      </trkpt>
      <trkpt lat="-28.17955" lon="-65.88394">
        <ele>1391</ele>
        <time>2026-07-26T05:49:53+00:00</time>
      </trkpt>
      <trkpt lat="-28.17954" lon="-65.88392">
        <ele>1391</ele>
        <time>2026-07-26T05:49:56+00:00</time>
      </trkpt>
      <trkpt lat="-28.17953" lon="-65.88389">
        <ele>1391</ele>
        <time>2026-07-26T05:49:59+00:00</time>
      </trkpt>
      <trkpt lat="-28.17954" lon="-65.88387">
        <ele>1391</ele>
        <time>2026-07-26T05:50:02+00:00</time>
      </trkpt>
      <trkpt lat="-28.17958" lon="-65.88382">
        <ele>1392</ele>
        <time>2026-07-26T05:50:05+00:00</time>
      </trkpt>
      <trkpt lat="-28.1796" lon="-65.88381">
        <ele>1393</ele>
        <time>2026-07-26T05:50:08+00:00</time>
      </trkpt>
      <trkpt lat="-28.17962" lon="-65.8838">
        <ele>1393</ele>
        <time>2026-07-26T05:50:11+00:00</time>
      </trkpt>
      <trkpt lat="-28.17962" lon="-65.88377">
        <ele>1393</ele>
        <time>2026-07-26T05:50:14+00:00</time>
      </trkpt>
      <trkpt lat="-28.17967" lon="-65.88372">
        <ele>1394</ele>
        <time>2026-07-26T05:50:17+00:00</time>
      </trkpt>
      <trkpt lat="-28.17968" lon="-65.88365">
        <ele>1394</ele>
        <time>2026-07-26T05:50:20+00:00</time>
      </trkpt>
      <trkpt lat="-28.17971" lon="-65.8836">
        <ele>1395</ele>
        <time>2026-07-26T05:50:23+00:00</time>
      </trkpt>
      <trkpt lat="-28.17973" lon="-65.88346">
        <ele>1396</ele>
        <time>2026-07-26T05:50:26+00:00</time>
      </trkpt>
      <trkpt lat="-28.17983" lon="-65.88323">
        <ele>1399</ele>
        <time>2026-07-26T05:50:29+00:00</time>
      </trkpt>
      <trkpt lat="-28.17988" lon="-65.88318">
        <ele>1400</ele>
        <time>2026-07-26T05:50:32+00:00</time>
      </trkpt>
      <trkpt lat="-28.17993" lon="-65.88314">
        <ele>1400</ele>
        <time>2026-07-26T05:50:35+00:00</time>
      </trkpt>
      <trkpt lat="-28.17998" lon="-65.88308">
        <ele>1401</ele>
        <time>2026-07-26T05:50:38+00:00</time>
      </trkpt>
      <trkpt lat="-28.18005" lon="-65.88302">
        <ele>1402</ele>
        <time>2026-07-26T05:50:41+00:00</time>
      </trkpt>
      <trkpt lat="-28.18016" lon="-65.88289">
        <ele>1404</ele>
        <time>2026-07-26T05:50:44+00:00</time>
      </trkpt>
      <trkpt lat="-28.1802" lon="-65.88285">
        <ele>1405</ele>
        <time>2026-07-26T05:50:47+00:00</time>
      </trkpt>
      <trkpt lat="-28.18028" lon="-65.88281">
        <ele>1406</ele>
        <time>2026-07-26T05:50:50+00:00</time>
      </trkpt>
      <trkpt lat="-28.18034" lon="-65.88279">
        <ele>1407</ele>
        <time>2026-07-26T05:50:53+00:00</time>
      </trkpt>
      <trkpt lat="-28.18037" lon="-65.88279">
        <ele>1407</ele>
        <time>2026-07-26T05:50:56+00:00</time>
      </trkpt>
      <trkpt lat="-28.18039" lon="-65.88278">
        <ele>1407</ele>
        <time>2026-07-26T05:50:59+00:00</time>
      </trkpt>
      <trkpt lat="-28.18044" lon="-65.88277">
        <ele>1408</ele>
        <time>2026-07-26T05:51:02+00:00</time>
      </trkpt>
      <trkpt lat="-28.1805" lon="-65.88274">
        <ele>1409</ele>
        <time>2026-07-26T05:51:05+00:00</time>
      </trkpt>
      <trkpt lat="-28.18061" lon="-65.88265">
        <ele>1410</ele>
        <time>2026-07-26T05:51:08+00:00</time>
      </trkpt>
      <trkpt lat="-28.18065" lon="-65.88258">
        <ele>1411</ele>
        <time>2026-07-26T05:51:11+00:00</time>
      </trkpt>
      <trkpt lat="-28.18067" lon="-65.88254">
        <ele>1411</ele>
        <time>2026-07-26T05:51:14+00:00</time>
      </trkpt>
      <trkpt lat="-28.18068" lon="-65.88246">
        <ele>1412</ele>
        <time>2026-07-26T05:51:17+00:00</time>
      </trkpt>
      <trkpt lat="-28.18067" lon="-65.88239">
        <ele>1412</ele>
        <time>2026-07-26T05:51:20+00:00</time>
      </trkpt>
      <trkpt lat="-28.18067" lon="-65.88231">
        <ele>1412</ele>
        <time>2026-07-26T05:51:23+00:00</time>
      </trkpt>
      <trkpt lat="-28.1807" lon="-65.88223">
        <ele>1411</ele>
        <time>2026-07-26T05:51:26+00:00</time>
      </trkpt>
      <trkpt lat="-28.18076" lon="-65.88215">
        <ele>1411</ele>
        <time>2026-07-26T05:51:29+00:00</time>
      </trkpt>
      <trkpt lat="-28.18078" lon="-65.88203">
        <ele>1410</ele>
        <time>2026-07-26T05:51:32+00:00</time>
      </trkpt>
      <trkpt lat="-28.18078" lon="-65.88182">
        <ele>1409</ele>
        <time>2026-07-26T05:51:35+00:00</time>
      </trkpt>
      <trkpt lat="-28.18084" lon="-65.88159">
        <ele>1407</ele>
        <time>2026-07-26T05:51:38+00:00</time>
      </trkpt>
      <trkpt lat="-28.181" lon="-65.88129">
        <ele>1405</ele>
        <time>2026-07-26T05:51:41+00:00</time>
      </trkpt>
      <trkpt lat="-28.18104" lon="-65.88117">
        <ele>1404</ele>
        <time>2026-07-26T05:51:44+00:00</time>
      </trkpt>
      <trkpt lat="-28.18108" lon="-65.88093">
        <ele>1402</ele>
        <time>2026-07-26T05:51:47+00:00</time>
      </trkpt>
      <trkpt lat="-28.18108" lon="-65.88073">
        <ele>1401</ele>
        <time>2026-07-26T05:51:50+00:00</time>
      </trkpt>
      <trkpt lat="-28.18106" lon="-65.88049">
        <ele>1399</ele>
        <time>2026-07-26T05:51:53+00:00</time>
      </trkpt>
      <trkpt lat="-28.18107" lon="-65.88032">
        <ele>1398</ele>
        <time>2026-07-26T05:51:56+00:00</time>
      </trkpt>
      <trkpt lat="-28.18112" lon="-65.87996">
        <ele>1396</ele>
        <time>2026-07-26T05:51:59+00:00</time>
      </trkpt>
      <trkpt lat="-28.18112" lon="-65.87992">
        <ele>1396</ele>
        <time>2026-07-26T05:52:02+00:00</time>
      </trkpt>
      <trkpt lat="-28.18112" lon="-65.87988">
        <ele>1395</ele>
        <time>2026-07-26T05:52:05+00:00</time>
      </trkpt>
      <trkpt lat="-28.18112" lon="-65.87969">
        <ele>1394</ele>
        <time>2026-07-26T05:52:08+00:00</time>
      </trkpt>
      <trkpt lat="-28.18114" lon="-65.87959">
        <ele>1394</ele>
        <time>2026-07-26T05:52:11+00:00</time>
      </trkpt>
      <trkpt lat="-28.18115" lon="-65.87946">
        <ele>1393</ele>
        <time>2026-07-26T05:52:14+00:00</time>
      </trkpt>
      <trkpt lat="-28.18111" lon="-65.87932">
        <ele>1393</ele>
        <time>2026-07-26T05:52:17+00:00</time>
      </trkpt>
      <trkpt lat="-28.18108" lon="-65.87926">
        <ele>1392</ele>
        <time>2026-07-26T05:52:20+00:00</time>
      </trkpt>
      <trkpt lat="-28.18105" lon="-65.87921">
        <ele>1392</ele>
        <time>2026-07-26T05:52:23+00:00</time>
      </trkpt>
      <trkpt lat="-28.18102" lon="-65.8792">
        <ele>1392</ele>
        <time>2026-07-26T05:52:26+00:00</time>
      </trkpt>
      <trkpt lat="-28.18096" lon="-65.87916">
        <ele>1392</ele>
        <time>2026-07-26T05:52:29+00:00</time>
      </trkpt>
      <trkpt lat="-28.18091" lon="-65.87915">
        <ele>1391</ele>
        <time>2026-07-26T05:52:32+00:00</time>
      </trkpt>
      <trkpt lat="-28.18081" lon="-65.87914">
        <ele>1391</ele>
        <time>2026-07-26T05:52:35+00:00</time>
      </trkpt>
      <trkpt lat="-28.18068" lon="-65.87916">
        <ele>1390</ele>
        <time>2026-07-26T05:52:38+00:00</time>
      </trkpt>
      <trkpt lat="-28.18048" lon="-65.87918">
        <ele>1389</ele>
        <time>2026-07-26T05:52:41+00:00</time>
      </trkpt>
      <trkpt lat="-28.18046" lon="-65.87917">
        <ele>1388</ele>
        <time>2026-07-26T05:52:44+00:00</time>
      </trkpt>
      <trkpt lat="-28.18045" lon="-65.87914">
        <ele>1388</ele>
        <time>2026-07-26T05:52:47+00:00</time>
      </trkpt>
      <trkpt lat="-28.18044" lon="-65.87911">
        <ele>1388</ele>
        <time>2026-07-26T05:52:50+00:00</time>
      </trkpt>
      <trkpt lat="-28.18046" lon="-65.87905">
        <ele>1388</ele>
        <time>2026-07-26T05:52:53+00:00</time>
      </trkpt>
      <trkpt lat="-28.18044" lon="-65.87904">
        <ele>1388</ele>
        <time>2026-07-26T05:52:56+00:00</time>
      </trkpt>
      <trkpt lat="-28.18027" lon="-65.87912">
        <ele>1386</ele>
        <time>2026-07-26T05:52:59+00:00</time>
      </trkpt>
      <trkpt lat="-28.18022" lon="-65.87913">
        <ele>1386</ele>
        <time>2026-07-26T05:53:02+00:00</time>
      </trkpt>
      <trkpt lat="-28.1801" lon="-65.87918">
        <ele>1387</ele>
        <time>2026-07-26T05:53:05+00:00</time>
      </trkpt>
      <trkpt lat="-28.17997" lon="-65.87918">
        <ele>1387</ele>
        <time>2026-07-26T05:53:08+00:00</time>
      </trkpt>
      <trkpt lat="-28.17994" lon="-65.87915">
        <ele>1388</ele>
        <time>2026-07-26T05:53:11+00:00</time>
      </trkpt>
      <trkpt lat="-28.17993" lon="-65.87917">
        <ele>1388</ele>
        <time>2026-07-26T05:53:14+00:00</time>
      </trkpt>
      <trkpt lat="-28.17981" lon="-65.87919">
        <ele>1388</ele>
        <time>2026-07-26T05:53:17+00:00</time>
      </trkpt>
      <trkpt lat="-28.17975" lon="-65.87921">
        <ele>1389</ele>
        <time>2026-07-26T05:53:20+00:00</time>
      </trkpt>
      <trkpt lat="-28.17968" lon="-65.87923">
        <ele>1389</ele>
        <time>2026-07-26T05:53:23+00:00</time>
      </trkpt>
      <trkpt lat="-28.17959" lon="-65.87926">
        <ele>1390</ele>
        <time>2026-07-26T05:53:26+00:00</time>
      </trkpt>
      <trkpt lat="-28.17954" lon="-65.87929">
        <ele>1390</ele>
        <time>2026-07-26T05:53:29+00:00</time>
      </trkpt>
      <trkpt lat="-28.17946" lon="-65.87932">
        <ele>1391</ele>
        <time>2026-07-26T05:53:32+00:00</time>
      </trkpt>
      <trkpt lat="-28.17923" lon="-65.87949">
        <ele>1393</ele>
        <time>2026-07-26T05:53:35+00:00</time>
      </trkpt>
      <trkpt lat="-28.17909" lon="-65.87958">
        <ele>1394</ele>
        <time>2026-07-26T05:53:38+00:00</time>
      </trkpt>
      <trkpt lat="-28.17904" lon="-65.87962">
        <ele>1394</ele>
        <time>2026-07-26T05:53:41+00:00</time>
      </trkpt>
      <trkpt lat="-28.17895" lon="-65.87973">
        <ele>1395</ele>
        <time>2026-07-26T05:53:44+00:00</time>
      </trkpt>
      <trkpt lat="-28.17894" lon="-65.87975">
        <ele>1395</ele>
        <time>2026-07-26T05:53:47+00:00</time>
      </trkpt>
      <trkpt lat="-28.17893" lon="-65.87983">
        <ele>1395</ele>
        <time>2026-07-26T05:53:50+00:00</time>
      </trkpt>
      <trkpt lat="-28.17893" lon="-65.87997">
        <ele>1396</ele>
        <time>2026-07-26T05:53:53+00:00</time>
      </trkpt>
      <trkpt lat="-28.17892" lon="-65.88001">
        <ele>1396</ele>
        <time>2026-07-26T05:53:56+00:00</time>
      </trkpt>
      <trkpt lat="-28.17889" lon="-65.88005">
        <ele>1397</ele>
        <time>2026-07-26T05:53:59+00:00</time>
      </trkpt>
      <trkpt lat="-28.17885" lon="-65.88007">
        <ele>1397</ele>
        <time>2026-07-26T05:54:02+00:00</time>
      </trkpt>
      <trkpt lat="-28.17882" lon="-65.88013">
        <ele>1397</ele>
        <time>2026-07-26T05:54:05+00:00</time>
      </trkpt>
      <trkpt lat="-28.17876" lon="-65.88018">
        <ele>1398</ele>
        <time>2026-07-26T05:54:08+00:00</time>
      </trkpt>
      <trkpt lat="-28.1787" lon="-65.88021">
        <ele>1398</ele>
        <time>2026-07-26T05:54:11+00:00</time>
      </trkpt>
      <trkpt lat="-28.17867" lon="-65.88024">
        <ele>1398</ele>
        <time>2026-07-26T05:54:14+00:00</time>
      </trkpt>
      <trkpt lat="-28.17866" lon="-65.88026">
        <ele>1399</ele>
        <time>2026-07-26T05:54:17+00:00</time>
      </trkpt>
      <trkpt lat="-28.1785" lon="-65.8804">
        <ele>1400</ele>
        <time>2026-07-26T05:54:20+00:00</time>
      </trkpt>
      <trkpt lat="-28.17843" lon="-65.88048">
        <ele>1400</ele>
        <time>2026-07-26T05:54:23+00:00</time>
      </trkpt>
      <trkpt lat="-28.17836" lon="-65.88054">
        <ele>1401</ele>
        <time>2026-07-26T05:54:26+00:00</time>
      </trkpt>
      <trkpt lat="-28.17835" lon="-65.88056">
        <ele>1401</ele>
        <time>2026-07-26T05:54:29+00:00</time>
      </trkpt>
      <trkpt lat="-28.17834" lon="-65.88058">
        <ele>1401</ele>
        <time>2026-07-26T05:54:32+00:00</time>
      </trkpt>
      <trkpt lat="-28.17831" lon="-65.88064">
        <ele>1402</ele>
        <time>2026-07-26T05:54:35+00:00</time>
      </trkpt>
      <trkpt lat="-28.17814" lon="-65.88075">
        <ele>1403</ele>
        <time>2026-07-26T05:54:38+00:00</time>
      </trkpt>
      <trkpt lat="-28.17805" lon="-65.88084">
        <ele>1404</ele>
        <time>2026-07-26T05:54:41+00:00</time>
      </trkpt>
      <trkpt lat="-28.17798" lon="-65.88088">
        <ele>1404</ele>
        <time>2026-07-26T05:54:44+00:00</time>
      </trkpt>
      <trkpt lat="-28.1779" lon="-65.88089">
        <ele>1405</ele>
        <time>2026-07-26T05:54:47+00:00</time>
      </trkpt>
      <trkpt lat="-28.17786" lon="-65.88087">
        <ele>1405</ele>
        <time>2026-07-26T05:54:50+00:00</time>
      </trkpt>
      <trkpt lat="-28.17783" lon="-65.88088">
        <ele>1406</ele>
        <time>2026-07-26T05:54:53+00:00</time>
      </trkpt>
      <trkpt lat="-28.1778" lon="-65.88091">
        <ele>1406</ele>
        <time>2026-07-26T05:54:56+00:00</time>
      </trkpt>
      <trkpt lat="-28.17774" lon="-65.88092">
        <ele>1407</ele>
        <time>2026-07-26T05:54:59+00:00</time>
      </trkpt>
      <trkpt lat="-28.1777" lon="-65.8809">
        <ele>1408</ele>
        <time>2026-07-26T05:55:02+00:00</time>
      </trkpt>
      <trkpt lat="-28.17769" lon="-65.8809">
        <ele>1409</ele>
        <time>2026-07-26T05:55:05+00:00</time>
      </trkpt>
      <trkpt lat="-28.17763" lon="-65.88092">
        <ele>1409</ele>
        <time>2026-07-26T05:55:08+00:00</time>
      </trkpt>
      <trkpt lat="-28.1776" lon="-65.88092">
        <ele>1410</ele>
        <time>2026-07-26T05:55:11+00:00</time>
      </trkpt>
      <trkpt lat="-28.17752" lon="-65.88096">
        <ele>1411</ele>
        <time>2026-07-26T05:55:14+00:00</time>
      </trkpt>
      <trkpt lat="-28.17746" lon="-65.88097">
        <ele>1411</ele>
        <time>2026-07-26T05:55:17+00:00</time>
      </trkpt>
      <trkpt lat="-28.17737" lon="-65.88095">
        <ele>1411</ele>
        <time>2026-07-26T05:55:20+00:00</time>
      </trkpt>
      <trkpt lat="-28.17732" lon="-65.88096">
        <ele>1411</ele>
        <time>2026-07-26T05:55:23+00:00</time>
      </trkpt>
      <trkpt lat="-28.1773" lon="-65.88095">
        <ele>1411</ele>
        <time>2026-07-26T05:55:26+00:00</time>
      </trkpt>
      <trkpt lat="-28.17729" lon="-65.88093">
        <ele>1412</ele>
        <time>2026-07-26T05:55:29+00:00</time>
      </trkpt>
      <trkpt lat="-28.1772" lon="-65.88097">
        <ele>1411</ele>
        <time>2026-07-26T05:55:32+00:00</time>
      </trkpt>
      <trkpt lat="-28.17717" lon="-65.88098">
        <ele>1410</ele>
        <time>2026-07-26T05:55:35+00:00</time>
      </trkpt>
      <trkpt lat="-28.17716" lon="-65.881">
        <ele>1410</ele>
        <time>2026-07-26T05:55:38+00:00</time>
      </trkpt>
      <trkpt lat="-28.17703" lon="-65.88102">
        <ele>1410</ele>
        <time>2026-07-26T05:55:41+00:00</time>
      </trkpt>
      <trkpt lat="-28.17697" lon="-65.88104">
        <ele>1410</ele>
        <time>2026-07-26T05:55:44+00:00</time>
      </trkpt>
      <trkpt lat="-28.17691" lon="-65.88108">
        <ele>1410</ele>
        <time>2026-07-26T05:55:47+00:00</time>
      </trkpt>
      <trkpt lat="-28.17686" lon="-65.88112">
        <ele>1410</ele>
        <time>2026-07-26T05:55:50+00:00</time>
      </trkpt>
      <trkpt lat="-28.17679" lon="-65.88116">
        <ele>1410</ele>
        <time>2026-07-26T05:55:53+00:00</time>
      </trkpt>
      <trkpt lat="-28.17674" lon="-65.88117">
        <ele>1411</ele>
        <time>2026-07-26T05:55:56+00:00</time>
      </trkpt>
      <trkpt lat="-28.17671" lon="-65.88118">
        <ele>1411</ele>
        <time>2026-07-26T05:55:59+00:00</time>
      </trkpt>
      <trkpt lat="-28.17667" lon="-65.88122">
        <ele>1411</ele>
        <time>2026-07-26T05:56:02+00:00</time>
      </trkpt>
      <trkpt lat="-28.17659" lon="-65.88128">
        <ele>1412</ele>
        <time>2026-07-26T05:56:05+00:00</time>
      </trkpt>
      <trkpt lat="-28.17657" lon="-65.88135">
        <ele>1412</ele>
        <time>2026-07-26T05:56:08+00:00</time>
      </trkpt>
      <trkpt lat="-28.17658" lon="-65.88138">
        <ele>1412</ele>
        <time>2026-07-26T05:56:11+00:00</time>
      </trkpt>
      <trkpt lat="-28.1766" lon="-65.88139">
        <ele>1412</ele>
        <time>2026-07-26T05:56:14+00:00</time>
      </trkpt>
      <trkpt lat="-28.17662" lon="-65.88142">
        <ele>1412</ele>
        <time>2026-07-26T05:56:17+00:00</time>
      </trkpt>
      <trkpt lat="-28.17661" lon="-65.88144">
        <ele>1412</ele>
        <time>2026-07-26T05:56:20+00:00</time>
      </trkpt>
      <trkpt lat="-28.17662" lon="-65.88148">
        <ele>1412</ele>
        <time>2026-07-26T05:56:23+00:00</time>
      </trkpt>
      <trkpt lat="-28.17661" lon="-65.88151">
        <ele>1413</ele>
        <time>2026-07-26T05:56:26+00:00</time>
      </trkpt>
      <trkpt lat="-28.17658" lon="-65.88152">
        <ele>1412</ele>
        <time>2026-07-26T05:56:29+00:00</time>
      </trkpt>
      <trkpt lat="-28.17656" lon="-65.88153">
        <ele>1412</ele>
        <time>2026-07-26T05:56:32+00:00</time>
      </trkpt>
      <trkpt lat="-28.17655" lon="-65.88155">
        <ele>1412</ele>
        <time>2026-07-26T05:56:35+00:00</time>
      </trkpt>
      <trkpt lat="-28.17656" lon="-65.8816">
        <ele>1413</ele>
        <time>2026-07-26T05:56:38+00:00</time>
      </trkpt>
      <trkpt lat="-28.17653" lon="-65.88163">
        <ele>1413</ele>
        <time>2026-07-26T05:56:41+00:00</time>
      </trkpt>
      <trkpt lat="-28.17652" lon="-65.88165">
        <ele>1413</ele>
        <time>2026-07-26T05:56:44+00:00</time>
      </trkpt>
      <trkpt lat="-28.17652" lon="-65.8817">
        <ele>1413</ele>
        <time>2026-07-26T05:56:47+00:00</time>
      </trkpt>
      <trkpt lat="-28.17648" lon="-65.88174">
        <ele>1414</ele>
        <time>2026-07-26T05:56:50+00:00</time>
      </trkpt>
      <trkpt lat="-28.17643" lon="-65.88177">
        <ele>1414</ele>
        <time>2026-07-26T05:56:53+00:00</time>
      </trkpt>
      <trkpt lat="-28.17634" lon="-65.88181">
        <ele>1415</ele>
        <time>2026-07-26T05:56:56+00:00</time>
      </trkpt>
      <trkpt lat="-28.17631" lon="-65.88186">
        <ele>1415</ele>
        <time>2026-07-26T05:56:59+00:00</time>
      </trkpt>
      <trkpt lat="-28.17626" lon="-65.88192">
        <ele>1415</ele>
        <time>2026-07-26T05:57:02+00:00</time>
      </trkpt>
      <trkpt lat="-28.17626" lon="-65.88194">
        <ele>1415</ele>
        <time>2026-07-26T05:57:05+00:00</time>
      </trkpt>
      <trkpt lat="-28.17627" lon="-65.88199">
        <ele>1416</ele>
        <time>2026-07-26T05:57:08+00:00</time>
      </trkpt>
      <trkpt lat="-28.17632" lon="-65.88197">
        <ele>1417</ele>
        <time>2026-07-26T05:57:11+00:00</time>
      </trkpt>
      <trkpt lat="-28.17632" lon="-65.882">
        <ele>1417</ele>
        <time>2026-07-26T05:57:14+00:00</time>
      </trkpt>
      <trkpt lat="-28.17632" lon="-65.88202">
        <ele>1418</ele>
        <time>2026-07-26T05:57:17+00:00</time>
      </trkpt>
      <trkpt lat="-28.1763" lon="-65.88207">
        <ele>1419</ele>
        <time>2026-07-26T05:57:20+00:00</time>
      </trkpt>
      <trkpt lat="-28.1763" lon="-65.88209">
        <ele>1419</ele>
        <time>2026-07-26T05:57:23+00:00</time>
      </trkpt>
      <trkpt lat="-28.17629" lon="-65.88207">
        <ele>1419</ele>
        <time>2026-07-26T05:57:26+00:00</time>
      </trkpt>
      <trkpt lat="-28.17627" lon="-65.88207">
        <ele>1419</ele>
        <time>2026-07-26T05:57:29+00:00</time>
      </trkpt>
      <trkpt lat="-28.17624" lon="-65.88214">
        <ele>1421</ele>
        <time>2026-07-26T05:57:32+00:00</time>
      </trkpt>
      <trkpt lat="-28.1762" lon="-65.88222">
        <ele>1423</ele>
        <time>2026-07-26T05:57:35+00:00</time>
      </trkpt>
      <trkpt lat="-28.17621" lon="-65.88226">
        <ele>1424</ele>
        <time>2026-07-26T05:57:38+00:00</time>
      </trkpt>
      <trkpt lat="-28.17609" lon="-65.88238">
        <ele>1423</ele>
        <time>2026-07-26T05:57:41+00:00</time>
      </trkpt>
      <trkpt lat="-28.1761" lon="-65.88233">
        <ele>1422</ele>
        <time>2026-07-26T05:57:44+00:00</time>
      </trkpt>
      <trkpt lat="-28.1761" lon="-65.88231">
        <ele>1423</ele>
        <time>2026-07-26T05:57:47+00:00</time>
      </trkpt>
      <trkpt lat="-28.17614" lon="-65.88228">
        <ele>1422</ele>
        <time>2026-07-26T05:57:50+00:00</time>
      </trkpt>
      <trkpt lat="-28.17615" lon="-65.88229">
        <ele>1423</ele>
        <time>2026-07-26T05:57:53+00:00</time>
      </trkpt>
      <trkpt lat="-28.17622" lon="-65.88224">
        <ele>1424</ele>
        <time>2026-07-26T05:57:56+00:00</time>
      </trkpt>
      <trkpt lat="-28.17627" lon="-65.88221">
        <ele>1423</ele>
        <time>2026-07-26T05:57:59+00:00</time>
      </trkpt>
      <trkpt lat="-28.17629" lon="-65.8822">
        <ele>1424</ele>
        <time>2026-07-26T05:58:02+00:00</time>
      </trkpt>
      <trkpt lat="-28.17631" lon="-65.88221">
        <ele>1424</ele>
        <time>2026-07-26T05:58:05+00:00</time>
      </trkpt>
      <trkpt lat="-28.17637" lon="-65.88223">
        <ele>1426</ele>
        <time>2026-07-26T05:58:08+00:00</time>
      </trkpt>
      <trkpt lat="-28.17637" lon="-65.88225">
        <ele>1426</ele>
        <time>2026-07-26T05:58:11+00:00</time>
      </trkpt>
      <trkpt lat="-28.17641" lon="-65.88234">
        <ele>1429</ele>
        <time>2026-07-26T05:58:14+00:00</time>
      </trkpt>
      <trkpt lat="-28.17641" lon="-65.88236">
        <ele>1430</ele>
        <time>2026-07-26T05:58:17+00:00</time>
      </trkpt>
      <trkpt lat="-28.17639" lon="-65.8824">
        <ele>1431</ele>
        <time>2026-07-26T05:58:20+00:00</time>
      </trkpt>
      <trkpt lat="-28.17639" lon="-65.88242">
        <ele>1431</ele>
        <time>2026-07-26T05:58:23+00:00</time>
      </trkpt>
      <trkpt lat="-28.1764" lon="-65.88244">
        <ele>1432</ele>
        <time>2026-07-26T05:58:26+00:00</time>
      </trkpt>
      <trkpt lat="-28.17639" lon="-65.88246">
        <ele>1432</ele>
        <time>2026-07-26T05:58:29+00:00</time>
      </trkpt>
      <trkpt lat="-28.17646" lon="-65.88251">
        <ele>1435</ele>
        <time>2026-07-26T05:58:32+00:00</time>
      </trkpt>
      <trkpt lat="-28.17652" lon="-65.88258">
        <ele>1439</ele>
        <time>2026-07-26T05:58:35+00:00</time>
      </trkpt>
      <trkpt lat="-28.17654" lon="-65.88258">
        <ele>1439</ele>
        <time>2026-07-26T05:58:38+00:00</time>
      </trkpt>
      <trkpt lat="-28.17655" lon="-65.88256">
        <ele>1438</ele>
        <time>2026-07-26T05:58:41+00:00</time>
      </trkpt>
      <trkpt lat="-28.17657" lon="-65.88255">
        <ele>1438</ele>
        <time>2026-07-26T05:58:44+00:00</time>
      </trkpt>
      <trkpt lat="-28.17662" lon="-65.88258">
        <ele>1441</ele>
        <time>2026-07-26T05:58:47+00:00</time>
      </trkpt>
      <trkpt lat="-28.17665" lon="-65.88259">
        <ele>1441</ele>
        <time>2026-07-26T05:58:50+00:00</time>
      </trkpt>
      <trkpt lat="-28.17674" lon="-65.88256">
        <ele>1440</ele>
        <time>2026-07-26T05:58:53+00:00</time>
      </trkpt>
      <trkpt lat="-28.17676" lon="-65.88257">
        <ele>1442</ele>
        <time>2026-07-26T05:58:56+00:00</time>
      </trkpt>
      <trkpt lat="-28.17683" lon="-65.88257">
        <ele>1443</ele>
        <time>2026-07-26T05:58:59+00:00</time>
      </trkpt>
      <trkpt lat="-28.17681" lon="-65.88259">
        <ele>1423</ele>
        <time>2026-07-26T05:59:02+00:00</time>
      </trkpt>
    </trkseg>
  </trk>
</gpx>
