<?xml version="1.0" encoding="UTF-8"?>
<gpx xmlns="http://www.topografix.com/GPX/1/1" xmlns:xsi="http://www.w3.org/2001/XMLSchema-instance" version="1.1" creator="Trace de Trail" xsi:schemaLocation="http://www.topografix.com/GPX/1/1 http://www.topografix.com/GPX/1/1/gpx.xsd">
  <metadata>
    <name>Desafio Bella Vista 9k</name>
    <desc>Parcours créé sur Trace de Trail</desc>
    <link href="https://tracedetrail.fr/fr/trace/273793">
      <text>Cartographie du parcours</text>
    </link>
    <time>2026-07-26T04:24:43+00:00</time>
  </metadata>
  <trk>
    <name>Desafio Bella Vista 9k sur TraceDeTrail.fr</name>
    <src>Trace de Trail</src>
    <trkseg>
      <trkpt lat="-28.17463" lon="-65.88373">
        <ele>1443</ele>
        <time>2026-07-26T04:24:43+00:00</time>
      </trkpt>
      <trkpt lat="-28.17455" lon="-65.8837">
        <ele>1443</ele>
        <time>2026-07-26T04:24:46+00:00</time>
      </trkpt>
      <trkpt lat="-28.17447" lon="-65.88368">
        <ele>1443</ele>
        <time>2026-07-26T04:24:49+00:00</time>
      </trkpt>
      <trkpt lat="-28.17442" lon="-65.88368">
        <ele>1444</ele>
        <time>2026-07-26T04:24:52+00:00</time>
      </trkpt>
      <trkpt lat="-28.17431" lon="-65.88367">
        <ele>1444</ele>
        <time>2026-07-26T04:24:55+00:00</time>
      </trkpt>
      <trkpt lat="-28.17428" lon="-65.88367">
        <ele>1445</ele>
        <time>2026-07-26T04:24:58+00:00</time>
      </trkpt>
      <trkpt lat="-28.17424" lon="-65.88366">
        <ele>1445</ele>
        <time>2026-07-26T04:25:01+00:00</time>
      </trkpt>
      <trkpt lat="-28.17423" lon="-65.88366">
        <ele>1445</ele>
        <time>2026-07-26T04:25:04+00:00</time>
      </trkpt>
      <trkpt lat="-28.17412" lon="-65.88365">
        <ele>1446</ele>
        <time>2026-07-26T04:25:07+00:00</time>
      </trkpt>
      <trkpt lat="-28.17405" lon="-65.88362">
        <ele>1446</ele>
        <time>2026-07-26T04:25:10+00:00</time>
      </trkpt>
      <trkpt lat="-28.17402" lon="-65.8836">
        <ele>1446</ele>
        <time>2026-07-26T04:25:13+00:00</time>
      </trkpt>
      <trkpt lat="-28.17398" lon="-65.88359">
        <ele>1447</ele>
        <time>2026-07-26T04:25:16+00:00</time>
      </trkpt>
      <trkpt lat="-28.17396" lon="-65.8836">
        <ele>1447</ele>
        <time>2026-07-26T04:25:19+00:00</time>
      </trkpt>
      <trkpt lat="-28.17392" lon="-65.88359">
        <ele>1447</ele>
        <time>2026-07-26T04:25:22+00:00</time>
      </trkpt>
      <trkpt lat="-28.17389" lon="-65.8836">
        <ele>1447</ele>
        <time>2026-07-26T04:25:25+00:00</time>
      </trkpt>
      <trkpt lat="-28.1738" lon="-65.88361">
        <ele>1448</ele>
        <time>2026-07-26T04:25:28+00:00</time>
      </trkpt>
      <trkpt lat="-28.17375" lon="-65.88363">
        <ele>1448</ele>
        <time>2026-07-26T04:25:31+00:00</time>
      </trkpt>
      <trkpt lat="-28.1736" lon="-65.88365">
        <ele>1449</ele>
        <time>2026-07-26T04:25:34+00:00</time>
      </trkpt>
      <trkpt lat="-28.17353" lon="-65.88367">
        <ele>1450</ele>
        <time>2026-07-26T04:25:37+00:00</time>
      </trkpt>
      <trkpt lat="-28.17328" lon="-65.88369">
        <ele>1451</ele>
        <time>2026-07-26T04:25:40+00:00</time>
      </trkpt>
      <trkpt lat="-28.17319" lon="-65.88374">
        <ele>1452</ele>
        <time>2026-07-26T04:25:43+00:00</time>
      </trkpt>
      <trkpt lat="-28.17316" lon="-65.88378">
        <ele>1452</ele>
        <time>2026-07-26T04:25:46+00:00</time>
      </trkpt>
      <trkpt lat="-28.17316" lon="-65.88382">
        <ele>1453</ele>
        <time>2026-07-26T04:25:49+00:00</time>
      </trkpt>
      <trkpt lat="-28.17317" lon="-65.88387">
        <ele>1453</ele>
        <time>2026-07-26T04:25:52+00:00</time>
      </trkpt>
      <trkpt lat="-28.17322" lon="-65.8839">
        <ele>1454</ele>
        <time>2026-07-26T04:25:55+00:00</time>
      </trkpt>
      <trkpt lat="-28.17327" lon="-65.88389">
        <ele>1454</ele>
        <time>2026-07-26T04:25:58+00:00</time>
      </trkpt>
      <trkpt lat="-28.17341" lon="-65.88382">
        <ele>1455</ele>
        <time>2026-07-26T04:26:01+00:00</time>
      </trkpt>
      <trkpt lat="-28.17347" lon="-65.88382">
        <ele>1456</ele>
        <time>2026-07-26T04:26:04+00:00</time>
      </trkpt>
      <trkpt lat="-28.1737" lon="-65.88384">
        <ele>1457</ele>
        <time>2026-07-26T04:26:07+00:00</time>
      </trkpt>
      <trkpt lat="-28.17371" lon="-65.88383">
        <ele>1457</ele>
        <time>2026-07-26T04:26:10+00:00</time>
      </trkpt>
      <trkpt lat="-28.17374" lon="-65.88383">
        <ele>1458</ele>
        <time>2026-07-26T04:26:13+00:00</time>
      </trkpt>
      <trkpt lat="-28.17378" lon="-65.88384">
        <ele>1458</ele>
        <time>2026-07-26T04:26:16+00:00</time>
      </trkpt>
      <trkpt lat="-28.17383" lon="-65.8839">
        <ele>1458</ele>
        <time>2026-07-26T04:26:19+00:00</time>
      </trkpt>
      <trkpt lat="-28.17385" lon="-65.88397">
        <ele>1459</ele>
        <time>2026-07-26T04:26:22+00:00</time>
      </trkpt>
      <trkpt lat="-28.17385" lon="-65.88401">
        <ele>1459</ele>
        <time>2026-07-26T04:26:25+00:00</time>
      </trkpt>
      <trkpt lat="-28.17385" lon="-65.88408">
        <ele>1459</ele>
        <time>2026-07-26T04:26:28+00:00</time>
      </trkpt>
      <trkpt lat="-28.17386" lon="-65.88412">
        <ele>1459</ele>
        <time>2026-07-26T04:26:31+00:00</time>
      </trkpt>
      <trkpt lat="-28.17384" lon="-65.88416">
        <ele>1460</ele>
        <time>2026-07-26T04:26:34+00:00</time>
      </trkpt>
      <trkpt lat="-28.17382" lon="-65.88418">
        <ele>1460</ele>
        <time>2026-07-26T04:26:37+00:00</time>
      </trkpt>
      <trkpt lat="-28.17381" lon="-65.88421">
        <ele>1460</ele>
        <time>2026-07-26T04:26:40+00:00</time>
      </trkpt>
      <trkpt lat="-28.1738" lon="-65.88422">
        <ele>1460</ele>
        <time>2026-07-26T04:26:43+00:00</time>
      </trkpt>
      <trkpt lat="-28.17377" lon="-65.8843">
        <ele>1461</ele>
        <time>2026-07-26T04:26:46+00:00</time>
      </trkpt>
      <trkpt lat="-28.17373" lon="-65.88436">
        <ele>1461</ele>
        <time>2026-07-26T04:26:49+00:00</time>
      </trkpt>
      <trkpt lat="-28.17373" lon="-65.88439">
        <ele>1461</ele>
        <time>2026-07-26T04:26:52+00:00</time>
      </trkpt>
      <trkpt lat="-28.17369" lon="-65.88446">
        <ele>1462</ele>
        <time>2026-07-26T04:26:55+00:00</time>
      </trkpt>
      <trkpt lat="-28.17369" lon="-65.88449">
        <ele>1462</ele>
        <time>2026-07-26T04:26:58+00:00</time>
      </trkpt>
      <trkpt lat="-28.17368" lon="-65.88453">
        <ele>1462</ele>
        <time>2026-07-26T04:27:01+00:00</time>
      </trkpt>
      <trkpt lat="-28.17363" lon="-65.88463">
        <ele>1463</ele>
        <time>2026-07-26T04:27:04+00:00</time>
      </trkpt>
      <trkpt lat="-28.17361" lon="-65.88465">
        <ele>1464</ele>
        <time>2026-07-26T04:27:07+00:00</time>
      </trkpt>
      <trkpt lat="-28.17357" lon="-65.88466">
        <ele>1464</ele>
        <time>2026-07-26T04:27:10+00:00</time>
      </trkpt>
      <trkpt lat="-28.17352" lon="-65.88465">
        <ele>1464</ele>
        <time>2026-07-26T04:27:13+00:00</time>
      </trkpt>
      <trkpt lat="-28.1735" lon="-65.88463">
        <ele>1465</ele>
        <time>2026-07-26T04:27:16+00:00</time>
      </trkpt>
      <trkpt lat="-28.17349" lon="-65.88459">
        <ele>1465</ele>
        <time>2026-07-26T04:27:19+00:00</time>
      </trkpt>
      <trkpt lat="-28.17352" lon="-65.88446">
        <ele>1466</ele>
        <time>2026-07-26T04:27:22+00:00</time>
      </trkpt>
      <trkpt lat="-28.17352" lon="-65.88438">
        <ele>1467</ele>
        <time>2026-07-26T04:27:25+00:00</time>
      </trkpt>
      <trkpt lat="-28.17351" lon="-65.88435">
        <ele>1467</ele>
        <time>2026-07-26T04:27:28+00:00</time>
      </trkpt>
      <trkpt lat="-28.17349" lon="-65.88432">
        <ele>1467</ele>
        <time>2026-07-26T04:27:31+00:00</time>
      </trkpt>
      <trkpt lat="-28.17346" lon="-65.88429">
        <ele>1467</ele>
        <time>2026-07-26T04:27:34+00:00</time>
      </trkpt>
      <trkpt lat="-28.17336" lon="-65.88427">
        <ele>1468</ele>
        <time>2026-07-26T04:27:37+00:00</time>
      </trkpt>
      <trkpt lat="-28.1733" lon="-65.88431">
        <ele>1468</ele>
        <time>2026-07-26T04:27:40+00:00</time>
      </trkpt>
      <trkpt lat="-28.17328" lon="-65.88433">
        <ele>1468</ele>
        <time>2026-07-26T04:27:43+00:00</time>
      </trkpt>
      <trkpt lat="-28.1732" lon="-65.88435">
        <ele>1469</ele>
        <time>2026-07-26T04:27:46+00:00</time>
      </trkpt>
      <trkpt lat="-28.17308" lon="-65.88442">
        <ele>1469</ele>
        <time>2026-07-26T04:27:49+00:00</time>
      </trkpt>
      <trkpt lat="-28.17294" lon="-65.88448">
        <ele>1470</ele>
        <time>2026-07-26T04:27:52+00:00</time>
      </trkpt>
      <trkpt lat="-28.17282" lon="-65.88451">
        <ele>1470</ele>
        <time>2026-07-26T04:27:55+00:00</time>
      </trkpt>
      <trkpt lat="-28.17275" lon="-65.88453">
        <ele>1471</ele>
        <time>2026-07-26T04:27:58+00:00</time>
      </trkpt>
      <trkpt lat="-28.17264" lon="-65.88457">
        <ele>1471</ele>
        <time>2026-07-26T04:28:01+00:00</time>
      </trkpt>
      <trkpt lat="-28.17254" lon="-65.8846">
        <ele>1472</ele>
        <time>2026-07-26T04:28:04+00:00</time>
      </trkpt>
      <trkpt lat="-28.17243" lon="-65.88467">
        <ele>1472</ele>
        <time>2026-07-26T04:28:07+00:00</time>
      </trkpt>
      <trkpt lat="-28.17231" lon="-65.88476">
        <ele>1473</ele>
        <time>2026-07-26T04:28:10+00:00</time>
      </trkpt>
      <trkpt lat="-28.17231" lon="-65.88478">
        <ele>1473</ele>
        <time>2026-07-26T04:28:13+00:00</time>
      </trkpt>
      <trkpt lat="-28.1723" lon="-65.8848">
        <ele>1473</ele>
        <time>2026-07-26T04:28:16+00:00</time>
      </trkpt>
      <trkpt lat="-28.17232" lon="-65.88481">
        <ele>1473</ele>
        <time>2026-07-26T04:28:19+00:00</time>
      </trkpt>
      <trkpt lat="-28.17229" lon="-65.88483">
        <ele>1474</ele>
        <time>2026-07-26T04:28:22+00:00</time>
      </trkpt>
      <trkpt lat="-28.17223" lon="-65.88487">
        <ele>1474</ele>
        <time>2026-07-26T04:28:25+00:00</time>
      </trkpt>
      <trkpt lat="-28.17209" lon="-65.88491">
        <ele>1475</ele>
        <time>2026-07-26T04:28:28+00:00</time>
      </trkpt>
      <trkpt lat="-28.17189" lon="-65.885">
        <ele>1476</ele>
        <time>2026-07-26T04:28:31+00:00</time>
      </trkpt>
      <trkpt lat="-28.17177" lon="-65.88507">
        <ele>1477</ele>
        <time>2026-07-26T04:28:34+00:00</time>
      </trkpt>
      <trkpt lat="-28.1717" lon="-65.88512">
        <ele>1477</ele>
        <time>2026-07-26T04:28:37+00:00</time>
      </trkpt>
      <trkpt lat="-28.17168" lon="-65.88514">
        <ele>1478</ele>
        <time>2026-07-26T04:28:40+00:00</time>
      </trkpt>
      <trkpt lat="-28.17159" lon="-65.88522">
        <ele>1478</ele>
        <time>2026-07-26T04:28:43+00:00</time>
      </trkpt>
      <trkpt lat="-28.17151" lon="-65.88527">
        <ele>1479</ele>
        <time>2026-07-26T04:28:46+00:00</time>
      </trkpt>
      <trkpt lat="-28.17146" lon="-65.88531">
        <ele>1479</ele>
        <time>2026-07-26T04:28:49+00:00</time>
      </trkpt>
      <trkpt lat="-28.17139" lon="-65.88539">
        <ele>1479</ele>
        <time>2026-07-26T04:28:52+00:00</time>
      </trkpt>
      <trkpt lat="-28.17138" lon="-65.88544">
        <ele>1479</ele>
        <time>2026-07-26T04:28:55+00:00</time>
      </trkpt>
      <trkpt lat="-28.17135" lon="-65.88544">
        <ele>1479</ele>
        <time>2026-07-26T04:28:58+00:00</time>
      </trkpt>
      <trkpt lat="-28.17122" lon="-65.88556">
        <ele>1480</ele>
        <time>2026-07-26T04:29:01+00:00</time>
      </trkpt>
      <trkpt lat="-28.1712" lon="-65.88559">
        <ele>1480</ele>
        <time>2026-07-26T04:29:04+00:00</time>
      </trkpt>
      <trkpt lat="-28.17113" lon="-65.88563">
        <ele>1480</ele>
        <time>2026-07-26T04:29:07+00:00</time>
      </trkpt>
      <trkpt lat="-28.17103" lon="-65.8857">
        <ele>1481</ele>
        <time>2026-07-26T04:29:10+00:00</time>
      </trkpt>
      <trkpt lat="-28.17093" lon="-65.8858">
        <ele>1482</ele>
        <time>2026-07-26T04:29:13+00:00</time>
      </trkpt>
      <trkpt lat="-28.1709" lon="-65.88581">
        <ele>1482</ele>
        <time>2026-07-26T04:29:16+00:00</time>
      </trkpt>
      <trkpt lat="-28.17087" lon="-65.88587">
        <ele>1483</ele>
        <time>2026-07-26T04:29:19+00:00</time>
      </trkpt>
      <trkpt lat="-28.17074" lon="-65.88599">
        <ele>1484</ele>
        <time>2026-07-26T04:29:22+00:00</time>
      </trkpt>
      <trkpt lat="-28.17065" lon="-65.88604">
        <ele>1485</ele>
        <time>2026-07-26T04:29:25+00:00</time>
      </trkpt>
      <trkpt lat="-28.17062" lon="-65.88607">
        <ele>1485</ele>
        <time>2026-07-26T04:29:28+00:00</time>
      </trkpt>
      <trkpt lat="-28.17055" lon="-65.88616">
        <ele>1486</ele>
        <time>2026-07-26T04:29:31+00:00</time>
      </trkpt>
      <trkpt lat="-28.17048" lon="-65.88632">
        <ele>1487</ele>
        <time>2026-07-26T04:29:34+00:00</time>
      </trkpt>
      <trkpt lat="-28.17045" lon="-65.88639">
        <ele>1488</ele>
        <time>2026-07-26T04:29:37+00:00</time>
      </trkpt>
      <trkpt lat="-28.1704" lon="-65.88646">
        <ele>1488</ele>
        <time>2026-07-26T04:29:40+00:00</time>
      </trkpt>
      <trkpt lat="-28.17034" lon="-65.88658">
        <ele>1489</ele>
        <time>2026-07-26T04:29:43+00:00</time>
      </trkpt>
      <trkpt lat="-28.17032" lon="-65.88665">
        <ele>1490</ele>
        <time>2026-07-26T04:29:46+00:00</time>
      </trkpt>
      <trkpt lat="-28.17023" lon="-65.88684">
        <ele>1491</ele>
        <time>2026-07-26T04:29:49+00:00</time>
      </trkpt>
      <trkpt lat="-28.17016" lon="-65.88695">
        <ele>1492</ele>
        <time>2026-07-26T04:29:52+00:00</time>
      </trkpt>
      <trkpt lat="-28.17012" lon="-65.88702">
        <ele>1492</ele>
        <time>2026-07-26T04:29:55+00:00</time>
      </trkpt>
      <trkpt lat="-28.17008" lon="-65.88708">
        <ele>1493</ele>
        <time>2026-07-26T04:29:58+00:00</time>
      </trkpt>
      <trkpt lat="-28.17" lon="-65.88713">
        <ele>1494</ele>
        <time>2026-07-26T04:30:01+00:00</time>
      </trkpt>
      <trkpt lat="-28.16998" lon="-65.88714">
        <ele>1494</ele>
        <time>2026-07-26T04:30:04+00:00</time>
      </trkpt>
      <trkpt lat="-28.1699" lon="-65.88713">
        <ele>1494</ele>
        <time>2026-07-26T04:30:07+00:00</time>
      </trkpt>
      <trkpt lat="-28.16984" lon="-65.8871">
        <ele>1495</ele>
        <time>2026-07-26T04:30:10+00:00</time>
      </trkpt>
      <trkpt lat="-28.16982" lon="-65.88709">
        <ele>1495</ele>
        <time>2026-07-26T04:30:13+00:00</time>
      </trkpt>
      <trkpt lat="-28.16979" lon="-65.88706">
        <ele>1495</ele>
        <time>2026-07-26T04:30:16+00:00</time>
      </trkpt>
      <trkpt lat="-28.16976" lon="-65.88705">
        <ele>1495</ele>
        <time>2026-07-26T04:30:19+00:00</time>
      </trkpt>
      <trkpt lat="-28.16971" lon="-65.88701">
        <ele>1496</ele>
        <time>2026-07-26T04:30:22+00:00</time>
      </trkpt>
      <trkpt lat="-28.16962" lon="-65.88696">
        <ele>1497</ele>
        <time>2026-07-26T04:30:25+00:00</time>
      </trkpt>
      <trkpt lat="-28.16952" lon="-65.88694">
        <ele>1498</ele>
        <time>2026-07-26T04:30:28+00:00</time>
      </trkpt>
      <trkpt lat="-28.16947" lon="-65.88692">
        <ele>1498</ele>
        <time>2026-07-26T04:30:31+00:00</time>
      </trkpt>
      <trkpt lat="-28.16943" lon="-65.88691">
        <ele>1498</ele>
        <time>2026-07-26T04:30:34+00:00</time>
      </trkpt>
      <trkpt lat="-28.16935" lon="-65.8869">
        <ele>1499</ele>
        <time>2026-07-26T04:30:37+00:00</time>
      </trkpt>
      <trkpt lat="-28.16918" lon="-65.88692">
        <ele>1500</ele>
        <time>2026-07-26T04:30:40+00:00</time>
      </trkpt>
      <trkpt lat="-28.16915" lon="-65.88693">
        <ele>1500</ele>
        <time>2026-07-26T04:30:43+00:00</time>
      </trkpt>
      <trkpt lat="-28.16913" lon="-65.88694">
        <ele>1500</ele>
        <time>2026-07-26T04:30:46+00:00</time>
      </trkpt>
      <trkpt lat="-28.16897" lon="-65.88697">
        <ele>1501</ele>
        <time>2026-07-26T04:30:49+00:00</time>
      </trkpt>
      <trkpt lat="-28.16888" lon="-65.887">
        <ele>1501</ele>
        <time>2026-07-26T04:30:52+00:00</time>
      </trkpt>
      <trkpt lat="-28.16883" lon="-65.88701">
        <ele>1502</ele>
        <time>2026-07-26T04:30:55+00:00</time>
      </trkpt>
      <trkpt lat="-28.16877" lon="-65.88703">
        <ele>1502</ele>
        <time>2026-07-26T04:30:58+00:00</time>
      </trkpt>
      <trkpt lat="-28.16877" lon="-65.88704">
        <ele>1502</ele>
        <time>2026-07-26T04:31:01+00:00</time>
      </trkpt>
      <trkpt lat="-28.16877" lon="-65.88703">
        <ele>1502</ele>
        <time>2026-07-26T04:31:04+00:00</time>
      </trkpt>
      <trkpt lat="-28.16878" lon="-65.88703">
        <ele>1502</ele>
        <time>2026-07-26T04:31:07+00:00</time>
      </trkpt>
      <trkpt lat="-28.16876" lon="-65.88705">
        <ele>1502</ele>
        <time>2026-07-26T04:31:10+00:00</time>
      </trkpt>
      <trkpt lat="-28.16875" lon="-65.88701">
        <ele>1502</ele>
        <time>2026-07-26T04:31:13+00:00</time>
      </trkpt>
      <trkpt lat="-28.16873" lon="-65.88703">
        <ele>1502</ele>
        <time>2026-07-26T04:31:16+00:00</time>
      </trkpt>
      <trkpt lat="-28.16872" lon="-65.88702">
        <ele>1502</ele>
        <time>2026-07-26T04:31:19+00:00</time>
      </trkpt>
      <trkpt lat="-28.16873" lon="-65.88704">
        <ele>1503</ele>
        <time>2026-07-26T04:31:22+00:00</time>
      </trkpt>
      <trkpt lat="-28.16871" lon="-65.88703">
        <ele>1503</ele>
        <time>2026-07-26T04:31:25+00:00</time>
      </trkpt>
      <trkpt lat="-28.16868" lon="-65.88703">
        <ele>1503</ele>
        <time>2026-07-26T04:31:28+00:00</time>
      </trkpt>
      <trkpt lat="-28.16865" lon="-65.88704">
        <ele>1503</ele>
        <time>2026-07-26T04:31:31+00:00</time>
      </trkpt>
      <trkpt lat="-28.16857" lon="-65.88706">
        <ele>1503</ele>
        <time>2026-07-26T04:31:34+00:00</time>
      </trkpt>
      <trkpt lat="-28.16852" lon="-65.88708">
        <ele>1504</ele>
        <time>2026-07-26T04:31:37+00:00</time>
      </trkpt>
      <trkpt lat="-28.16851" lon="-65.88707">
        <ele>1504</ele>
        <time>2026-07-26T04:31:40+00:00</time>
      </trkpt>
      <trkpt lat="-28.16851" lon="-65.88706">
        <ele>1504</ele>
        <time>2026-07-26T04:31:43+00:00</time>
      </trkpt>
      <trkpt lat="-28.16847" lon="-65.88705">
        <ele>1504</ele>
        <time>2026-07-26T04:31:46+00:00</time>
      </trkpt>
      <trkpt lat="-28.16846" lon="-65.88703">
        <ele>1504</ele>
        <time>2026-07-26T04:31:49+00:00</time>
      </trkpt>
      <trkpt lat="-28.16847" lon="-65.88703">
        <ele>1504</ele>
        <time>2026-07-26T04:31:52+00:00</time>
      </trkpt>
      <trkpt lat="-28.16846" lon="-65.88703">
        <ele>1504</ele>
        <time>2026-07-26T04:31:55+00:00</time>
      </trkpt>
      <trkpt lat="-28.16846" lon="-65.88703">
        <ele>1504</ele>
        <time>2026-07-26T04:31:58+00:00</time>
      </trkpt>
      <trkpt lat="-28.16843" lon="-65.88702">
        <ele>1504</ele>
        <time>2026-07-26T04:32:01+00:00</time>
      </trkpt>
      <trkpt lat="-28.16829" lon="-65.88703">
        <ele>1505</ele>
        <time>2026-07-26T04:32:04+00:00</time>
      </trkpt>
      <trkpt lat="-28.16817" lon="-65.88704">
        <ele>1506</ele>
        <time>2026-07-26T04:32:07+00:00</time>
      </trkpt>
      <trkpt lat="-28.16804" lon="-65.88701">
        <ele>1506</ele>
        <time>2026-07-26T04:32:10+00:00</time>
      </trkpt>
      <trkpt lat="-28.16799" lon="-65.88701">
        <ele>1507</ele>
        <time>2026-07-26T04:32:13+00:00</time>
      </trkpt>
      <trkpt lat="-28.16787" lon="-65.88704">
        <ele>1507</ele>
        <time>2026-07-26T04:32:16+00:00</time>
      </trkpt>
      <trkpt lat="-28.16779" lon="-65.88707">
        <ele>1508</ele>
        <time>2026-07-26T04:32:19+00:00</time>
      </trkpt>
      <trkpt lat="-28.16773" lon="-65.88711">
        <ele>1508</ele>
        <time>2026-07-26T04:32:22+00:00</time>
      </trkpt>
      <trkpt lat="-28.1677" lon="-65.88715">
        <ele>1508</ele>
        <time>2026-07-26T04:32:25+00:00</time>
      </trkpt>
      <trkpt lat="-28.16752" lon="-65.88726">
        <ele>1509</ele>
        <time>2026-07-26T04:32:28+00:00</time>
      </trkpt>
      <trkpt lat="-28.16736" lon="-65.88734">
        <ele>1510</ele>
        <time>2026-07-26T04:32:31+00:00</time>
      </trkpt>
      <trkpt lat="-28.1672" lon="-65.88746">
        <ele>1511</ele>
        <time>2026-07-26T04:32:34+00:00</time>
      </trkpt>
      <trkpt lat="-28.16713" lon="-65.8875">
        <ele>1511</ele>
        <time>2026-07-26T04:32:37+00:00</time>
      </trkpt>
      <trkpt lat="-28.167" lon="-65.88756">
        <ele>1512</ele>
        <time>2026-07-26T04:32:40+00:00</time>
      </trkpt>
      <trkpt lat="-28.16678" lon="-65.88771">
        <ele>1513</ele>
        <time>2026-07-26T04:32:43+00:00</time>
      </trkpt>
      <trkpt lat="-28.16671" lon="-65.88773">
        <ele>1514</ele>
        <time>2026-07-26T04:32:46+00:00</time>
      </trkpt>
      <trkpt lat="-28.16663" lon="-65.88775">
        <ele>1514</ele>
        <time>2026-07-26T04:32:49+00:00</time>
      </trkpt>
      <trkpt lat="-28.16658" lon="-65.88776">
        <ele>1514</ele>
        <time>2026-07-26T04:32:52+00:00</time>
      </trkpt>
      <trkpt lat="-28.16654" lon="-65.88775">
        <ele>1514</ele>
        <time>2026-07-26T04:32:55+00:00</time>
      </trkpt>
      <trkpt lat="-28.16652" lon="-65.88777">
        <ele>1514</ele>
        <time>2026-07-26T04:32:58+00:00</time>
      </trkpt>
      <trkpt lat="-28.16652" lon="-65.88776">
        <ele>1514</ele>
        <time>2026-07-26T04:33:01+00:00</time>
      </trkpt>
      <trkpt lat="-28.16652" lon="-65.88774">
        <ele>1514</ele>
        <time>2026-07-26T04:33:04+00:00</time>
      </trkpt>
      <trkpt lat="-28.16649" lon="-65.88772">
        <ele>1514</ele>
        <time>2026-07-26T04:33:07+00:00</time>
      </trkpt>
      <trkpt lat="-28.1664" lon="-65.88772">
        <ele>1515</ele>
        <time>2026-07-26T04:33:10+00:00</time>
      </trkpt>
      <trkpt lat="-28.16632" lon="-65.8877">
        <ele>1515</ele>
        <time>2026-07-26T04:33:13+00:00</time>
      </trkpt>
      <trkpt lat="-28.16617" lon="-65.88764">
        <ele>1515</ele>
        <time>2026-07-26T04:33:16+00:00</time>
      </trkpt>
      <trkpt lat="-28.16596" lon="-65.88759">
        <ele>1515</ele>
        <time>2026-07-26T04:33:19+00:00</time>
      </trkpt>
      <trkpt lat="-28.16586" lon="-65.88758">
        <ele>1515</ele>
        <time>2026-07-26T04:33:22+00:00</time>
      </trkpt>
      <trkpt lat="-28.16582" lon="-65.88759">
        <ele>1515</ele>
        <time>2026-07-26T04:33:25+00:00</time>
      </trkpt>
      <trkpt lat="-28.1657" lon="-65.88764">
        <ele>1515</ele>
        <time>2026-07-26T04:33:28+00:00</time>
      </trkpt>
      <trkpt lat="-28.16558" lon="-65.88772">
        <ele>1515</ele>
        <time>2026-07-26T04:33:31+00:00</time>
      </trkpt>
      <trkpt lat="-28.16551" lon="-65.88775">
        <ele>1515</ele>
        <time>2026-07-26T04:33:34+00:00</time>
      </trkpt>
      <trkpt lat="-28.16539" lon="-65.88776">
        <ele>1515</ele>
        <time>2026-07-26T04:33:37+00:00</time>
      </trkpt>
      <trkpt lat="-28.16515" lon="-65.88769">
        <ele>1515</ele>
        <time>2026-07-26T04:33:40+00:00</time>
      </trkpt>
      <trkpt lat="-28.16505" lon="-65.88768">
        <ele>1515</ele>
        <time>2026-07-26T04:33:43+00:00</time>
      </trkpt>
      <trkpt lat="-28.16497" lon="-65.88768">
        <ele>1515</ele>
        <time>2026-07-26T04:33:46+00:00</time>
      </trkpt>
      <trkpt lat="-28.16486" lon="-65.88771">
        <ele>1514</ele>
        <time>2026-07-26T04:33:49+00:00</time>
      </trkpt>
      <trkpt lat="-28.16472" lon="-65.88778">
        <ele>1514</ele>
        <time>2026-07-26T04:33:52+00:00</time>
      </trkpt>
      <trkpt lat="-28.1645" lon="-65.88785">
        <ele>1515</ele>
        <time>2026-07-26T04:33:55+00:00</time>
      </trkpt>
      <trkpt lat="-28.16435" lon="-65.88789">
        <ele>1515</ele>
        <time>2026-07-26T04:33:58+00:00</time>
      </trkpt>
      <trkpt lat="-28.16425" lon="-65.88791">
        <ele>1515</ele>
        <time>2026-07-26T04:34:01+00:00</time>
      </trkpt>
      <trkpt lat="-28.16418" lon="-65.88791">
        <ele>1515</ele>
        <time>2026-07-26T04:34:04+00:00</time>
      </trkpt>
      <trkpt lat="-28.1641" lon="-65.88789">
        <ele>1515</ele>
        <time>2026-07-26T04:34:07+00:00</time>
      </trkpt>
      <trkpt lat="-28.16408" lon="-65.88787">
        <ele>1515</ele>
        <time>2026-07-26T04:34:10+00:00</time>
      </trkpt>
      <trkpt lat="-28.16393" lon="-65.88771">
        <ele>1515</ele>
        <time>2026-07-26T04:34:13+00:00</time>
      </trkpt>
      <trkpt lat="-28.16386" lon="-65.88767">
        <ele>1515</ele>
        <time>2026-07-26T04:34:16+00:00</time>
      </trkpt>
      <trkpt lat="-28.1638" lon="-65.88767">
        <ele>1515</ele>
        <time>2026-07-26T04:34:19+00:00</time>
      </trkpt>
      <trkpt lat="-28.16371" lon="-65.88767">
        <ele>1515</ele>
        <time>2026-07-26T04:34:22+00:00</time>
      </trkpt>
      <trkpt lat="-28.16357" lon="-65.88769">
        <ele>1515</ele>
        <time>2026-07-26T04:34:25+00:00</time>
      </trkpt>
      <trkpt lat="-28.16348" lon="-65.88768">
        <ele>1515</ele>
        <time>2026-07-26T04:34:28+00:00</time>
      </trkpt>
      <trkpt lat="-28.16337" lon="-65.88766">
        <ele>1515</ele>
        <time>2026-07-26T04:34:31+00:00</time>
      </trkpt>
      <trkpt lat="-28.16316" lon="-65.88765">
        <ele>1515</ele>
        <time>2026-07-26T04:34:34+00:00</time>
      </trkpt>
      <trkpt lat="-28.16306" lon="-65.88767">
        <ele>1514</ele>
        <time>2026-07-26T04:34:37+00:00</time>
      </trkpt>
      <trkpt lat="-28.16295" lon="-65.88769">
        <ele>1514</ele>
        <time>2026-07-26T04:34:40+00:00</time>
      </trkpt>
      <trkpt lat="-28.16286" lon="-65.88772">
        <ele>1514</ele>
        <time>2026-07-26T04:34:43+00:00</time>
      </trkpt>
      <trkpt lat="-28.16277" lon="-65.88776">
        <ele>1514</ele>
        <time>2026-07-26T04:34:46+00:00</time>
      </trkpt>
      <trkpt lat="-28.16267" lon="-65.88783">
        <ele>1514</ele>
        <time>2026-07-26T04:34:49+00:00</time>
      </trkpt>
      <trkpt lat="-28.16264" lon="-65.88786">
        <ele>1514</ele>
        <time>2026-07-26T04:34:52+00:00</time>
      </trkpt>
      <trkpt lat="-28.1624" lon="-65.88803">
        <ele>1514</ele>
        <time>2026-07-26T04:34:55+00:00</time>
      </trkpt>
      <trkpt lat="-28.16235" lon="-65.88805">
        <ele>1514</ele>
        <time>2026-07-26T04:34:58+00:00</time>
      </trkpt>
      <trkpt lat="-28.16229" lon="-65.88805">
        <ele>1514</ele>
        <time>2026-07-26T04:35:01+00:00</time>
      </trkpt>
      <trkpt lat="-28.16222" lon="-65.88804">
        <ele>1514</ele>
        <time>2026-07-26T04:35:04+00:00</time>
      </trkpt>
      <trkpt lat="-28.16217" lon="-65.888">
        <ele>1514</ele>
        <time>2026-07-26T04:35:07+00:00</time>
      </trkpt>
      <trkpt lat="-28.16185" lon="-65.88773">
        <ele>1514</ele>
        <time>2026-07-26T04:35:10+00:00</time>
      </trkpt>
      <trkpt lat="-28.16182" lon="-65.88772">
        <ele>1514</ele>
        <time>2026-07-26T04:35:13+00:00</time>
      </trkpt>
      <trkpt lat="-28.16182" lon="-65.88771">
        <ele>1514</ele>
        <time>2026-07-26T04:35:16+00:00</time>
      </trkpt>
      <trkpt lat="-28.16182" lon="-65.88771">
        <ele>1514</ele>
        <time>2026-07-26T04:35:19+00:00</time>
      </trkpt>
      <trkpt lat="-28.16181" lon="-65.8877">
        <ele>1514</ele>
        <time>2026-07-26T04:35:22+00:00</time>
      </trkpt>
      <trkpt lat="-28.16181" lon="-65.88767">
        <ele>1514</ele>
        <time>2026-07-26T04:35:25+00:00</time>
      </trkpt>
      <trkpt lat="-28.16176" lon="-65.88762">
        <ele>1514</ele>
        <time>2026-07-26T04:35:28+00:00</time>
      </trkpt>
      <trkpt lat="-28.16167" lon="-65.88759">
        <ele>1514</ele>
        <time>2026-07-26T04:35:31+00:00</time>
      </trkpt>
      <trkpt lat="-28.16158" lon="-65.88759">
        <ele>1514</ele>
        <time>2026-07-26T04:35:34+00:00</time>
      </trkpt>
      <trkpt lat="-28.16148" lon="-65.88762">
        <ele>1515</ele>
        <time>2026-07-26T04:35:37+00:00</time>
      </trkpt>
      <trkpt lat="-28.16127" lon="-65.88765">
        <ele>1515</ele>
        <time>2026-07-26T04:35:40+00:00</time>
      </trkpt>
      <trkpt lat="-28.16114" lon="-65.88768">
        <ele>1515</ele>
        <time>2026-07-26T04:35:43+00:00</time>
      </trkpt>
      <trkpt lat="-28.16092" lon="-65.88769">
        <ele>1516</ele>
        <time>2026-07-26T04:35:46+00:00</time>
      </trkpt>
      <trkpt lat="-28.16064" lon="-65.88774">
        <ele>1517</ele>
        <time>2026-07-26T04:35:49+00:00</time>
      </trkpt>
      <trkpt lat="-28.1605" lon="-65.88774">
        <ele>1517</ele>
        <time>2026-07-26T04:35:52+00:00</time>
      </trkpt>
      <trkpt lat="-28.16032" lon="-65.88777">
        <ele>1518</ele>
        <time>2026-07-26T04:35:55+00:00</time>
      </trkpt>
      <trkpt lat="-28.16018" lon="-65.8878">
        <ele>1518</ele>
        <time>2026-07-26T04:35:58+00:00</time>
      </trkpt>
      <trkpt lat="-28.16001" lon="-65.8878">
        <ele>1519</ele>
        <time>2026-07-26T04:36:01+00:00</time>
      </trkpt>
      <trkpt lat="-28.15988" lon="-65.88783">
        <ele>1520</ele>
        <time>2026-07-26T04:36:04+00:00</time>
      </trkpt>
      <trkpt lat="-28.15973" lon="-65.88783">
        <ele>1521</ele>
        <time>2026-07-26T04:36:07+00:00</time>
      </trkpt>
      <trkpt lat="-28.15962" lon="-65.88785">
        <ele>1521</ele>
        <time>2026-07-26T04:36:10+00:00</time>
      </trkpt>
      <trkpt lat="-28.15958" lon="-65.88787">
        <ele>1522</ele>
        <time>2026-07-26T04:36:13+00:00</time>
      </trkpt>
      <trkpt lat="-28.15934" lon="-65.88792">
        <ele>1523</ele>
        <time>2026-07-26T04:36:16+00:00</time>
      </trkpt>
      <trkpt lat="-28.15917" lon="-65.88797">
        <ele>1524</ele>
        <time>2026-07-26T04:36:19+00:00</time>
      </trkpt>
      <trkpt lat="-28.15913" lon="-65.888">
        <ele>1524</ele>
        <time>2026-07-26T04:36:22+00:00</time>
      </trkpt>
      <trkpt lat="-28.15908" lon="-65.88802">
        <ele>1525</ele>
        <time>2026-07-26T04:36:25+00:00</time>
      </trkpt>
      <trkpt lat="-28.15893" lon="-65.88811">
        <ele>1525</ele>
        <time>2026-07-26T04:36:28+00:00</time>
      </trkpt>
      <trkpt lat="-28.15885" lon="-65.88815">
        <ele>1525</ele>
        <time>2026-07-26T04:36:31+00:00</time>
      </trkpt>
      <trkpt lat="-28.15874" lon="-65.88818">
        <ele>1525</ele>
        <time>2026-07-26T04:36:34+00:00</time>
      </trkpt>
      <trkpt lat="-28.1586" lon="-65.88823">
        <ele>1525</ele>
        <time>2026-07-26T04:36:37+00:00</time>
      </trkpt>
      <trkpt lat="-28.15851" lon="-65.88827">
        <ele>1525</ele>
        <time>2026-07-26T04:36:40+00:00</time>
      </trkpt>
      <trkpt lat="-28.15842" lon="-65.88833">
        <ele>1525</ele>
        <time>2026-07-26T04:36:43+00:00</time>
      </trkpt>
      <trkpt lat="-28.15828" lon="-65.88837">
        <ele>1526</ele>
        <time>2026-07-26T04:36:46+00:00</time>
      </trkpt>
      <trkpt lat="-28.15818" lon="-65.88842">
        <ele>1526</ele>
        <time>2026-07-26T04:36:49+00:00</time>
      </trkpt>
      <trkpt lat="-28.15814" lon="-65.88845">
        <ele>1526</ele>
        <time>2026-07-26T04:36:52+00:00</time>
      </trkpt>
      <trkpt lat="-28.15809" lon="-65.88845">
        <ele>1526</ele>
        <time>2026-07-26T04:36:55+00:00</time>
      </trkpt>
      <trkpt lat="-28.15788" lon="-65.88854">
        <ele>1526</ele>
        <time>2026-07-26T04:36:58+00:00</time>
      </trkpt>
      <trkpt lat="-28.15752" lon="-65.88871">
        <ele>1527</ele>
        <time>2026-07-26T04:37:01+00:00</time>
      </trkpt>
      <trkpt lat="-28.15748" lon="-65.88875">
        <ele>1527</ele>
        <time>2026-07-26T04:37:04+00:00</time>
      </trkpt>
      <trkpt lat="-28.15742" lon="-65.88881">
        <ele>1527</ele>
        <time>2026-07-26T04:37:07+00:00</time>
      </trkpt>
      <trkpt lat="-28.15736" lon="-65.88892">
        <ele>1527</ele>
        <time>2026-07-26T04:37:10+00:00</time>
      </trkpt>
      <trkpt lat="-28.15733" lon="-65.889">
        <ele>1527</ele>
        <time>2026-07-26T04:37:13+00:00</time>
      </trkpt>
      <trkpt lat="-28.15732" lon="-65.889">
        <ele>1527</ele>
        <time>2026-07-26T04:37:16+00:00</time>
      </trkpt>
      <trkpt lat="-28.15732" lon="-65.88902">
        <ele>1527</ele>
        <time>2026-07-26T04:37:19+00:00</time>
      </trkpt>
      <trkpt lat="-28.15733" lon="-65.88902">
        <ele>1527</ele>
        <time>2026-07-26T04:37:22+00:00</time>
      </trkpt>
      <trkpt lat="-28.15731" lon="-65.88905">
        <ele>1527</ele>
        <time>2026-07-26T04:37:25+00:00</time>
      </trkpt>
      <trkpt lat="-28.15728" lon="-65.88913">
        <ele>1527</ele>
        <time>2026-07-26T04:37:28+00:00</time>
      </trkpt>
      <trkpt lat="-28.15728" lon="-65.88918">
        <ele>1527</ele>
        <time>2026-07-26T04:37:31+00:00</time>
      </trkpt>
      <trkpt lat="-28.15727" lon="-65.88923">
        <ele>1527</ele>
        <time>2026-07-26T04:37:34+00:00</time>
      </trkpt>
      <trkpt lat="-28.15726" lon="-65.88927">
        <ele>1527</ele>
        <time>2026-07-26T04:37:37+00:00</time>
      </trkpt>
      <trkpt lat="-28.15725" lon="-65.8893">
        <ele>1527</ele>
        <time>2026-07-26T04:37:40+00:00</time>
      </trkpt>
      <trkpt lat="-28.15724" lon="-65.88936">
        <ele>1527</ele>
        <time>2026-07-26T04:37:43+00:00</time>
      </trkpt>
      <trkpt lat="-28.15722" lon="-65.88938">
        <ele>1527</ele>
        <time>2026-07-26T04:37:46+00:00</time>
      </trkpt>
      <trkpt lat="-28.15716" lon="-65.88951">
        <ele>1527</ele>
        <time>2026-07-26T04:37:49+00:00</time>
      </trkpt>
      <trkpt lat="-28.1571" lon="-65.88959">
        <ele>1527</ele>
        <time>2026-07-26T04:37:52+00:00</time>
      </trkpt>
      <trkpt lat="-28.15699" lon="-65.8897">
        <ele>1528</ele>
        <time>2026-07-26T04:37:55+00:00</time>
      </trkpt>
      <trkpt lat="-28.15691" lon="-65.88977">
        <ele>1528</ele>
        <time>2026-07-26T04:37:58+00:00</time>
      </trkpt>
      <trkpt lat="-28.1567" lon="-65.88992">
        <ele>1530</ele>
        <time>2026-07-26T04:38:01+00:00</time>
      </trkpt>
      <trkpt lat="-28.15666" lon="-65.88992">
        <ele>1530</ele>
        <time>2026-07-26T04:38:04+00:00</time>
      </trkpt>
      <trkpt lat="-28.15665" lon="-65.88994">
        <ele>1530</ele>
        <time>2026-07-26T04:38:07+00:00</time>
      </trkpt>
      <trkpt lat="-28.15665" lon="-65.88995">
        <ele>1530</ele>
        <time>2026-07-26T04:38:10+00:00</time>
      </trkpt>
      <trkpt lat="-28.15665" lon="-65.88996">
        <ele>1530</ele>
        <time>2026-07-26T04:38:13+00:00</time>
      </trkpt>
      <trkpt lat="-28.15658" lon="-65.89002">
        <ele>1531</ele>
        <time>2026-07-26T04:38:16+00:00</time>
      </trkpt>
      <trkpt lat="-28.1565" lon="-65.89007">
        <ele>1532</ele>
        <time>2026-07-26T04:38:19+00:00</time>
      </trkpt>
      <trkpt lat="-28.15647" lon="-65.8901">
        <ele>1532</ele>
        <time>2026-07-26T04:38:22+00:00</time>
      </trkpt>
      <trkpt lat="-28.15637" lon="-65.89013">
        <ele>1533</ele>
        <time>2026-07-26T04:38:25+00:00</time>
      </trkpt>
      <trkpt lat="-28.1563" lon="-65.89013">
        <ele>1533</ele>
        <time>2026-07-26T04:38:28+00:00</time>
      </trkpt>
      <trkpt lat="-28.1563" lon="-65.89011">
        <ele>1533</ele>
        <time>2026-07-26T04:38:31+00:00</time>
      </trkpt>
      <trkpt lat="-28.15629" lon="-65.89011">
        <ele>1533</ele>
        <time>2026-07-26T04:38:34+00:00</time>
      </trkpt>
      <trkpt lat="-28.15625" lon="-65.89012">
        <ele>1534</ele>
        <time>2026-07-26T04:38:37+00:00</time>
      </trkpt>
      <trkpt lat="-28.15625" lon="-65.89013">
        <ele>1534</ele>
        <time>2026-07-26T04:38:40+00:00</time>
      </trkpt>
      <trkpt lat="-28.15626" lon="-65.89013">
        <ele>1534</ele>
        <time>2026-07-26T04:38:43+00:00</time>
      </trkpt>
      <trkpt lat="-28.15627" lon="-65.89012">
        <ele>1534</ele>
        <time>2026-07-26T04:38:46+00:00</time>
      </trkpt>
      <trkpt lat="-28.15626" lon="-65.89013">
        <ele>1534</ele>
        <time>2026-07-26T04:38:49+00:00</time>
      </trkpt>
      <trkpt lat="-28.15626" lon="-65.89012">
        <ele>1534</ele>
        <time>2026-07-26T04:38:52+00:00</time>
      </trkpt>
      <trkpt lat="-28.15626" lon="-65.89013">
        <ele>1534</ele>
        <time>2026-07-26T04:38:55+00:00</time>
      </trkpt>
      <trkpt lat="-28.15626" lon="-65.89012">
        <ele>1534</ele>
        <time>2026-07-26T04:38:58+00:00</time>
      </trkpt>
      <trkpt lat="-28.15623" lon="-65.89013">
        <ele>1534</ele>
        <time>2026-07-26T04:39:01+00:00</time>
      </trkpt>
      <trkpt lat="-28.15617" lon="-65.89012">
        <ele>1534</ele>
        <time>2026-07-26T04:39:04+00:00</time>
      </trkpt>
      <trkpt lat="-28.15614" lon="-65.89014">
        <ele>1534</ele>
        <time>2026-07-26T04:39:07+00:00</time>
      </trkpt>
      <trkpt lat="-28.15615" lon="-65.89016">
        <ele>1534</ele>
        <time>2026-07-26T04:39:10+00:00</time>
      </trkpt>
      <trkpt lat="-28.15615" lon="-65.89017">
        <ele>1534</ele>
        <time>2026-07-26T04:39:13+00:00</time>
      </trkpt>
      <trkpt lat="-28.15611" lon="-65.89017">
        <ele>1534</ele>
        <time>2026-07-26T04:39:16+00:00</time>
      </trkpt>
      <trkpt lat="-28.156" lon="-65.89012">
        <ele>1535</ele>
        <time>2026-07-26T04:39:19+00:00</time>
      </trkpt>
      <trkpt lat="-28.15597" lon="-65.89011">
        <ele>1535</ele>
        <time>2026-07-26T04:39:22+00:00</time>
      </trkpt>
      <trkpt lat="-28.15595" lon="-65.8901">
        <ele>1535</ele>
        <time>2026-07-26T04:39:25+00:00</time>
      </trkpt>
      <trkpt lat="-28.15591" lon="-65.89011">
        <ele>1535</ele>
        <time>2026-07-26T04:39:28+00:00</time>
      </trkpt>
      <trkpt lat="-28.15586" lon="-65.89009">
        <ele>1535</ele>
        <time>2026-07-26T04:39:31+00:00</time>
      </trkpt>
      <trkpt lat="-28.15583" lon="-65.8901">
        <ele>1535</ele>
        <time>2026-07-26T04:39:34+00:00</time>
      </trkpt>
      <trkpt lat="-28.15578" lon="-65.89009">
        <ele>1536</ele>
        <time>2026-07-26T04:39:37+00:00</time>
      </trkpt>
      <trkpt lat="-28.15572" lon="-65.89007">
        <ele>1536</ele>
        <time>2026-07-26T04:39:40+00:00</time>
      </trkpt>
      <trkpt lat="-28.15568" lon="-65.89004">
        <ele>1537</ele>
        <time>2026-07-26T04:39:43+00:00</time>
      </trkpt>
      <trkpt lat="-28.15565" lon="-65.89003">
        <ele>1537</ele>
        <time>2026-07-26T04:39:46+00:00</time>
      </trkpt>
      <trkpt lat="-28.15563" lon="-65.89001">
        <ele>1537</ele>
        <time>2026-07-26T04:39:49+00:00</time>
      </trkpt>
      <trkpt lat="-28.15563" lon="-65.89002">
        <ele>1537</ele>
        <time>2026-07-26T04:39:52+00:00</time>
      </trkpt>
      <trkpt lat="-28.15564" lon="-65.89003">
        <ele>1537</ele>
        <time>2026-07-26T04:39:55+00:00</time>
      </trkpt>
      <trkpt lat="-28.15561" lon="-65.89002">
        <ele>1538</ele>
        <time>2026-07-26T04:39:58+00:00</time>
      </trkpt>
      <trkpt lat="-28.1556" lon="-65.89001">
        <ele>1538</ele>
        <time>2026-07-26T04:40:01+00:00</time>
      </trkpt>
      <trkpt lat="-28.1556" lon="-65.89001">
        <ele>1538</ele>
        <time>2026-07-26T04:40:04+00:00</time>
      </trkpt>
      <trkpt lat="-28.15559" lon="-65.89">
        <ele>1538</ele>
        <time>2026-07-26T04:40:07+00:00</time>
      </trkpt>
      <trkpt lat="-28.15556" lon="-65.88998">
        <ele>1538</ele>
        <time>2026-07-26T04:40:10+00:00</time>
      </trkpt>
      <trkpt lat="-28.15562" lon="-65.89001">
        <ele>1539</ele>
        <time>2026-07-26T04:40:13+00:00</time>
      </trkpt>
      <trkpt lat="-28.15559" lon="-65.88999">
        <ele>1539</ele>
        <time>2026-07-26T04:40:16+00:00</time>
      </trkpt>
      <trkpt lat="-28.15552" lon="-65.88998">
        <ele>1540</ele>
        <time>2026-07-26T04:40:19+00:00</time>
      </trkpt>
      <trkpt lat="-28.15535" lon="-65.88988">
        <ele>1541</ele>
        <time>2026-07-26T04:40:22+00:00</time>
      </trkpt>
      <trkpt lat="-28.15534" lon="-65.88989">
        <ele>1541</ele>
        <time>2026-07-26T04:40:25+00:00</time>
      </trkpt>
      <trkpt lat="-28.15535" lon="-65.8899">
        <ele>1541</ele>
        <time>2026-07-26T04:40:28+00:00</time>
      </trkpt>
      <trkpt lat="-28.15536" lon="-65.8899">
        <ele>1541</ele>
        <time>2026-07-26T04:40:31+00:00</time>
      </trkpt>
      <trkpt lat="-28.15535" lon="-65.88993">
        <ele>1541</ele>
        <time>2026-07-26T04:40:34+00:00</time>
      </trkpt>
      <trkpt lat="-28.15534" lon="-65.88989">
        <ele>1542</ele>
        <time>2026-07-26T04:40:37+00:00</time>
      </trkpt>
      <trkpt lat="-28.15531" lon="-65.88987">
        <ele>1542</ele>
        <time>2026-07-26T04:40:40+00:00</time>
      </trkpt>
      <trkpt lat="-28.15527" lon="-65.88987">
        <ele>1542</ele>
        <time>2026-07-26T04:40:43+00:00</time>
      </trkpt>
      <trkpt lat="-28.15524" lon="-65.88989">
        <ele>1542</ele>
        <time>2026-07-26T04:40:46+00:00</time>
      </trkpt>
      <trkpt lat="-28.15523" lon="-65.88989">
        <ele>1542</ele>
        <time>2026-07-26T04:40:49+00:00</time>
      </trkpt>
      <trkpt lat="-28.15517" lon="-65.88986">
        <ele>1543</ele>
        <time>2026-07-26T04:40:52+00:00</time>
      </trkpt>
      <trkpt lat="-28.15513" lon="-65.88982">
        <ele>1543</ele>
        <time>2026-07-26T04:40:55+00:00</time>
      </trkpt>
      <trkpt lat="-28.155" lon="-65.8898">
        <ele>1544</ele>
        <time>2026-07-26T04:40:58+00:00</time>
      </trkpt>
      <trkpt lat="-28.15493" lon="-65.88983">
        <ele>1544</ele>
        <time>2026-07-26T04:41:01+00:00</time>
      </trkpt>
      <trkpt lat="-28.15491" lon="-65.88984">
        <ele>1544</ele>
        <time>2026-07-26T04:41:04+00:00</time>
      </trkpt>
      <trkpt lat="-28.15479" lon="-65.88989">
        <ele>1545</ele>
        <time>2026-07-26T04:41:07+00:00</time>
      </trkpt>
      <trkpt lat="-28.15471" lon="-65.88993">
        <ele>1545</ele>
        <time>2026-07-26T04:41:10+00:00</time>
      </trkpt>
      <trkpt lat="-28.15461" lon="-65.89">
        <ele>1546</ele>
        <time>2026-07-26T04:41:13+00:00</time>
      </trkpt>
      <trkpt lat="-28.15457" lon="-65.89004">
        <ele>1546</ele>
        <time>2026-07-26T04:41:16+00:00</time>
      </trkpt>
      <trkpt lat="-28.15456" lon="-65.89007">
        <ele>1546</ele>
        <time>2026-07-26T04:41:19+00:00</time>
      </trkpt>
      <trkpt lat="-28.15457" lon="-65.89009">
        <ele>1546</ele>
        <time>2026-07-26T04:41:22+00:00</time>
      </trkpt>
      <trkpt lat="-28.15456" lon="-65.89007">
        <ele>1546</ele>
        <time>2026-07-26T04:41:25+00:00</time>
      </trkpt>
      <trkpt lat="-28.15454" lon="-65.89008">
        <ele>1546</ele>
        <time>2026-07-26T04:41:28+00:00</time>
      </trkpt>
      <trkpt lat="-28.15451" lon="-65.89008">
        <ele>1547</ele>
        <time>2026-07-26T04:41:31+00:00</time>
      </trkpt>
      <trkpt lat="-28.15454" lon="-65.89009">
        <ele>1547</ele>
        <time>2026-07-26T04:41:34+00:00</time>
      </trkpt>
      <trkpt lat="-28.15455" lon="-65.89009">
        <ele>1547</ele>
        <time>2026-07-26T04:41:37+00:00</time>
      </trkpt>
      <trkpt lat="-28.15453" lon="-65.89008">
        <ele>1547</ele>
        <time>2026-07-26T04:41:40+00:00</time>
      </trkpt>
      <trkpt lat="-28.15451" lon="-65.8901">
        <ele>1547</ele>
        <time>2026-07-26T04:41:43+00:00</time>
      </trkpt>
      <trkpt lat="-28.15442" lon="-65.89011">
        <ele>1547</ele>
        <time>2026-07-26T04:41:46+00:00</time>
      </trkpt>
      <trkpt lat="-28.15436" lon="-65.89012">
        <ele>1548</ele>
        <time>2026-07-26T04:41:49+00:00</time>
      </trkpt>
      <trkpt lat="-28.15433" lon="-65.89011">
        <ele>1548</ele>
        <time>2026-07-26T04:41:52+00:00</time>
      </trkpt>
      <trkpt lat="-28.15415" lon="-65.89004">
        <ele>1548</ele>
        <time>2026-07-26T04:41:55+00:00</time>
      </trkpt>
      <trkpt lat="-28.15413" lon="-65.89004">
        <ele>1548</ele>
        <time>2026-07-26T04:41:58+00:00</time>
      </trkpt>
      <trkpt lat="-28.15406" lon="-65.89002">
        <ele>1549</ele>
        <time>2026-07-26T04:42:01+00:00</time>
      </trkpt>
      <trkpt lat="-28.15401" lon="-65.89002">
        <ele>1549</ele>
        <time>2026-07-26T04:42:04+00:00</time>
      </trkpt>
      <trkpt lat="-28.15394" lon="-65.89003">
        <ele>1549</ele>
        <time>2026-07-26T04:42:07+00:00</time>
      </trkpt>
      <trkpt lat="-28.15393" lon="-65.89003">
        <ele>1549</ele>
        <time>2026-07-26T04:42:10+00:00</time>
      </trkpt>
      <trkpt lat="-28.15392" lon="-65.89002">
        <ele>1549</ele>
        <time>2026-07-26T04:42:13+00:00</time>
      </trkpt>
      <trkpt lat="-28.1539" lon="-65.89003">
        <ele>1550</ele>
        <time>2026-07-26T04:42:16+00:00</time>
      </trkpt>
      <trkpt lat="-28.15388" lon="-65.89006">
        <ele>1550</ele>
        <time>2026-07-26T04:42:19+00:00</time>
      </trkpt>
      <trkpt lat="-28.15385" lon="-65.89005">
        <ele>1550</ele>
        <time>2026-07-26T04:42:22+00:00</time>
      </trkpt>
      <trkpt lat="-28.15383" lon="-65.89004">
        <ele>1550</ele>
        <time>2026-07-26T04:42:25+00:00</time>
      </trkpt>
      <trkpt lat="-28.15382" lon="-65.89006">
        <ele>1550</ele>
        <time>2026-07-26T04:42:28+00:00</time>
      </trkpt>
      <trkpt lat="-28.15375" lon="-65.89008">
        <ele>1551</ele>
        <time>2026-07-26T04:42:31+00:00</time>
      </trkpt>
      <trkpt lat="-28.1537" lon="-65.89008">
        <ele>1551</ele>
        <time>2026-07-26T04:42:34+00:00</time>
      </trkpt>
      <trkpt lat="-28.15363" lon="-65.8901">
        <ele>1551</ele>
        <time>2026-07-26T04:42:37+00:00</time>
      </trkpt>
      <trkpt lat="-28.1536" lon="-65.89008">
        <ele>1551</ele>
        <time>2026-07-26T04:42:40+00:00</time>
      </trkpt>
      <trkpt lat="-28.15359" lon="-65.89009">
        <ele>1551</ele>
        <time>2026-07-26T04:42:43+00:00</time>
      </trkpt>
      <trkpt lat="-28.15355" lon="-65.8901">
        <ele>1551</ele>
        <time>2026-07-26T04:42:46+00:00</time>
      </trkpt>
      <trkpt lat="-28.15347" lon="-65.8901">
        <ele>1551</ele>
        <time>2026-07-26T04:42:49+00:00</time>
      </trkpt>
      <trkpt lat="-28.15345" lon="-65.89012">
        <ele>1551</ele>
        <time>2026-07-26T04:42:52+00:00</time>
      </trkpt>
      <trkpt lat="-28.15344" lon="-65.89012">
        <ele>1551</ele>
        <time>2026-07-26T04:42:55+00:00</time>
      </trkpt>
      <trkpt lat="-28.15343" lon="-65.89012">
        <ele>1551</ele>
        <time>2026-07-26T04:42:58+00:00</time>
      </trkpt>
      <trkpt lat="-28.15339" lon="-65.89012">
        <ele>1551</ele>
        <time>2026-07-26T04:43:01+00:00</time>
      </trkpt>
      <trkpt lat="-28.15328" lon="-65.89015">
        <ele>1551</ele>
        <time>2026-07-26T04:43:04+00:00</time>
      </trkpt>
      <trkpt lat="-28.15327" lon="-65.89016">
        <ele>1551</ele>
        <time>2026-07-26T04:43:07+00:00</time>
      </trkpt>
      <trkpt lat="-28.15324" lon="-65.89016">
        <ele>1551</ele>
        <time>2026-07-26T04:43:10+00:00</time>
      </trkpt>
      <trkpt lat="-28.15317" lon="-65.89017">
        <ele>1551</ele>
        <time>2026-07-26T04:43:13+00:00</time>
      </trkpt>
      <trkpt lat="-28.15314" lon="-65.89017">
        <ele>1551</ele>
        <time>2026-07-26T04:43:16+00:00</time>
      </trkpt>
      <trkpt lat="-28.15312" lon="-65.89019">
        <ele>1551</ele>
        <time>2026-07-26T04:43:19+00:00</time>
      </trkpt>
      <trkpt lat="-28.15302" lon="-65.89021">
        <ele>1551</ele>
        <time>2026-07-26T04:43:22+00:00</time>
      </trkpt>
      <trkpt lat="-28.15299" lon="-65.89023">
        <ele>1551</ele>
        <time>2026-07-26T04:43:25+00:00</time>
      </trkpt>
      <trkpt lat="-28.15293" lon="-65.89024">
        <ele>1551</ele>
        <time>2026-07-26T04:43:28+00:00</time>
      </trkpt>
      <trkpt lat="-28.15284" lon="-65.89021">
        <ele>1551</ele>
        <time>2026-07-26T04:43:31+00:00</time>
      </trkpt>
      <trkpt lat="-28.1528" lon="-65.89024">
        <ele>1551</ele>
        <time>2026-07-26T04:43:34+00:00</time>
      </trkpt>
      <trkpt lat="-28.15277" lon="-65.89024">
        <ele>1551</ele>
        <time>2026-07-26T04:43:37+00:00</time>
      </trkpt>
      <trkpt lat="-28.15274" lon="-65.89023">
        <ele>1551</ele>
        <time>2026-07-26T04:43:40+00:00</time>
      </trkpt>
      <trkpt lat="-28.15272" lon="-65.89025">
        <ele>1551</ele>
        <time>2026-07-26T04:43:43+00:00</time>
      </trkpt>
      <trkpt lat="-28.15272" lon="-65.89026">
        <ele>1551</ele>
        <time>2026-07-26T04:43:46+00:00</time>
      </trkpt>
      <trkpt lat="-28.15273" lon="-65.89026">
        <ele>1551</ele>
        <time>2026-07-26T04:43:49+00:00</time>
      </trkpt>
      <trkpt lat="-28.15276" lon="-65.89024">
        <ele>1551</ele>
        <time>2026-07-26T04:43:52+00:00</time>
      </trkpt>
      <trkpt lat="-28.15281" lon="-65.89017">
        <ele>1551</ele>
        <time>2026-07-26T04:43:55+00:00</time>
      </trkpt>
      <trkpt lat="-28.1528" lon="-65.89015">
        <ele>1551</ele>
        <time>2026-07-26T04:43:58+00:00</time>
      </trkpt>
      <trkpt lat="-28.15278" lon="-65.89017">
        <ele>1551</ele>
        <time>2026-07-26T04:44:01+00:00</time>
      </trkpt>
      <trkpt lat="-28.15276" lon="-65.89024">
        <ele>1551</ele>
        <time>2026-07-26T04:44:04+00:00</time>
      </trkpt>
      <trkpt lat="-28.15274" lon="-65.89025">
        <ele>1551</ele>
        <time>2026-07-26T04:44:07+00:00</time>
      </trkpt>
      <trkpt lat="-28.15261" lon="-65.89034">
        <ele>1551</ele>
        <time>2026-07-26T04:44:10+00:00</time>
      </trkpt>
      <trkpt lat="-28.1526" lon="-65.89035">
        <ele>1551</ele>
        <time>2026-07-26T04:44:13+00:00</time>
      </trkpt>
      <trkpt lat="-28.15261" lon="-65.89038">
        <ele>1551</ele>
        <time>2026-07-26T04:44:16+00:00</time>
      </trkpt>
      <trkpt lat="-28.15258" lon="-65.89039">
        <ele>1551</ele>
        <time>2026-07-26T04:44:19+00:00</time>
      </trkpt>
      <trkpt lat="-28.15256" lon="-65.89045">
        <ele>1551</ele>
        <time>2026-07-26T04:44:22+00:00</time>
      </trkpt>
      <trkpt lat="-28.15246" lon="-65.89043">
        <ele>1551</ele>
        <time>2026-07-26T04:44:25+00:00</time>
      </trkpt>
      <trkpt lat="-28.15233" lon="-65.89047">
        <ele>1552</ele>
        <time>2026-07-26T04:44:28+00:00</time>
      </trkpt>
      <trkpt lat="-28.15224" lon="-65.89048">
        <ele>1552</ele>
        <time>2026-07-26T04:44:31+00:00</time>
      </trkpt>
      <trkpt lat="-28.15215" lon="-65.89051">
        <ele>1553</ele>
        <time>2026-07-26T04:44:34+00:00</time>
      </trkpt>
      <trkpt lat="-28.15203" lon="-65.89053">
        <ele>1554</ele>
        <time>2026-07-26T04:44:37+00:00</time>
      </trkpt>
      <trkpt lat="-28.15193" lon="-65.89057">
        <ele>1555</ele>
        <time>2026-07-26T04:44:40+00:00</time>
      </trkpt>
      <trkpt lat="-28.15177" lon="-65.89061">
        <ele>1556</ele>
        <time>2026-07-26T04:44:43+00:00</time>
      </trkpt>
      <trkpt lat="-28.15172" lon="-65.89064">
        <ele>1556</ele>
        <time>2026-07-26T04:44:46+00:00</time>
      </trkpt>
      <trkpt lat="-28.15172" lon="-65.89065">
        <ele>1556</ele>
        <time>2026-07-26T04:44:49+00:00</time>
      </trkpt>
      <trkpt lat="-28.15173" lon="-65.89067">
        <ele>1557</ele>
        <time>2026-07-26T04:44:52+00:00</time>
      </trkpt>
      <trkpt lat="-28.15175" lon="-65.89066">
        <ele>1557</ele>
        <time>2026-07-26T04:44:55+00:00</time>
      </trkpt>
      <trkpt lat="-28.15175" lon="-65.89065">
        <ele>1557</ele>
        <time>2026-07-26T04:44:58+00:00</time>
      </trkpt>
      <trkpt lat="-28.15176" lon="-65.89066">
        <ele>1557</ele>
        <time>2026-07-26T04:45:01+00:00</time>
      </trkpt>
      <trkpt lat="-28.15175" lon="-65.89066">
        <ele>1557</ele>
        <time>2026-07-26T04:45:04+00:00</time>
      </trkpt>
      <trkpt lat="-28.15178" lon="-65.89068">
        <ele>1557</ele>
        <time>2026-07-26T04:45:07+00:00</time>
      </trkpt>
      <trkpt lat="-28.15178" lon="-65.89066">
        <ele>1557</ele>
        <time>2026-07-26T04:45:10+00:00</time>
      </trkpt>
      <trkpt lat="-28.15178" lon="-65.89066">
        <ele>1558</ele>
        <time>2026-07-26T04:45:13+00:00</time>
      </trkpt>
      <trkpt lat="-28.15178" lon="-65.89065">
        <ele>1558</ele>
        <time>2026-07-26T04:45:16+00:00</time>
      </trkpt>
      <trkpt lat="-28.15176" lon="-65.89063">
        <ele>1558</ele>
        <time>2026-07-26T04:45:19+00:00</time>
      </trkpt>
      <trkpt lat="-28.15169" lon="-65.89063">
        <ele>1558</ele>
        <time>2026-07-26T04:45:22+00:00</time>
      </trkpt>
      <trkpt lat="-28.15153" lon="-65.89072">
        <ele>1559</ele>
        <time>2026-07-26T04:45:25+00:00</time>
      </trkpt>
      <trkpt lat="-28.15152" lon="-65.89074">
        <ele>1559</ele>
        <time>2026-07-26T04:45:28+00:00</time>
      </trkpt>
      <trkpt lat="-28.15141" lon="-65.8908">
        <ele>1560</ele>
        <time>2026-07-26T04:45:31+00:00</time>
      </trkpt>
      <trkpt lat="-28.15137" lon="-65.8908">
        <ele>1560</ele>
        <time>2026-07-26T04:45:34+00:00</time>
      </trkpt>
      <trkpt lat="-28.15136" lon="-65.89082">
        <ele>1560</ele>
        <time>2026-07-26T04:45:37+00:00</time>
      </trkpt>
      <trkpt lat="-28.15134" lon="-65.89082">
        <ele>1561</ele>
        <time>2026-07-26T04:45:40+00:00</time>
      </trkpt>
      <trkpt lat="-28.15128" lon="-65.89079">
        <ele>1561</ele>
        <time>2026-07-26T04:45:43+00:00</time>
      </trkpt>
      <trkpt lat="-28.15126" lon="-65.89077">
        <ele>1561</ele>
        <time>2026-07-26T04:45:46+00:00</time>
      </trkpt>
      <trkpt lat="-28.1513" lon="-65.89073">
        <ele>1561</ele>
        <time>2026-07-26T04:45:49+00:00</time>
      </trkpt>
      <trkpt lat="-28.1513" lon="-65.89072">
        <ele>1562</ele>
        <time>2026-07-26T04:45:52+00:00</time>
      </trkpt>
      <trkpt lat="-28.15128" lon="-65.8907">
        <ele>1562</ele>
        <time>2026-07-26T04:45:55+00:00</time>
      </trkpt>
      <trkpt lat="-28.15128" lon="-65.89068">
        <ele>1562</ele>
        <time>2026-07-26T04:45:58+00:00</time>
      </trkpt>
      <trkpt lat="-28.15129" lon="-65.89065">
        <ele>1562</ele>
        <time>2026-07-26T04:46:01+00:00</time>
      </trkpt>
      <trkpt lat="-28.15138" lon="-65.89056">
        <ele>1562</ele>
        <time>2026-07-26T04:46:04+00:00</time>
      </trkpt>
      <trkpt lat="-28.15142" lon="-65.8905">
        <ele>1563</ele>
        <time>2026-07-26T04:46:07+00:00</time>
      </trkpt>
      <trkpt lat="-28.15157" lon="-65.89034">
        <ele>1563</ele>
        <time>2026-07-26T04:46:10+00:00</time>
      </trkpt>
      <trkpt lat="-28.15165" lon="-65.89029">
        <ele>1564</ele>
        <time>2026-07-26T04:46:13+00:00</time>
      </trkpt>
      <trkpt lat="-28.15168" lon="-65.89026">
        <ele>1564</ele>
        <time>2026-07-26T04:46:16+00:00</time>
      </trkpt>
      <trkpt lat="-28.15173" lon="-65.8902">
        <ele>1564</ele>
        <time>2026-07-26T04:46:19+00:00</time>
      </trkpt>
      <trkpt lat="-28.15176" lon="-65.89016">
        <ele>1564</ele>
        <time>2026-07-26T04:46:22+00:00</time>
      </trkpt>
      <trkpt lat="-28.15182" lon="-65.8901">
        <ele>1565</ele>
        <time>2026-07-26T04:46:25+00:00</time>
      </trkpt>
      <trkpt lat="-28.15185" lon="-65.89009">
        <ele>1565</ele>
        <time>2026-07-26T04:46:28+00:00</time>
      </trkpt>
      <trkpt lat="-28.1518" lon="-65.89011">
        <ele>1565</ele>
        <time>2026-07-26T04:46:31+00:00</time>
      </trkpt>
      <trkpt lat="-28.15179" lon="-65.89011">
        <ele>1565</ele>
        <time>2026-07-26T04:46:34+00:00</time>
      </trkpt>
      <trkpt lat="-28.15179" lon="-65.89012">
        <ele>1565</ele>
        <time>2026-07-26T04:46:37+00:00</time>
      </trkpt>
      <trkpt lat="-28.15181" lon="-65.89011">
        <ele>1566</ele>
        <time>2026-07-26T04:46:40+00:00</time>
      </trkpt>
      <trkpt lat="-28.1518" lon="-65.8901">
        <ele>1566</ele>
        <time>2026-07-26T04:46:43+00:00</time>
      </trkpt>
      <trkpt lat="-28.15181" lon="-65.89009">
        <ele>1566</ele>
        <time>2026-07-26T04:46:46+00:00</time>
      </trkpt>
      <trkpt lat="-28.15188" lon="-65.89005">
        <ele>1566</ele>
        <time>2026-07-26T04:46:49+00:00</time>
      </trkpt>
      <trkpt lat="-28.15192" lon="-65.89004">
        <ele>1566</ele>
        <time>2026-07-26T04:46:52+00:00</time>
      </trkpt>
      <trkpt lat="-28.15195" lon="-65.89005">
        <ele>1567</ele>
        <time>2026-07-26T04:46:55+00:00</time>
      </trkpt>
      <trkpt lat="-28.15195" lon="-65.89006">
        <ele>1567</ele>
        <time>2026-07-26T04:46:58+00:00</time>
      </trkpt>
      <trkpt lat="-28.15195" lon="-65.89008">
        <ele>1567</ele>
        <time>2026-07-26T04:47:01+00:00</time>
      </trkpt>
      <trkpt lat="-28.15194" lon="-65.89007">
        <ele>1567</ele>
        <time>2026-07-26T04:47:04+00:00</time>
      </trkpt>
      <trkpt lat="-28.15196" lon="-65.89004">
        <ele>1567</ele>
        <time>2026-07-26T04:47:07+00:00</time>
      </trkpt>
      <trkpt lat="-28.15198" lon="-65.89004">
        <ele>1567</ele>
        <time>2026-07-26T04:47:10+00:00</time>
      </trkpt>
      <trkpt lat="-28.15203" lon="-65.89002">
        <ele>1567</ele>
        <time>2026-07-26T04:47:13+00:00</time>
      </trkpt>
      <trkpt lat="-28.1521" lon="-65.88984">
        <ele>1568</ele>
        <time>2026-07-26T04:47:16+00:00</time>
      </trkpt>
      <trkpt lat="-28.15213" lon="-65.88982">
        <ele>1568</ele>
        <time>2026-07-26T04:47:19+00:00</time>
      </trkpt>
      <trkpt lat="-28.15218" lon="-65.88971">
        <ele>1569</ele>
        <time>2026-07-26T04:47:22+00:00</time>
      </trkpt>
      <trkpt lat="-28.1522" lon="-65.88969">
        <ele>1569</ele>
        <time>2026-07-26T04:47:25+00:00</time>
      </trkpt>
      <trkpt lat="-28.15222" lon="-65.88965">
        <ele>1569</ele>
        <time>2026-07-26T04:47:28+00:00</time>
      </trkpt>
      <trkpt lat="-28.15228" lon="-65.8896">
        <ele>1570</ele>
        <time>2026-07-26T04:47:31+00:00</time>
      </trkpt>
      <trkpt lat="-28.15232" lon="-65.88952">
        <ele>1570</ele>
        <time>2026-07-26T04:47:34+00:00</time>
      </trkpt>
      <trkpt lat="-28.15233" lon="-65.88949">
        <ele>1570</ele>
        <time>2026-07-26T04:47:37+00:00</time>
      </trkpt>
      <trkpt lat="-28.15234" lon="-65.88946">
        <ele>1571</ele>
        <time>2026-07-26T04:47:40+00:00</time>
      </trkpt>
      <trkpt lat="-28.15231" lon="-65.88941">
        <ele>1571</ele>
        <time>2026-07-26T04:47:43+00:00</time>
      </trkpt>
      <trkpt lat="-28.15227" lon="-65.88938">
        <ele>1571</ele>
        <time>2026-07-26T04:47:46+00:00</time>
      </trkpt>
      <trkpt lat="-28.15222" lon="-65.88939">
        <ele>1572</ele>
        <time>2026-07-26T04:47:49+00:00</time>
      </trkpt>
      <trkpt lat="-28.15217" lon="-65.88943">
        <ele>1572</ele>
        <time>2026-07-26T04:47:52+00:00</time>
      </trkpt>
      <trkpt lat="-28.15215" lon="-65.88946">
        <ele>1573</ele>
        <time>2026-07-26T04:47:55+00:00</time>
      </trkpt>
      <trkpt lat="-28.1521" lon="-65.88951">
        <ele>1573</ele>
        <time>2026-07-26T04:47:58+00:00</time>
      </trkpt>
      <trkpt lat="-28.15207" lon="-65.88951">
        <ele>1573</ele>
        <time>2026-07-26T04:48:01+00:00</time>
      </trkpt>
      <trkpt lat="-28.15204" lon="-65.88956">
        <ele>1574</ele>
        <time>2026-07-26T04:48:04+00:00</time>
      </trkpt>
      <trkpt lat="-28.15189" lon="-65.88966">
        <ele>1575</ele>
        <time>2026-07-26T04:48:07+00:00</time>
      </trkpt>
      <trkpt lat="-28.15184" lon="-65.88968">
        <ele>1575</ele>
        <time>2026-07-26T04:48:10+00:00</time>
      </trkpt>
      <trkpt lat="-28.15182" lon="-65.88971">
        <ele>1575</ele>
        <time>2026-07-26T04:48:13+00:00</time>
      </trkpt>
      <trkpt lat="-28.1518" lon="-65.88971">
        <ele>1575</ele>
        <time>2026-07-26T04:48:16+00:00</time>
      </trkpt>
      <trkpt lat="-28.15184" lon="-65.88968">
        <ele>1576</ele>
        <time>2026-07-26T04:48:19+00:00</time>
      </trkpt>
      <trkpt lat="-28.1518" lon="-65.88971">
        <ele>1576</ele>
        <time>2026-07-26T04:48:22+00:00</time>
      </trkpt>
      <trkpt lat="-28.15176" lon="-65.88972">
        <ele>1576</ele>
        <time>2026-07-26T04:48:25+00:00</time>
      </trkpt>
      <trkpt lat="-28.15172" lon="-65.88973">
        <ele>1576</ele>
        <time>2026-07-26T04:48:28+00:00</time>
      </trkpt>
      <trkpt lat="-28.15169" lon="-65.88973">
        <ele>1576</ele>
        <time>2026-07-26T04:48:31+00:00</time>
      </trkpt>
      <trkpt lat="-28.15164" lon="-65.88975">
        <ele>1577</ele>
        <time>2026-07-26T04:48:34+00:00</time>
      </trkpt>
      <trkpt lat="-28.15159" lon="-65.88974">
        <ele>1577</ele>
        <time>2026-07-26T04:48:37+00:00</time>
      </trkpt>
      <trkpt lat="-28.15155" lon="-65.88974">
        <ele>1577</ele>
        <time>2026-07-26T04:48:40+00:00</time>
      </trkpt>
      <trkpt lat="-28.15153" lon="-65.88976">
        <ele>1577</ele>
        <time>2026-07-26T04:48:43+00:00</time>
      </trkpt>
      <trkpt lat="-28.15149" lon="-65.88978">
        <ele>1578</ele>
        <time>2026-07-26T04:48:46+00:00</time>
      </trkpt>
      <trkpt lat="-28.15116" lon="-65.88985">
        <ele>1579</ele>
        <time>2026-07-26T04:48:49+00:00</time>
      </trkpt>
      <trkpt lat="-28.15093" lon="-65.88989">
        <ele>1580</ele>
        <time>2026-07-26T04:48:52+00:00</time>
      </trkpt>
      <trkpt lat="-28.15078" lon="-65.88992">
        <ele>1581</ele>
        <time>2026-07-26T04:48:55+00:00</time>
      </trkpt>
      <trkpt lat="-28.1506" lon="-65.88992">
        <ele>1581</ele>
        <time>2026-07-26T04:48:58+00:00</time>
      </trkpt>
      <trkpt lat="-28.15053" lon="-65.8899">
        <ele>1582</ele>
        <time>2026-07-26T04:49:01+00:00</time>
      </trkpt>
      <trkpt lat="-28.15044" lon="-65.88985">
        <ele>1582</ele>
        <time>2026-07-26T04:49:04+00:00</time>
      </trkpt>
      <trkpt lat="-28.15038" lon="-65.8898">
        <ele>1583</ele>
        <time>2026-07-26T04:49:07+00:00</time>
      </trkpt>
      <trkpt lat="-28.15032" lon="-65.88979">
        <ele>1583</ele>
        <time>2026-07-26T04:49:10+00:00</time>
      </trkpt>
      <trkpt lat="-28.15028" lon="-65.88977">
        <ele>1584</ele>
        <time>2026-07-26T04:49:13+00:00</time>
      </trkpt>
      <trkpt lat="-28.15021" lon="-65.88969">
        <ele>1584</ele>
        <time>2026-07-26T04:49:16+00:00</time>
      </trkpt>
      <trkpt lat="-28.1502" lon="-65.88968">
        <ele>1584</ele>
        <time>2026-07-26T04:49:19+00:00</time>
      </trkpt>
      <trkpt lat="-28.15021" lon="-65.88967">
        <ele>1584</ele>
        <time>2026-07-26T04:49:22+00:00</time>
      </trkpt>
      <trkpt lat="-28.15018" lon="-65.88966">
        <ele>1585</ele>
        <time>2026-07-26T04:49:25+00:00</time>
      </trkpt>
      <trkpt lat="-28.15015" lon="-65.88964">
        <ele>1585</ele>
        <time>2026-07-26T04:49:28+00:00</time>
      </trkpt>
      <trkpt lat="-28.15013" lon="-65.88962">
        <ele>1585</ele>
        <time>2026-07-26T04:49:31+00:00</time>
      </trkpt>
      <trkpt lat="-28.1501" lon="-65.8896">
        <ele>1586</ele>
        <time>2026-07-26T04:49:34+00:00</time>
      </trkpt>
      <trkpt lat="-28.14992" lon="-65.88945">
        <ele>1588</ele>
        <time>2026-07-26T04:49:37+00:00</time>
      </trkpt>
      <trkpt lat="-28.1499" lon="-65.88944">
        <ele>1588</ele>
        <time>2026-07-26T04:49:40+00:00</time>
      </trkpt>
      <trkpt lat="-28.14991" lon="-65.88945">
        <ele>1588</ele>
        <time>2026-07-26T04:49:43+00:00</time>
      </trkpt>
      <trkpt lat="-28.14992" lon="-65.88944">
        <ele>1588</ele>
        <time>2026-07-26T04:49:46+00:00</time>
      </trkpt>
      <trkpt lat="-28.14991" lon="-65.88943">
        <ele>1588</ele>
        <time>2026-07-26T04:49:49+00:00</time>
      </trkpt>
      <trkpt lat="-28.14989" lon="-65.88941">
        <ele>1588</ele>
        <time>2026-07-26T04:49:52+00:00</time>
      </trkpt>
      <trkpt lat="-28.14987" lon="-65.88941">
        <ele>1588</ele>
        <time>2026-07-26T04:49:55+00:00</time>
      </trkpt>
      <trkpt lat="-28.14987" lon="-65.88941">
        <ele>1588</ele>
        <time>2026-07-26T04:49:58+00:00</time>
      </trkpt>
      <trkpt lat="-28.14986" lon="-65.88939">
        <ele>1588</ele>
        <time>2026-07-26T04:50:01+00:00</time>
      </trkpt>
      <trkpt lat="-28.14987" lon="-65.88939">
        <ele>1588</ele>
        <time>2026-07-26T04:50:04+00:00</time>
      </trkpt>
      <trkpt lat="-28.14983" lon="-65.88937">
        <ele>1589</ele>
        <time>2026-07-26T04:50:07+00:00</time>
      </trkpt>
      <trkpt lat="-28.14984" lon="-65.88938">
        <ele>1589</ele>
        <time>2026-07-26T04:50:10+00:00</time>
      </trkpt>
      <trkpt lat="-28.14984" lon="-65.88937">
        <ele>1589</ele>
        <time>2026-07-26T04:50:13+00:00</time>
      </trkpt>
      <trkpt lat="-28.14984" lon="-65.88937">
        <ele>1589</ele>
        <time>2026-07-26T04:50:16+00:00</time>
      </trkpt>
      <trkpt lat="-28.14984" lon="-65.88938">
        <ele>1589</ele>
        <time>2026-07-26T04:50:19+00:00</time>
      </trkpt>
      <trkpt lat="-28.1497" lon="-65.88929">
        <ele>1589</ele>
        <time>2026-07-26T04:50:22+00:00</time>
      </trkpt>
      <trkpt lat="-28.14958" lon="-65.88923">
        <ele>1589</ele>
        <time>2026-07-26T04:50:25+00:00</time>
      </trkpt>
      <trkpt lat="-28.1495" lon="-65.88918">
        <ele>1590</ele>
        <time>2026-07-26T04:50:28+00:00</time>
      </trkpt>
      <trkpt lat="-28.14941" lon="-65.88915">
        <ele>1590</ele>
        <time>2026-07-26T04:50:31+00:00</time>
      </trkpt>
      <trkpt lat="-28.14939" lon="-65.88912">
        <ele>1590</ele>
        <time>2026-07-26T04:50:34+00:00</time>
      </trkpt>
      <trkpt lat="-28.14923" lon="-65.88905">
        <ele>1590</ele>
        <time>2026-07-26T04:50:37+00:00</time>
      </trkpt>
      <trkpt lat="-28.14917" lon="-65.88901">
        <ele>1590</ele>
        <time>2026-07-26T04:50:40+00:00</time>
      </trkpt>
      <trkpt lat="-28.14912" lon="-65.88897">
        <ele>1590</ele>
        <time>2026-07-26T04:50:43+00:00</time>
      </trkpt>
      <trkpt lat="-28.14906" lon="-65.88893">
        <ele>1591</ele>
        <time>2026-07-26T04:50:46+00:00</time>
      </trkpt>
      <trkpt lat="-28.14905" lon="-65.88891">
        <ele>1591</ele>
        <time>2026-07-26T04:50:49+00:00</time>
      </trkpt>
      <trkpt lat="-28.149" lon="-65.88889">
        <ele>1591</ele>
        <time>2026-07-26T04:50:52+00:00</time>
      </trkpt>
      <trkpt lat="-28.1489" lon="-65.88885">
        <ele>1591</ele>
        <time>2026-07-26T04:50:55+00:00</time>
      </trkpt>
      <trkpt lat="-28.14887" lon="-65.88884">
        <ele>1591</ele>
        <time>2026-07-26T04:50:58+00:00</time>
      </trkpt>
      <trkpt lat="-28.14885" lon="-65.88882">
        <ele>1591</ele>
        <time>2026-07-26T04:51:01+00:00</time>
      </trkpt>
      <trkpt lat="-28.14884" lon="-65.88882">
        <ele>1591</ele>
        <time>2026-07-26T04:51:04+00:00</time>
      </trkpt>
      <trkpt lat="-28.14885" lon="-65.88884">
        <ele>1591</ele>
        <time>2026-07-26T04:51:07+00:00</time>
      </trkpt>
      <trkpt lat="-28.14883" lon="-65.88881">
        <ele>1592</ele>
        <time>2026-07-26T04:51:10+00:00</time>
      </trkpt>
      <trkpt lat="-28.14873" lon="-65.88878">
        <ele>1592</ele>
        <time>2026-07-26T04:51:13+00:00</time>
      </trkpt>
      <trkpt lat="-28.14868" lon="-65.88875">
        <ele>1592</ele>
        <time>2026-07-26T04:51:16+00:00</time>
      </trkpt>
      <trkpt lat="-28.14859" lon="-65.88868">
        <ele>1593</ele>
        <time>2026-07-26T04:51:19+00:00</time>
      </trkpt>
      <trkpt lat="-28.1486" lon="-65.88863">
        <ele>1593</ele>
        <time>2026-07-26T04:51:22+00:00</time>
      </trkpt>
      <trkpt lat="-28.14859" lon="-65.88861">
        <ele>1593</ele>
        <time>2026-07-26T04:51:25+00:00</time>
      </trkpt>
      <trkpt lat="-28.14855" lon="-65.88859">
        <ele>1593</ele>
        <time>2026-07-26T04:51:28+00:00</time>
      </trkpt>
      <trkpt lat="-28.14858" lon="-65.88857">
        <ele>1593</ele>
        <time>2026-07-26T04:51:31+00:00</time>
      </trkpt>
      <trkpt lat="-28.14858" lon="-65.88858">
        <ele>1593</ele>
        <time>2026-07-26T04:51:34+00:00</time>
      </trkpt>
      <trkpt lat="-28.14857" lon="-65.88858">
        <ele>1593</ele>
        <time>2026-07-26T04:51:37+00:00</time>
      </trkpt>
      <trkpt lat="-28.14858" lon="-65.88857">
        <ele>1593</ele>
        <time>2026-07-26T04:51:40+00:00</time>
      </trkpt>
      <trkpt lat="-28.14857" lon="-65.88855">
        <ele>1593</ele>
        <time>2026-07-26T04:51:43+00:00</time>
      </trkpt>
      <trkpt lat="-28.14855" lon="-65.88857">
        <ele>1593</ele>
        <time>2026-07-26T04:51:46+00:00</time>
      </trkpt>
      <trkpt lat="-28.14848" lon="-65.88853">
        <ele>1594</ele>
        <time>2026-07-26T04:51:49+00:00</time>
      </trkpt>
      <trkpt lat="-28.14837" lon="-65.88851">
        <ele>1594</ele>
        <time>2026-07-26T04:51:52+00:00</time>
      </trkpt>
      <trkpt lat="-28.14834" lon="-65.88848">
        <ele>1594</ele>
        <time>2026-07-26T04:51:55+00:00</time>
      </trkpt>
      <trkpt lat="-28.14832" lon="-65.88851">
        <ele>1594</ele>
        <time>2026-07-26T04:51:58+00:00</time>
      </trkpt>
      <trkpt lat="-28.14826" lon="-65.8885">
        <ele>1594</ele>
        <time>2026-07-26T04:52:01+00:00</time>
      </trkpt>
      <trkpt lat="-28.14825" lon="-65.88849">
        <ele>1594</ele>
        <time>2026-07-26T04:52:04+00:00</time>
      </trkpt>
      <trkpt lat="-28.14822" lon="-65.88849">
        <ele>1594</ele>
        <time>2026-07-26T04:52:07+00:00</time>
      </trkpt>
      <trkpt lat="-28.14819" lon="-65.88847">
        <ele>1594</ele>
        <time>2026-07-26T04:52:10+00:00</time>
      </trkpt>
      <trkpt lat="-28.14814" lon="-65.88843">
        <ele>1594</ele>
        <time>2026-07-26T04:52:13+00:00</time>
      </trkpt>
      <trkpt lat="-28.14808" lon="-65.8884">
        <ele>1593</ele>
        <time>2026-07-26T04:52:16+00:00</time>
      </trkpt>
      <trkpt lat="-28.148" lon="-65.88834">
        <ele>1593</ele>
        <time>2026-07-26T04:52:19+00:00</time>
      </trkpt>
      <trkpt lat="-28.14795" lon="-65.88831">
        <ele>1593</ele>
        <time>2026-07-26T04:52:22+00:00</time>
      </trkpt>
      <trkpt lat="-28.1479" lon="-65.88831">
        <ele>1593</ele>
        <time>2026-07-26T04:52:25+00:00</time>
      </trkpt>
      <trkpt lat="-28.14784" lon="-65.88836">
        <ele>1593</ele>
        <time>2026-07-26T04:52:28+00:00</time>
      </trkpt>
      <trkpt lat="-28.14783" lon="-65.88836">
        <ele>1593</ele>
        <time>2026-07-26T04:52:31+00:00</time>
      </trkpt>
      <trkpt lat="-28.14784" lon="-65.88835">
        <ele>1593</ele>
        <time>2026-07-26T04:52:34+00:00</time>
      </trkpt>
      <trkpt lat="-28.14783" lon="-65.88835">
        <ele>1593</ele>
        <time>2026-07-26T04:52:37+00:00</time>
      </trkpt>
      <trkpt lat="-28.14782" lon="-65.88836">
        <ele>1593</ele>
        <time>2026-07-26T04:52:40+00:00</time>
      </trkpt>
      <trkpt lat="-28.1478" lon="-65.88836">
        <ele>1593</ele>
        <time>2026-07-26T04:52:43+00:00</time>
      </trkpt>
      <trkpt lat="-28.14781" lon="-65.8884">
        <ele>1593</ele>
        <time>2026-07-26T04:52:46+00:00</time>
      </trkpt>
      <trkpt lat="-28.1478" lon="-65.88841">
        <ele>1593</ele>
        <time>2026-07-26T04:52:49+00:00</time>
      </trkpt>
      <trkpt lat="-28.1478" lon="-65.88841">
        <ele>1593</ele>
        <time>2026-07-26T04:52:52+00:00</time>
      </trkpt>
      <trkpt lat="-28.1478" lon="-65.8884">
        <ele>1593</ele>
        <time>2026-07-26T04:52:55+00:00</time>
      </trkpt>
      <trkpt lat="-28.14781" lon="-65.88841">
        <ele>1593</ele>
        <time>2026-07-26T04:52:58+00:00</time>
      </trkpt>
      <trkpt lat="-28.14782" lon="-65.8884">
        <ele>1593</ele>
        <time>2026-07-26T04:53:01+00:00</time>
      </trkpt>
      <trkpt lat="-28.14782" lon="-65.8884">
        <ele>1593</ele>
        <time>2026-07-26T04:53:04+00:00</time>
      </trkpt>
      <trkpt lat="-28.14783" lon="-65.88841">
        <ele>1593</ele>
        <time>2026-07-26T04:53:07+00:00</time>
      </trkpt>
      <trkpt lat="-28.14783" lon="-65.8884">
        <ele>1593</ele>
        <time>2026-07-26T04:53:10+00:00</time>
      </trkpt>
      <trkpt lat="-28.14783" lon="-65.88841">
        <ele>1593</ele>
        <time>2026-07-26T04:53:13+00:00</time>
      </trkpt>
      <trkpt lat="-28.1512" lon="-65.88983">
        <ele>1579</ele>
        <time>2026-07-26T04:53:16+00:00</time>
      </trkpt>
      <trkpt lat="-28.15128" lon="-65.88983">
        <ele>1579</ele>
        <time>2026-07-26T04:53:19+00:00</time>
      </trkpt>
      <trkpt lat="-28.15133" lon="-65.88981">
        <ele>1579</ele>
        <time>2026-07-26T04:53:22+00:00</time>
      </trkpt>
      <trkpt lat="-28.15138" lon="-65.88976">
        <ele>1578</ele>
        <time>2026-07-26T04:53:25+00:00</time>
      </trkpt>
      <trkpt lat="-28.15147" lon="-65.88976">
        <ele>1578</ele>
        <time>2026-07-26T04:53:28+00:00</time>
      </trkpt>
      <trkpt lat="-28.15168" lon="-65.88971">
        <ele>1576</ele>
        <time>2026-07-26T04:53:31+00:00</time>
      </trkpt>
      <trkpt lat="-28.15174" lon="-65.88971">
        <ele>1576</ele>
        <time>2026-07-26T04:53:34+00:00</time>
      </trkpt>
      <trkpt lat="-28.1518" lon="-65.88969">
        <ele>1576</ele>
        <time>2026-07-26T04:53:37+00:00</time>
      </trkpt>
      <trkpt lat="-28.1519" lon="-65.88964">
        <ele>1575</ele>
        <time>2026-07-26T04:53:40+00:00</time>
      </trkpt>
      <trkpt lat="-28.15195" lon="-65.88961">
        <ele>1575</ele>
        <time>2026-07-26T04:53:43+00:00</time>
      </trkpt>
      <trkpt lat="-28.1522" lon="-65.8894">
        <ele>1572</ele>
        <time>2026-07-26T04:53:46+00:00</time>
      </trkpt>
      <trkpt lat="-28.15223" lon="-65.88938">
        <ele>1572</ele>
        <time>2026-07-26T04:53:49+00:00</time>
      </trkpt>
      <trkpt lat="-28.15227" lon="-65.88937">
        <ele>1571</ele>
        <time>2026-07-26T04:53:52+00:00</time>
      </trkpt>
      <trkpt lat="-28.1523" lon="-65.88939">
        <ele>1571</ele>
        <time>2026-07-26T04:53:55+00:00</time>
      </trkpt>
      <trkpt lat="-28.15232" lon="-65.88942">
        <ele>1571</ele>
        <time>2026-07-26T04:53:58+00:00</time>
      </trkpt>
      <trkpt lat="-28.15232" lon="-65.88947">
        <ele>1570</ele>
        <time>2026-07-26T04:54:01+00:00</time>
      </trkpt>
      <trkpt lat="-28.15228" lon="-65.88956">
        <ele>1570</ele>
        <time>2026-07-26T04:54:04+00:00</time>
      </trkpt>
      <trkpt lat="-28.15222" lon="-65.88966">
        <ele>1569</ele>
        <time>2026-07-26T04:54:07+00:00</time>
      </trkpt>
      <trkpt lat="-28.15203" lon="-65.88988">
        <ele>1567</ele>
        <time>2026-07-26T04:54:10+00:00</time>
      </trkpt>
      <trkpt lat="-28.15193" lon="-65.88997">
        <ele>1567</ele>
        <time>2026-07-26T04:54:13+00:00</time>
      </trkpt>
      <trkpt lat="-28.1519" lon="-65.89001">
        <ele>1566</ele>
        <time>2026-07-26T04:54:16+00:00</time>
      </trkpt>
      <trkpt lat="-28.1518" lon="-65.89009">
        <ele>1565</ele>
        <time>2026-07-26T04:54:19+00:00</time>
      </trkpt>
      <trkpt lat="-28.15171" lon="-65.89019">
        <ele>1565</ele>
        <time>2026-07-26T04:54:22+00:00</time>
      </trkpt>
      <trkpt lat="-28.15165" lon="-65.89027">
        <ele>1564</ele>
        <time>2026-07-26T04:54:25+00:00</time>
      </trkpt>
      <trkpt lat="-28.15151" lon="-65.89038">
        <ele>1563</ele>
        <time>2026-07-26T04:54:28+00:00</time>
      </trkpt>
      <trkpt lat="-28.15127" lon="-65.89061">
        <ele>1562</ele>
        <time>2026-07-26T04:54:31+00:00</time>
      </trkpt>
      <trkpt lat="-28.15123" lon="-65.89067">
        <ele>1562</ele>
        <time>2026-07-26T04:54:34+00:00</time>
      </trkpt>
      <trkpt lat="-28.15122" lon="-65.89071">
        <ele>1561</ele>
        <time>2026-07-26T04:54:37+00:00</time>
      </trkpt>
      <trkpt lat="-28.15123" lon="-65.89075">
        <ele>1561</ele>
        <time>2026-07-26T04:54:40+00:00</time>
      </trkpt>
      <trkpt lat="-28.15125" lon="-65.89077">
        <ele>1561</ele>
        <time>2026-07-26T04:54:43+00:00</time>
      </trkpt>
      <trkpt lat="-28.15132" lon="-65.89078">
        <ele>1560</ele>
        <time>2026-07-26T04:54:46+00:00</time>
      </trkpt>
      <trkpt lat="-28.15138" lon="-65.89077">
        <ele>1560</ele>
        <time>2026-07-26T04:54:49+00:00</time>
      </trkpt>
      <trkpt lat="-28.15146" lon="-65.89074">
        <ele>1559</ele>
        <time>2026-07-26T04:54:52+00:00</time>
      </trkpt>
      <trkpt lat="-28.15149" lon="-65.89073">
        <ele>1559</ele>
        <time>2026-07-26T04:54:55+00:00</time>
      </trkpt>
      <trkpt lat="-28.15158" lon="-65.89068">
        <ele>1558</ele>
        <time>2026-07-26T04:54:58+00:00</time>
      </trkpt>
      <trkpt lat="-28.15165" lon="-65.89065">
        <ele>1558</ele>
        <time>2026-07-26T04:55:01+00:00</time>
      </trkpt>
      <trkpt lat="-28.15185" lon="-65.89058">
        <ele>1556</ele>
        <time>2026-07-26T04:55:04+00:00</time>
      </trkpt>
      <trkpt lat="-28.15192" lon="-65.89056">
        <ele>1556</ele>
        <time>2026-07-26T04:55:07+00:00</time>
      </trkpt>
      <trkpt lat="-28.152" lon="-65.89053">
        <ele>1555</ele>
        <time>2026-07-26T04:55:10+00:00</time>
      </trkpt>
      <trkpt lat="-28.15211" lon="-65.89051">
        <ele>1554</ele>
        <time>2026-07-26T04:55:13+00:00</time>
      </trkpt>
      <trkpt lat="-28.15224" lon="-65.89048">
        <ele>1553</ele>
        <time>2026-07-26T04:55:16+00:00</time>
      </trkpt>
      <trkpt lat="-28.15231" lon="-65.89044">
        <ele>1552</ele>
        <time>2026-07-26T04:55:19+00:00</time>
      </trkpt>
      <trkpt lat="-28.15248" lon="-65.89039">
        <ele>1551</ele>
        <time>2026-07-26T04:55:22+00:00</time>
      </trkpt>
      <trkpt lat="-28.15265" lon="-65.89029">
        <ele>1551</ele>
        <time>2026-07-26T04:55:25+00:00</time>
      </trkpt>
      <trkpt lat="-28.15279" lon="-65.89024">
        <ele>1551</ele>
        <time>2026-07-26T04:55:28+00:00</time>
      </trkpt>
      <trkpt lat="-28.15285" lon="-65.89023">
        <ele>1551</ele>
        <time>2026-07-26T04:55:31+00:00</time>
      </trkpt>
      <trkpt lat="-28.15296" lon="-65.89024">
        <ele>1551</ele>
        <time>2026-07-26T04:55:34+00:00</time>
      </trkpt>
      <trkpt lat="-28.15311" lon="-65.89019">
        <ele>1551</ele>
        <time>2026-07-26T04:55:37+00:00</time>
      </trkpt>
      <trkpt lat="-28.1532" lon="-65.89016">
        <ele>1551</ele>
        <time>2026-07-26T04:55:40+00:00</time>
      </trkpt>
      <trkpt lat="-28.15326" lon="-65.89014">
        <ele>1551</ele>
        <time>2026-07-26T04:55:43+00:00</time>
      </trkpt>
      <trkpt lat="-28.15333" lon="-65.89014">
        <ele>1551</ele>
        <time>2026-07-26T04:55:46+00:00</time>
      </trkpt>
      <trkpt lat="-28.15344" lon="-65.89011">
        <ele>1551</ele>
        <time>2026-07-26T04:55:49+00:00</time>
      </trkpt>
      <trkpt lat="-28.15353" lon="-65.8901">
        <ele>1551</ele>
        <time>2026-07-26T04:55:52+00:00</time>
      </trkpt>
      <trkpt lat="-28.15362" lon="-65.89011">
        <ele>1551</ele>
        <time>2026-07-26T04:55:55+00:00</time>
      </trkpt>
      <trkpt lat="-28.15367" lon="-65.89009">
        <ele>1551</ele>
        <time>2026-07-26T04:55:58+00:00</time>
      </trkpt>
      <trkpt lat="-28.15372" lon="-65.89009">
        <ele>1551</ele>
        <time>2026-07-26T04:56:01+00:00</time>
      </trkpt>
      <trkpt lat="-28.1538" lon="-65.89006">
        <ele>1550</ele>
        <time>2026-07-26T04:56:04+00:00</time>
      </trkpt>
      <trkpt lat="-28.15386" lon="-65.89006">
        <ele>1550</ele>
        <time>2026-07-26T04:56:07+00:00</time>
      </trkpt>
      <trkpt lat="-28.15391" lon="-65.89004">
        <ele>1550</ele>
        <time>2026-07-26T04:56:10+00:00</time>
      </trkpt>
      <trkpt lat="-28.15398" lon="-65.89003">
        <ele>1549</ele>
        <time>2026-07-26T04:56:13+00:00</time>
      </trkpt>
      <trkpt lat="-28.15426" lon="-65.89009">
        <ele>1548</ele>
        <time>2026-07-26T04:56:16+00:00</time>
      </trkpt>
      <trkpt lat="-28.15435" lon="-65.89013">
        <ele>1547</ele>
        <time>2026-07-26T04:56:19+00:00</time>
      </trkpt>
      <trkpt lat="-28.15438" lon="-65.89013">
        <ele>1547</ele>
        <time>2026-07-26T04:56:22+00:00</time>
      </trkpt>
      <trkpt lat="-28.15447" lon="-65.89012">
        <ele>1547</ele>
        <time>2026-07-26T04:56:25+00:00</time>
      </trkpt>
      <trkpt lat="-28.15456" lon="-65.89007">
        <ele>1547</ele>
        <time>2026-07-26T04:56:28+00:00</time>
      </trkpt>
      <trkpt lat="-28.15467" lon="-65.88996">
        <ele>1546</ele>
        <time>2026-07-26T04:56:31+00:00</time>
      </trkpt>
      <trkpt lat="-28.15471" lon="-65.88992">
        <ele>1546</ele>
        <time>2026-07-26T04:56:34+00:00</time>
      </trkpt>
      <trkpt lat="-28.15483" lon="-65.88985">
        <ele>1545</ele>
        <time>2026-07-26T04:56:37+00:00</time>
      </trkpt>
      <trkpt lat="-28.15498" lon="-65.88981">
        <ele>1544</ele>
        <time>2026-07-26T04:56:40+00:00</time>
      </trkpt>
      <trkpt lat="-28.15514" lon="-65.88982">
        <ele>1543</ele>
        <time>2026-07-26T04:56:43+00:00</time>
      </trkpt>
      <trkpt lat="-28.15519" lon="-65.88983">
        <ele>1543</ele>
        <time>2026-07-26T04:56:46+00:00</time>
      </trkpt>
      <trkpt lat="-28.15532" lon="-65.88987">
        <ele>1542</ele>
        <time>2026-07-26T04:56:49+00:00</time>
      </trkpt>
      <trkpt lat="-28.15558" lon="-65.89001">
        <ele>1540</ele>
        <time>2026-07-26T04:56:52+00:00</time>
      </trkpt>
      <trkpt lat="-28.15574" lon="-65.89007">
        <ele>1539</ele>
        <time>2026-07-26T04:56:55+00:00</time>
      </trkpt>
      <trkpt lat="-28.15579" lon="-65.89008">
        <ele>1538</ele>
        <time>2026-07-26T04:56:58+00:00</time>
      </trkpt>
      <trkpt lat="-28.15588" lon="-65.89011">
        <ele>1537</ele>
        <time>2026-07-26T04:57:01+00:00</time>
      </trkpt>
      <trkpt lat="-28.156" lon="-65.89012">
        <ele>1536</ele>
        <time>2026-07-26T04:57:04+00:00</time>
      </trkpt>
      <trkpt lat="-28.15616" lon="-65.89017">
        <ele>1535</ele>
        <time>2026-07-26T04:57:07+00:00</time>
      </trkpt>
      <trkpt lat="-28.15623" lon="-65.89018">
        <ele>1535</ele>
        <time>2026-07-26T04:57:10+00:00</time>
      </trkpt>
      <trkpt lat="-28.1563" lon="-65.89015">
        <ele>1535</ele>
        <time>2026-07-26T04:57:13+00:00</time>
      </trkpt>
      <trkpt lat="-28.1564" lon="-65.89013">
        <ele>1534</ele>
        <time>2026-07-26T04:57:16+00:00</time>
      </trkpt>
      <trkpt lat="-28.15657" lon="-65.89005">
        <ele>1534</ele>
        <time>2026-07-26T04:57:19+00:00</time>
      </trkpt>
      <trkpt lat="-28.15682" lon="-65.88985">
        <ele>1532</ele>
        <time>2026-07-26T04:57:22+00:00</time>
      </trkpt>
      <trkpt lat="-28.15697" lon="-65.88976">
        <ele>1530</ele>
        <time>2026-07-26T04:57:25+00:00</time>
      </trkpt>
      <trkpt lat="-28.15711" lon="-65.88964">
        <ele>1529</ele>
        <time>2026-07-26T04:57:28+00:00</time>
      </trkpt>
      <trkpt lat="-28.15719" lon="-65.88953">
        <ele>1528</ele>
        <time>2026-07-26T04:57:31+00:00</time>
      </trkpt>
      <trkpt lat="-28.15724" lon="-65.88943">
        <ele>1528</ele>
        <time>2026-07-26T04:57:34+00:00</time>
      </trkpt>
      <trkpt lat="-28.15727" lon="-65.88937">
        <ele>1527</ele>
        <time>2026-07-26T04:57:37+00:00</time>
      </trkpt>
      <trkpt lat="-28.15731" lon="-65.88922">
        <ele>1527</ele>
        <time>2026-07-26T04:57:40+00:00</time>
      </trkpt>
      <trkpt lat="-28.15737" lon="-65.88908">
        <ele>1527</ele>
        <time>2026-07-26T04:57:43+00:00</time>
      </trkpt>
      <trkpt lat="-28.15742" lon="-65.88893">
        <ele>1527</ele>
        <time>2026-07-26T04:57:46+00:00</time>
      </trkpt>
      <trkpt lat="-28.15749" lon="-65.88882">
        <ele>1527</ele>
        <time>2026-07-26T04:57:49+00:00</time>
      </trkpt>
      <trkpt lat="-28.15763" lon="-65.88869">
        <ele>1527</ele>
        <time>2026-07-26T04:57:52+00:00</time>
      </trkpt>
      <trkpt lat="-28.15767" lon="-65.88867">
        <ele>1527</ele>
        <time>2026-07-26T04:57:55+00:00</time>
      </trkpt>
      <trkpt lat="-28.1578" lon="-65.8886">
        <ele>1527</ele>
        <time>2026-07-26T04:57:58+00:00</time>
      </trkpt>
      <trkpt lat="-28.15803" lon="-65.88852">
        <ele>1526</ele>
        <time>2026-07-26T04:58:01+00:00</time>
      </trkpt>
      <trkpt lat="-28.1582" lon="-65.88844">
        <ele>1526</ele>
        <time>2026-07-26T04:58:04+00:00</time>
      </trkpt>
      <trkpt lat="-28.15835" lon="-65.88838">
        <ele>1526</ele>
        <time>2026-07-26T04:58:07+00:00</time>
      </trkpt>
      <trkpt lat="-28.15864" lon="-65.88825">
        <ele>1525</ele>
        <time>2026-07-26T04:58:10+00:00</time>
      </trkpt>
      <trkpt lat="-28.15885" lon="-65.88816">
        <ele>1525</ele>
        <time>2026-07-26T04:58:13+00:00</time>
      </trkpt>
      <trkpt lat="-28.15893" lon="-65.88812">
        <ele>1525</ele>
        <time>2026-07-26T04:58:16+00:00</time>
      </trkpt>
      <trkpt lat="-28.15897" lon="-65.8881">
        <ele>1525</ele>
        <time>2026-07-26T04:58:19+00:00</time>
      </trkpt>
      <trkpt lat="-28.15914" lon="-65.88803">
        <ele>1525</ele>
        <time>2026-07-26T04:58:22+00:00</time>
      </trkpt>
      <trkpt lat="-28.1592" lon="-65.888">
        <ele>1525</ele>
        <time>2026-07-26T04:58:25+00:00</time>
      </trkpt>
      <trkpt lat="-28.15923" lon="-65.88797">
        <ele>1525</ele>
        <time>2026-07-26T04:58:28+00:00</time>
      </trkpt>
      <trkpt lat="-28.15941" lon="-65.8879">
        <ele>1524</ele>
        <time>2026-07-26T04:58:31+00:00</time>
      </trkpt>
      <trkpt lat="-28.15952" lon="-65.8879">
        <ele>1523</ele>
        <time>2026-07-26T04:58:34+00:00</time>
      </trkpt>
      <trkpt lat="-28.15958" lon="-65.88787">
        <ele>1523</ele>
        <time>2026-07-26T04:58:37+00:00</time>
      </trkpt>
      <trkpt lat="-28.15982" lon="-65.88783">
        <ele>1521</ele>
        <time>2026-07-26T04:58:40+00:00</time>
      </trkpt>
      <trkpt lat="-28.15988" lon="-65.88783">
        <ele>1521</ele>
        <time>2026-07-26T04:58:43+00:00</time>
      </trkpt>
      <trkpt lat="-28.16009" lon="-65.8878">
        <ele>1519</ele>
        <time>2026-07-26T04:58:46+00:00</time>
      </trkpt>
      <trkpt lat="-28.16019" lon="-65.88779">
        <ele>1519</ele>
        <time>2026-07-26T04:58:49+00:00</time>
      </trkpt>
      <trkpt lat="-28.16031" lon="-65.88777">
        <ele>1518</ele>
        <time>2026-07-26T04:58:52+00:00</time>
      </trkpt>
      <trkpt lat="-28.16053" lon="-65.88774">
        <ele>1517</ele>
        <time>2026-07-26T04:58:55+00:00</time>
      </trkpt>
      <trkpt lat="-28.16073" lon="-65.88773">
        <ele>1516</ele>
        <time>2026-07-26T04:58:58+00:00</time>
      </trkpt>
      <trkpt lat="-28.16089" lon="-65.8877">
        <ele>1516</ele>
        <time>2026-07-26T04:59:01+00:00</time>
      </trkpt>
      <trkpt lat="-28.16118" lon="-65.88767">
        <ele>1515</ele>
        <time>2026-07-26T04:59:04+00:00</time>
      </trkpt>
      <trkpt lat="-28.16127" lon="-65.88766">
        <ele>1515</ele>
        <time>2026-07-26T04:59:07+00:00</time>
      </trkpt>
      <trkpt lat="-28.16139" lon="-65.88764">
        <ele>1515</ele>
        <time>2026-07-26T04:59:10+00:00</time>
      </trkpt>
      <trkpt lat="-28.16159" lon="-65.88761">
        <ele>1514</ele>
        <time>2026-07-26T04:59:13+00:00</time>
      </trkpt>
      <trkpt lat="-28.16166" lon="-65.88762">
        <ele>1514</ele>
        <time>2026-07-26T04:59:16+00:00</time>
      </trkpt>
      <trkpt lat="-28.16183" lon="-65.88771">
        <ele>1514</ele>
        <time>2026-07-26T04:59:19+00:00</time>
      </trkpt>
      <trkpt lat="-28.16186" lon="-65.88774">
        <ele>1514</ele>
        <time>2026-07-26T04:59:22+00:00</time>
      </trkpt>
      <trkpt lat="-28.16189" lon="-65.88775">
        <ele>1514</ele>
        <time>2026-07-26T04:59:25+00:00</time>
      </trkpt>
      <trkpt lat="-28.16192" lon="-65.88777">
        <ele>1514</ele>
        <time>2026-07-26T04:59:28+00:00</time>
      </trkpt>
      <trkpt lat="-28.16194" lon="-65.88776">
        <ele>1514</ele>
        <time>2026-07-26T04:59:31+00:00</time>
      </trkpt>
      <trkpt lat="-28.16195" lon="-65.88776">
        <ele>1514</ele>
        <time>2026-07-26T04:59:34+00:00</time>
      </trkpt>
      <trkpt lat="-28.16196" lon="-65.88775">
        <ele>1514</ele>
        <time>2026-07-26T04:59:37+00:00</time>
      </trkpt>
      <trkpt lat="-28.16199" lon="-65.88776">
        <ele>1514</ele>
        <time>2026-07-26T04:59:40+00:00</time>
      </trkpt>
      <trkpt lat="-28.16205" lon="-65.88782">
        <ele>1514</ele>
        <time>2026-07-26T04:59:43+00:00</time>
      </trkpt>
      <trkpt lat="-28.16211" lon="-65.88789">
        <ele>1514</ele>
        <time>2026-07-26T04:59:46+00:00</time>
      </trkpt>
      <trkpt lat="-28.16215" lon="-65.88794">
        <ele>1514</ele>
        <time>2026-07-26T04:59:49+00:00</time>
      </trkpt>
      <trkpt lat="-28.16219" lon="-65.88796">
        <ele>1514</ele>
        <time>2026-07-26T04:59:52+00:00</time>
      </trkpt>
      <trkpt lat="-28.16227" lon="-65.88802">
        <ele>1514</ele>
        <time>2026-07-26T04:59:55+00:00</time>
      </trkpt>
      <trkpt lat="-28.16233" lon="-65.88804">
        <ele>1514</ele>
        <time>2026-07-26T04:59:58+00:00</time>
      </trkpt>
      <trkpt lat="-28.16236" lon="-65.88804">
        <ele>1514</ele>
        <time>2026-07-26T05:00:01+00:00</time>
      </trkpt>
      <trkpt lat="-28.16242" lon="-65.88802">
        <ele>1514</ele>
        <time>2026-07-26T05:00:04+00:00</time>
      </trkpt>
      <trkpt lat="-28.16247" lon="-65.88799">
        <ele>1514</ele>
        <time>2026-07-26T05:00:07+00:00</time>
      </trkpt>
      <trkpt lat="-28.16271" lon="-65.88779">
        <ele>1514</ele>
        <time>2026-07-26T05:00:10+00:00</time>
      </trkpt>
      <trkpt lat="-28.16289" lon="-65.88767">
        <ele>1514</ele>
        <time>2026-07-26T05:00:13+00:00</time>
      </trkpt>
      <trkpt lat="-28.16295" lon="-65.88765">
        <ele>1514</ele>
        <time>2026-07-26T05:00:16+00:00</time>
      </trkpt>
      <trkpt lat="-28.16309" lon="-65.88762">
        <ele>1515</ele>
        <time>2026-07-26T05:00:19+00:00</time>
      </trkpt>
      <trkpt lat="-28.16313" lon="-65.88762">
        <ele>1515</ele>
        <time>2026-07-26T05:00:22+00:00</time>
      </trkpt>
      <trkpt lat="-28.16318" lon="-65.88764">
        <ele>1515</ele>
        <time>2026-07-26T05:00:25+00:00</time>
      </trkpt>
      <trkpt lat="-28.16326" lon="-65.88765">
        <ele>1515</ele>
        <time>2026-07-26T05:00:28+00:00</time>
      </trkpt>
      <trkpt lat="-28.1634" lon="-65.88764">
        <ele>1515</ele>
        <time>2026-07-26T05:00:31+00:00</time>
      </trkpt>
      <trkpt lat="-28.16353" lon="-65.88766">
        <ele>1515</ele>
        <time>2026-07-26T05:00:34+00:00</time>
      </trkpt>
      <trkpt lat="-28.16363" lon="-65.88765">
        <ele>1515</ele>
        <time>2026-07-26T05:00:37+00:00</time>
      </trkpt>
      <trkpt lat="-28.16383" lon="-65.88766">
        <ele>1515</ele>
        <time>2026-07-26T05:00:40+00:00</time>
      </trkpt>
      <trkpt lat="-28.16386" lon="-65.88767">
        <ele>1515</ele>
        <time>2026-07-26T05:00:43+00:00</time>
      </trkpt>
      <trkpt lat="-28.16392" lon="-65.88771">
        <ele>1515</ele>
        <time>2026-07-26T05:00:46+00:00</time>
      </trkpt>
      <trkpt lat="-28.16402" lon="-65.88781">
        <ele>1515</ele>
        <time>2026-07-26T05:00:49+00:00</time>
      </trkpt>
      <trkpt lat="-28.16407" lon="-65.88784">
        <ele>1515</ele>
        <time>2026-07-26T05:00:52+00:00</time>
      </trkpt>
      <trkpt lat="-28.16411" lon="-65.88787">
        <ele>1515</ele>
        <time>2026-07-26T05:00:55+00:00</time>
      </trkpt>
      <trkpt lat="-28.16415" lon="-65.88789">
        <ele>1515</ele>
        <time>2026-07-26T05:00:58+00:00</time>
      </trkpt>
      <trkpt lat="-28.16421" lon="-65.8879">
        <ele>1515</ele>
        <time>2026-07-26T05:01:01+00:00</time>
      </trkpt>
      <trkpt lat="-28.16426" lon="-65.8879">
        <ele>1515</ele>
        <time>2026-07-26T05:01:04+00:00</time>
      </trkpt>
      <trkpt lat="-28.16435" lon="-65.88786">
        <ele>1515</ele>
        <time>2026-07-26T05:01:07+00:00</time>
      </trkpt>
      <trkpt lat="-28.16454" lon="-65.8878">
        <ele>1514</ele>
        <time>2026-07-26T05:01:10+00:00</time>
      </trkpt>
      <trkpt lat="-28.16468" lon="-65.88777">
        <ele>1514</ele>
        <time>2026-07-26T05:01:13+00:00</time>
      </trkpt>
      <trkpt lat="-28.16485" lon="-65.88771">
        <ele>1515</ele>
        <time>2026-07-26T05:01:16+00:00</time>
      </trkpt>
      <trkpt lat="-28.16504" lon="-65.88767">
        <ele>1515</ele>
        <time>2026-07-26T05:01:19+00:00</time>
      </trkpt>
      <trkpt lat="-28.16515" lon="-65.88767">
        <ele>1515</ele>
        <time>2026-07-26T05:01:22+00:00</time>
      </trkpt>
      <trkpt lat="-28.16524" lon="-65.88768">
        <ele>1515</ele>
        <time>2026-07-26T05:01:25+00:00</time>
      </trkpt>
      <trkpt lat="-28.16536" lon="-65.88772">
        <ele>1515</ele>
        <time>2026-07-26T05:01:28+00:00</time>
      </trkpt>
      <trkpt lat="-28.16546" lon="-65.88773">
        <ele>1515</ele>
        <time>2026-07-26T05:01:31+00:00</time>
      </trkpt>
      <trkpt lat="-28.16552" lon="-65.88773">
        <ele>1515</ele>
        <time>2026-07-26T05:01:34+00:00</time>
      </trkpt>
      <trkpt lat="-28.16558" lon="-65.88771">
        <ele>1515</ele>
        <time>2026-07-26T05:01:37+00:00</time>
      </trkpt>
      <trkpt lat="-28.16567" lon="-65.88766">
        <ele>1515</ele>
        <time>2026-07-26T05:01:40+00:00</time>
      </trkpt>
      <trkpt lat="-28.16578" lon="-65.88761">
        <ele>1515</ele>
        <time>2026-07-26T05:01:43+00:00</time>
      </trkpt>
      <trkpt lat="-28.16581" lon="-65.88759">
        <ele>1515</ele>
        <time>2026-07-26T05:01:46+00:00</time>
      </trkpt>
      <trkpt lat="-28.16591" lon="-65.88757">
        <ele>1515</ele>
        <time>2026-07-26T05:01:49+00:00</time>
      </trkpt>
      <trkpt lat="-28.16601" lon="-65.88758">
        <ele>1515</ele>
        <time>2026-07-26T05:01:52+00:00</time>
      </trkpt>
      <trkpt lat="-28.16604" lon="-65.8876">
        <ele>1515</ele>
        <time>2026-07-26T05:01:55+00:00</time>
      </trkpt>
      <trkpt lat="-28.16613" lon="-65.88763">
        <ele>1515</ele>
        <time>2026-07-26T05:01:58+00:00</time>
      </trkpt>
      <trkpt lat="-28.16625" lon="-65.8877">
        <ele>1515</ele>
        <time>2026-07-26T05:02:01+00:00</time>
      </trkpt>
      <trkpt lat="-28.16634" lon="-65.88773">
        <ele>1514</ele>
        <time>2026-07-26T05:02:04+00:00</time>
      </trkpt>
      <trkpt lat="-28.16647" lon="-65.88775">
        <ele>1514</ele>
        <time>2026-07-26T05:02:07+00:00</time>
      </trkpt>
      <trkpt lat="-28.16654" lon="-65.88775">
        <ele>1514</ele>
        <time>2026-07-26T05:02:10+00:00</time>
      </trkpt>
      <trkpt lat="-28.16656" lon="-65.88776">
        <ele>1514</ele>
        <time>2026-07-26T05:02:13+00:00</time>
      </trkpt>
      <trkpt lat="-28.16655" lon="-65.88775">
        <ele>1514</ele>
        <time>2026-07-26T05:02:16+00:00</time>
      </trkpt>
      <trkpt lat="-28.16657" lon="-65.88775">
        <ele>1514</ele>
        <time>2026-07-26T05:02:19+00:00</time>
      </trkpt>
      <trkpt lat="-28.16657" lon="-65.88776">
        <ele>1514</ele>
        <time>2026-07-26T05:02:22+00:00</time>
      </trkpt>
      <trkpt lat="-28.16661" lon="-65.88774">
        <ele>1513</ele>
        <time>2026-07-26T05:02:25+00:00</time>
      </trkpt>
      <trkpt lat="-28.16666" lon="-65.88774">
        <ele>1513</ele>
        <time>2026-07-26T05:02:28+00:00</time>
      </trkpt>
      <trkpt lat="-28.1667" lon="-65.88771">
        <ele>1513</ele>
        <time>2026-07-26T05:02:31+00:00</time>
      </trkpt>
      <trkpt lat="-28.16679" lon="-65.88768">
        <ele>1513</ele>
        <time>2026-07-26T05:02:34+00:00</time>
      </trkpt>
      <trkpt lat="-28.16684" lon="-65.88765">
        <ele>1512</ele>
        <time>2026-07-26T05:02:37+00:00</time>
      </trkpt>
      <trkpt lat="-28.16688" lon="-65.88761">
        <ele>1512</ele>
        <time>2026-07-26T05:02:40+00:00</time>
      </trkpt>
      <trkpt lat="-28.16704" lon="-65.88752">
        <ele>1511</ele>
        <time>2026-07-26T05:02:43+00:00</time>
      </trkpt>
      <trkpt lat="-28.16709" lon="-65.88749">
        <ele>1511</ele>
        <time>2026-07-26T05:02:46+00:00</time>
      </trkpt>
      <trkpt lat="-28.16732" lon="-65.88739">
        <ele>1509</ele>
        <time>2026-07-26T05:02:49+00:00</time>
      </trkpt>
      <trkpt lat="-28.16742" lon="-65.88732">
        <ele>1509</ele>
        <time>2026-07-26T05:02:52+00:00</time>
      </trkpt>
      <trkpt lat="-28.16751" lon="-65.88727">
        <ele>1508</ele>
        <time>2026-07-26T05:02:55+00:00</time>
      </trkpt>
      <trkpt lat="-28.16764" lon="-65.88717">
        <ele>1508</ele>
        <time>2026-07-26T05:02:58+00:00</time>
      </trkpt>
      <trkpt lat="-28.1678" lon="-65.88709">
        <ele>1507</ele>
        <time>2026-07-26T05:03:01+00:00</time>
      </trkpt>
      <trkpt lat="-28.16787" lon="-65.88705">
        <ele>1506</ele>
        <time>2026-07-26T05:03:04+00:00</time>
      </trkpt>
      <trkpt lat="-28.16794" lon="-65.88705">
        <ele>1506</ele>
        <time>2026-07-26T05:03:07+00:00</time>
      </trkpt>
      <trkpt lat="-28.16799" lon="-65.88703">
        <ele>1506</ele>
        <time>2026-07-26T05:03:10+00:00</time>
      </trkpt>
      <trkpt lat="-28.16812" lon="-65.88703">
        <ele>1505</ele>
        <time>2026-07-26T05:03:13+00:00</time>
      </trkpt>
      <trkpt lat="-28.16825" lon="-65.88705">
        <ele>1504</ele>
        <time>2026-07-26T05:03:16+00:00</time>
      </trkpt>
      <trkpt lat="-28.1684" lon="-65.88707">
        <ele>1504</ele>
        <time>2026-07-26T05:03:19+00:00</time>
      </trkpt>
      <trkpt lat="-28.16847" lon="-65.88708">
        <ele>1503</ele>
        <time>2026-07-26T05:03:22+00:00</time>
      </trkpt>
      <trkpt lat="-28.16858" lon="-65.88705">
        <ele>1503</ele>
        <time>2026-07-26T05:03:25+00:00</time>
      </trkpt>
      <trkpt lat="-28.16871" lon="-65.88704">
        <ele>1502</ele>
        <time>2026-07-26T05:03:28+00:00</time>
      </trkpt>
      <trkpt lat="-28.16884" lon="-65.88699">
        <ele>1502</ele>
        <time>2026-07-26T05:03:31+00:00</time>
      </trkpt>
      <trkpt lat="-28.16893" lon="-65.88697">
        <ele>1501</ele>
        <time>2026-07-26T05:03:34+00:00</time>
      </trkpt>
      <trkpt lat="-28.16905" lon="-65.88696">
        <ele>1500</ele>
        <time>2026-07-26T05:03:37+00:00</time>
      </trkpt>
      <trkpt lat="-28.16909" lon="-65.88696">
        <ele>1500</ele>
        <time>2026-07-26T05:03:40+00:00</time>
      </trkpt>
      <trkpt lat="-28.16915" lon="-65.88694">
        <ele>1500</ele>
        <time>2026-07-26T05:03:43+00:00</time>
      </trkpt>
      <trkpt lat="-28.16921" lon="-65.88693">
        <ele>1500</ele>
        <time>2026-07-26T05:03:46+00:00</time>
      </trkpt>
      <trkpt lat="-28.1693" lon="-65.88692">
        <ele>1499</ele>
        <time>2026-07-26T05:03:49+00:00</time>
      </trkpt>
      <trkpt lat="-28.16942" lon="-65.88695">
        <ele>1498</ele>
        <time>2026-07-26T05:03:52+00:00</time>
      </trkpt>
      <trkpt lat="-28.16945" lon="-65.88695">
        <ele>1498</ele>
        <time>2026-07-26T05:03:55+00:00</time>
      </trkpt>
      <trkpt lat="-28.16954" lon="-65.88698">
        <ele>1497</ele>
        <time>2026-07-26T05:03:58+00:00</time>
      </trkpt>
      <trkpt lat="-28.16964" lon="-65.88704">
        <ele>1496</ele>
        <time>2026-07-26T05:04:01+00:00</time>
      </trkpt>
      <trkpt lat="-28.16968" lon="-65.88704">
        <ele>1496</ele>
        <time>2026-07-26T05:04:04+00:00</time>
      </trkpt>
      <trkpt lat="-28.16977" lon="-65.88708">
        <ele>1495</ele>
        <time>2026-07-26T05:04:07+00:00</time>
      </trkpt>
      <trkpt lat="-28.16985" lon="-65.88711">
        <ele>1495</ele>
        <time>2026-07-26T05:04:10+00:00</time>
      </trkpt>
      <trkpt lat="-28.16986" lon="-65.88712">
        <ele>1494</ele>
        <time>2026-07-26T05:04:13+00:00</time>
      </trkpt>
      <trkpt lat="-28.16987" lon="-65.88714">
        <ele>1494</ele>
        <time>2026-07-26T05:04:16+00:00</time>
      </trkpt>
      <trkpt lat="-28.1699" lon="-65.88716">
        <ele>1494</ele>
        <time>2026-07-26T05:04:19+00:00</time>
      </trkpt>
      <trkpt lat="-28.16998" lon="-65.88715">
        <ele>1493</ele>
        <time>2026-07-26T05:04:22+00:00</time>
      </trkpt>
      <trkpt lat="-28.17003" lon="-65.88712">
        <ele>1493</ele>
        <time>2026-07-26T05:04:25+00:00</time>
      </trkpt>
      <trkpt lat="-28.17007" lon="-65.88711">
        <ele>1493</ele>
        <time>2026-07-26T05:04:28+00:00</time>
      </trkpt>
      <trkpt lat="-28.1701" lon="-65.88709">
        <ele>1492</ele>
        <time>2026-07-26T05:04:31+00:00</time>
      </trkpt>
      <trkpt lat="-28.17014" lon="-65.88703">
        <ele>1492</ele>
        <time>2026-07-26T05:04:34+00:00</time>
      </trkpt>
      <trkpt lat="-28.17018" lon="-65.88691">
        <ele>1491</ele>
        <time>2026-07-26T05:04:37+00:00</time>
      </trkpt>
      <trkpt lat="-28.17034" lon="-65.88669">
        <ele>1489</ele>
        <time>2026-07-26T05:04:40+00:00</time>
      </trkpt>
      <trkpt lat="-28.17043" lon="-65.8865">
        <ele>1488</ele>
        <time>2026-07-26T05:04:43+00:00</time>
      </trkpt>
      <trkpt lat="-28.17044" lon="-65.88646">
        <ele>1488</ele>
        <time>2026-07-26T05:04:46+00:00</time>
      </trkpt>
      <trkpt lat="-28.17047" lon="-65.8864">
        <ele>1487</ele>
        <time>2026-07-26T05:04:49+00:00</time>
      </trkpt>
      <trkpt lat="-28.17049" lon="-65.88634">
        <ele>1487</ele>
        <time>2026-07-26T05:04:52+00:00</time>
      </trkpt>
      <trkpt lat="-28.17051" lon="-65.88628">
        <ele>1486</ele>
        <time>2026-07-26T05:04:55+00:00</time>
      </trkpt>
      <trkpt lat="-28.17056" lon="-65.88619">
        <ele>1485</ele>
        <time>2026-07-26T05:04:58+00:00</time>
      </trkpt>
      <trkpt lat="-28.17078" lon="-65.88599">
        <ele>1483</ele>
        <time>2026-07-26T05:05:01+00:00</time>
      </trkpt>
      <trkpt lat="-28.1708" lon="-65.88596">
        <ele>1483</ele>
        <time>2026-07-26T05:05:04+00:00</time>
      </trkpt>
      <trkpt lat="-28.17092" lon="-65.88584">
        <ele>1481</ele>
        <time>2026-07-26T05:05:07+00:00</time>
      </trkpt>
      <trkpt lat="-28.17098" lon="-65.88577">
        <ele>1481</ele>
        <time>2026-07-26T05:05:10+00:00</time>
      </trkpt>
      <trkpt lat="-28.17102" lon="-65.88574">
        <ele>1480</ele>
        <time>2026-07-26T05:05:13+00:00</time>
      </trkpt>
      <trkpt lat="-28.17112" lon="-65.88568">
        <ele>1480</ele>
        <time>2026-07-26T05:05:16+00:00</time>
      </trkpt>
      <trkpt lat="-28.17123" lon="-65.88557">
        <ele>1480</ele>
        <time>2026-07-26T05:05:19+00:00</time>
      </trkpt>
      <trkpt lat="-28.17139" lon="-65.88544">
        <ele>1479</ele>
        <time>2026-07-26T05:05:22+00:00</time>
      </trkpt>
      <trkpt lat="-28.17145" lon="-65.88536">
        <ele>1479</ele>
        <time>2026-07-26T05:05:25+00:00</time>
      </trkpt>
      <trkpt lat="-28.17152" lon="-65.8853">
        <ele>1478</ele>
        <time>2026-07-26T05:05:28+00:00</time>
      </trkpt>
      <trkpt lat="-28.17158" lon="-65.88527">
        <ele>1478</ele>
        <time>2026-07-26T05:05:31+00:00</time>
      </trkpt>
      <trkpt lat="-28.1719" lon="-65.88502">
        <ele>1475</ele>
        <time>2026-07-26T05:05:34+00:00</time>
      </trkpt>
      <trkpt lat="-28.17197" lon="-65.88498">
        <ele>1475</ele>
        <time>2026-07-26T05:05:37+00:00</time>
      </trkpt>
      <trkpt lat="-28.17205" lon="-65.88496">
        <ele>1474</ele>
        <time>2026-07-26T05:05:40+00:00</time>
      </trkpt>
      <trkpt lat="-28.17215" lon="-65.88492">
        <ele>1474</ele>
        <time>2026-07-26T05:05:43+00:00</time>
      </trkpt>
      <trkpt lat="-28.17231" lon="-65.88484">
        <ele>1473</ele>
        <time>2026-07-26T05:05:46+00:00</time>
      </trkpt>
      <trkpt lat="-28.17249" lon="-65.88473">
        <ele>1472</ele>
        <time>2026-07-26T05:05:49+00:00</time>
      </trkpt>
      <trkpt lat="-28.17258" lon="-65.88468">
        <ele>1471</ele>
        <time>2026-07-26T05:05:52+00:00</time>
      </trkpt>
      <trkpt lat="-28.17267" lon="-65.88465">
        <ele>1471</ele>
        <time>2026-07-26T05:05:55+00:00</time>
      </trkpt>
      <trkpt lat="-28.17271" lon="-65.88463">
        <ele>1471</ele>
        <time>2026-07-26T05:05:58+00:00</time>
      </trkpt>
      <trkpt lat="-28.17281" lon="-65.88461">
        <ele>1470</ele>
        <time>2026-07-26T05:06:01+00:00</time>
      </trkpt>
      <trkpt lat="-28.17293" lon="-65.88457">
        <ele>1469</ele>
        <time>2026-07-26T05:06:04+00:00</time>
      </trkpt>
      <trkpt lat="-28.17299" lon="-65.88454">
        <ele>1469</ele>
        <time>2026-07-26T05:06:07+00:00</time>
      </trkpt>
      <trkpt lat="-28.17316" lon="-65.88447">
        <ele>1468</ele>
        <time>2026-07-26T05:06:10+00:00</time>
      </trkpt>
      <trkpt lat="-28.17333" lon="-65.88437">
        <ele>1467</ele>
        <time>2026-07-26T05:06:13+00:00</time>
      </trkpt>
      <trkpt lat="-28.17339" lon="-65.88437">
        <ele>1467</ele>
        <time>2026-07-26T05:06:16+00:00</time>
      </trkpt>
      <trkpt lat="-28.17343" lon="-65.88438">
        <ele>1467</ele>
        <time>2026-07-26T05:06:19+00:00</time>
      </trkpt>
      <trkpt lat="-28.17345" lon="-65.8844">
        <ele>1467</ele>
        <time>2026-07-26T05:06:22+00:00</time>
      </trkpt>
      <trkpt lat="-28.17349" lon="-65.88455">
        <ele>1466</ele>
        <time>2026-07-26T05:06:25+00:00</time>
      </trkpt>
      <trkpt lat="-28.17352" lon="-65.88462">
        <ele>1465</ele>
        <time>2026-07-26T05:06:28+00:00</time>
      </trkpt>
      <trkpt lat="-28.17353" lon="-65.88466">
        <ele>1465</ele>
        <time>2026-07-26T05:06:31+00:00</time>
      </trkpt>
      <trkpt lat="-28.17357" lon="-65.8847">
        <ele>1464</ele>
        <time>2026-07-26T05:06:34+00:00</time>
      </trkpt>
      <trkpt lat="-28.17358" lon="-65.8847">
        <ele>1464</ele>
        <time>2026-07-26T05:06:37+00:00</time>
      </trkpt>
      <trkpt lat="-28.17362" lon="-65.88469">
        <ele>1464</ele>
        <time>2026-07-26T05:06:40+00:00</time>
      </trkpt>
      <trkpt lat="-28.17367" lon="-65.88466">
        <ele>1463</ele>
        <time>2026-07-26T05:06:43+00:00</time>
      </trkpt>
      <trkpt lat="-28.17374" lon="-65.88455">
        <ele>1462</ele>
        <time>2026-07-26T05:06:46+00:00</time>
      </trkpt>
      <trkpt lat="-28.17385" lon="-65.88423">
        <ele>1460</ele>
        <time>2026-07-26T05:06:49+00:00</time>
      </trkpt>
      <trkpt lat="-28.17388" lon="-65.88412">
        <ele>1459</ele>
        <time>2026-07-26T05:06:52+00:00</time>
      </trkpt>
      <trkpt lat="-28.17389" lon="-65.88403">
        <ele>1459</ele>
        <time>2026-07-26T05:06:55+00:00</time>
      </trkpt>
      <trkpt lat="-28.17388" lon="-65.884">
        <ele>1458</ele>
        <time>2026-07-26T05:06:58+00:00</time>
      </trkpt>
      <trkpt lat="-28.17385" lon="-65.88395">
        <ele>1458</ele>
        <time>2026-07-26T05:07:01+00:00</time>
      </trkpt>
      <trkpt lat="-28.1738" lon="-65.88391">
        <ele>1458</ele>
        <time>2026-07-26T05:07:04+00:00</time>
      </trkpt>
      <trkpt lat="-28.17374" lon="-65.88391">
        <ele>1457</ele>
        <time>2026-07-26T05:07:07+00:00</time>
      </trkpt>
      <trkpt lat="-28.17369" lon="-65.88391">
        <ele>1457</ele>
        <time>2026-07-26T05:07:10+00:00</time>
      </trkpt>
      <trkpt lat="-28.17362" lon="-65.8839">
        <ele>1456</ele>
        <time>2026-07-26T05:07:13+00:00</time>
      </trkpt>
      <trkpt lat="-28.17355" lon="-65.8839">
        <ele>1456</ele>
        <time>2026-07-26T05:07:16+00:00</time>
      </trkpt>
      <trkpt lat="-28.17348" lon="-65.88389">
        <ele>1455</ele>
        <time>2026-07-26T05:07:19+00:00</time>
      </trkpt>
      <trkpt lat="-28.1734" lon="-65.88389">
        <ele>1455</ele>
        <time>2026-07-26T05:07:22+00:00</time>
      </trkpt>
      <trkpt lat="-28.17333" lon="-65.8839">
        <ele>1454</ele>
        <time>2026-07-26T05:07:25+00:00</time>
      </trkpt>
      <trkpt lat="-28.17328" lon="-65.88391">
        <ele>1454</ele>
        <time>2026-07-26T05:07:28+00:00</time>
      </trkpt>
      <trkpt lat="-28.17325" lon="-65.88389">
        <ele>1453</ele>
        <time>2026-07-26T05:07:31+00:00</time>
      </trkpt>
      <trkpt lat="-28.17322" lon="-65.88387">
        <ele>1453</ele>
        <time>2026-07-26T05:07:34+00:00</time>
      </trkpt>
      <trkpt lat="-28.17321" lon="-65.8838">
        <ele>1452</ele>
        <time>2026-07-26T05:07:37+00:00</time>
      </trkpt>
      <trkpt lat="-28.17323" lon="-65.88374">
        <ele>1452</ele>
        <time>2026-07-26T05:07:40+00:00</time>
      </trkpt>
      <trkpt lat="-28.17327" lon="-65.88371">
        <ele>1452</ele>
        <time>2026-07-26T05:07:43+00:00</time>
      </trkpt>
      <trkpt lat="-28.17337" lon="-65.88368">
        <ele>1451</ele>
        <time>2026-07-26T05:07:46+00:00</time>
      </trkpt>
      <trkpt lat="-28.1734" lon="-65.88367">
        <ele>1451</ele>
        <time>2026-07-26T05:07:49+00:00</time>
      </trkpt>
      <trkpt lat="-28.17344" lon="-65.88365">
        <ele>1450</ele>
        <time>2026-07-26T05:07:52+00:00</time>
      </trkpt>
      <trkpt lat="-28.17346" lon="-65.88364">
        <ele>1450</ele>
        <time>2026-07-26T05:07:55+00:00</time>
      </trkpt>
      <trkpt lat="-28.17357" lon="-65.88365">
        <ele>1449</ele>
        <time>2026-07-26T05:07:58+00:00</time>
      </trkpt>
      <trkpt lat="-28.17364" lon="-65.88362">
        <ele>1449</ele>
        <time>2026-07-26T05:08:01+00:00</time>
      </trkpt>
      <trkpt lat="-28.17372" lon="-65.88362">
        <ele>1448</ele>
        <time>2026-07-26T05:08:04+00:00</time>
      </trkpt>
      <trkpt lat="-28.17379" lon="-65.8836">
        <ele>1448</ele>
        <time>2026-07-26T05:08:07+00:00</time>
      </trkpt>
      <trkpt lat="-28.17392" lon="-65.88362">
        <ele>1447</ele>
        <time>2026-07-26T05:08:10+00:00</time>
      </trkpt>
      <trkpt lat="-28.17398" lon="-65.88362">
        <ele>1447</ele>
        <time>2026-07-26T05:08:13+00:00</time>
      </trkpt>
      <trkpt lat="-28.17415" lon="-65.88367">
        <ele>1445</ele>
        <time>2026-07-26T05:08:16+00:00</time>
      </trkpt>
      <trkpt lat="-28.17436" lon="-65.8837">
        <ele>1444</ele>
        <time>2026-07-26T05:08:19+00:00</time>
      </trkpt>
      <trkpt lat="-28.17446" lon="-65.88373">
        <ele>1443</ele>
        <time>2026-07-26T05:08:22+00:00</time>
      </trkpt>
      <trkpt lat="-28.1745" lon="-65.88374">
        <ele>1443</ele>
        <time>2026-07-26T05:08:25+00:00</time>
      </trkpt>
      <trkpt lat="-28.17466" lon="-65.88384">
        <ele>1442</ele>
        <time>2026-07-26T05:08:28+00:00</time>
      </trkpt>
      <trkpt lat="-28.17475" lon="-65.88392">
        <ele>1442</ele>
        <time>2026-07-26T05:08:31+00:00</time>
      </trkpt>
      <trkpt lat="-28.17485" lon="-65.88403">
        <ele>1441</ele>
        <time>2026-07-26T05:08:34+00:00</time>
      </trkpt>
      <trkpt lat="-28.1749" lon="-65.88406">
        <ele>1441</ele>
        <time>2026-07-26T05:08:37+00:00</time>
      </trkpt>
      <trkpt lat="-28.1749" lon="-65.88408">
        <ele>1441</ele>
        <time>2026-07-26T05:08:40+00:00</time>
      </trkpt>
      <trkpt lat="-28.17496" lon="-65.88412">
        <ele>1441</ele>
        <time>2026-07-26T05:08:43+00:00</time>
      </trkpt>
      <trkpt lat="-28.17498" lon="-65.88414">
        <ele>1441</ele>
        <time>2026-07-26T05:08:46+00:00</time>
      </trkpt>
      <trkpt lat="-28.17499" lon="-65.88415">
        <ele>1441</ele>
        <time>2026-07-26T05:08:49+00:00</time>
      </trkpt>
      <trkpt lat="-28.17503" lon="-65.88415">
        <ele>1441</ele>
        <time>2026-07-26T05:08:52+00:00</time>
      </trkpt>
      <trkpt lat="-28.17507" lon="-65.88412">
        <ele>1440</ele>
        <time>2026-07-26T05:08:55+00:00</time>
      </trkpt>
      <trkpt lat="-28.17518" lon="-65.88402">
        <ele>1439</ele>
        <time>2026-07-26T05:08:58+00:00</time>
      </trkpt>
      <trkpt lat="-28.17463" lon="-65.88373">
        <ele>1443</ele>
        <time>2026-07-26T05:09:01+00:00</time>
      </trkpt>
    </trkseg>
  </trk>
</gpx>
